<?xml version="1.0" encoding="UTF-8"?>
<monster name="Darakan the Executioner" nameDescription="Darakan the Executioner" race="blood" experience="1600" speed="310" manacost="0">
	<health now="3480" max="3480"/>
	<look type="255" head="78" body="95" legs="49" feet="95" corpse="7349"/>
	<strategy attack="100" defense="0"/>
	<flags>
		<flag summonable="0"/>
		<flag attackable="1"/>
		<flag hostile="1"/>
		<flag illusionable="0"/>
		<flag convinceable="0"/>
		<flag pushable="0"/>
		<flag canpushitems="1"/>
    		<flag staticattack="90" />
		<flag targetdistance="1"/>
	</flags>
	<attacks>
		<attack name="melee" interval="2000" skill="65" attack="70"/>
		<attack name="physical" interval="2000" chance="6" range="5" min="-0" max="-145">
			<attribute key="shootEffect" value="spear"/>
		</attack>
	</attacks>
	<defenses armor="30" defense="31">
		<defense name="healing" interval="2000" chance="8" min="55" max="90">
			<attribute key="areaEffect" value="greenshimmer"/>
		</defense>
	</defenses>
	<elements>
		<element icePercent="15"/>
		<element firePercent="-15"/>
	</elements>
	<immunities>
		<immunity outfit="1"/>
		<immunity drunk="1"/>
		<immunity invisible="1"/>
	</immunities>
	<voices interval="2000" chance="5">
		<voice sentence="FIGHT LIKE A BARBARIAN!" yell="1"/>
		<voice sentence="VICTORY IS MINE!" yell="1"/>
		<voice sentence="I AM your father!"/>
		<voice sentence="To be the man you have to beat the man!"/>
	</voices>
</monster>
