<?xml version="1.0" encoding="UTF-8"?>
<monster name="Deathbringer" nameDescription="Deathbringer" race="undead" experience="5100" speed="340" manacost="0">
	<health now="8440" max="8440"/>
	<look type="231" corpse="7349"/>
	<strategy attack="100" defense="0"/>
	<flags>
		<flag summonable="0"/>
		<flag attackable="1"/>
		<flag hostile="1"/>
		<flag illusionable="0"/>
		<flag convinceable="0"/>
    		<flag staticattack="90" />
		<flag pushable="0"/>
		<flag canpushitems="1"/>
		<flag targetdistance="1"/>
	</flags>
	<attacks>
		<attack name="melee" interval="2000" skill="50" attack="155"/>
		<attack name="lifedrain" interval="2000" chance="13" range="7" radius="4" target="1" min="-115" max="-240">
			<attribute key="shootEffect" value="poison"/>
			<attribute key="areaEffect" value="redspark"/>
		</attack>
		<attack name="poison" interval="2000" chance="13" range="7" radius="4" target="1" min="-55" max="-305">
			<attribute key="shootEffect" value="poison"/>
			<attribute key="areaEffect" value="poison"/>
		</attack>
		<attack name="physical" interval="2000" chance="14" range="7" radius="1" target="1" min="-0" max="-280">
			<attribute key="shootEffect" value="death"/>
			<attribute key="areaEffect" value="mortarea"/>
		</attack>
		<attack name="poison" interval="2000" chance="12" length="8" spread="3" min="-455" max="-600">
			<attribute key="areaEffect" value="poison"/>
		</attack>
		<attack name="deathbringer drown" interval="2000" chance="10"/>
		<attack name="lifedrain" interval="2000" chance="12" length="8" spread="3" min="-230" max="-685">
			<attribute key="areaEffect" value="redshimmer"/>
		</attack>
	</attacks>
	<defenses armor="52" defense="65">
		<defense name="healing" interval="2000" chance="7" min="140" max="170">
			<attribute key="areaEffect" value="redshimmer"/>
		</defense>
	</defenses>
	<elements>
		<element energyPercent="-10"/>
		<element holyPercent="-10"/>
	</elements>
	<immunities>
		<immunity death="1"/>
		<immunity fire="1"/>
		<immunity ice="1"/>
		<immunity earth="1"/>
		<immunity outfit="1"/>
		<immunity drunk="1"/>
		<immunity invisible="1"/>
	</immunities>
	<voices interval="2000" chance="5">
		<voice sentence="YOU FOOLS WILL PAY!" yell="1"/>
		<voice sentence="YOU ALL WILL DIE!!" yell="1"/>
		<voice sentence="DEATH, DESTRUCTION!" yell="1"/>
		<voice sentence="I will eat your soul!"/>
	</voices>
</monster>
