<?xml version="1.0" encoding="UTF-8"?>
<monster name="Fallen Mooh'tah Master Ghar" nameDescription="Fallen Mooh'Tah Master Ghar" race="blood" experience="4400" speed="330" manacost="0">
	<health now="7990" max="7990"/>
	<look type="29" corpse="7349"/>
	<strategy attack="100" defense="0"/>
	<flags>
		<flag summonable="0"/>
		<flag attackable="1"/>
		<flag hostile="1"/>
		<flag illusionable="0"/>
		<flag convinceable="0"/>
		<flag pushable="0"/>
    		<flag staticattack="90" />
		<flag canpushitems="1"/>
		<flag targetdistance="1"/>
	</flags>
	<attacks>
		<attack name="melee" interval="2000" skill="60" attack="150" poison="360"/>
		<attack name="fire" interval="2000" chance="13" length="8" spread="3" min="-45" max="-300">
			<attribute key="areaEffect" value="firearea"/>
		</attack>
		<attack name="fire" interval="2000" chance="10" range="7" target="1" min="-115" max="-195">
			<attribute key="shootEffect" value="fire"/>
		</attack>
		<attack name="poison" interval="2000" chance="10" range="7" target="1" min="-130" max="-275">
			<attribute key="shootEffect" value="poison"/>
		</attack>
		<attack name="lifedrain" interval="2000" target="1" range="7" chance="18" min="-195" max="-255">
			<attribute key="shootEffect" value="death"/>
			<attribute key="areaEffect" value="mortarea"/>
		</attack>
		<attack name="poison" interval="2000" chance="13" length="8" spread="3" min="-60" max="-325">
			<attribute key="areaEffect" value="poison"/>
		</attack>
	</attacks>
	<defenses armor="40" defense="48">
		<defense name="speed" interval="2000" chance="9" duration="5000" speedchange="482">
			<attribute key="areaEffect" value="redshimmer"/>
		</defense>
		<defense name="healing" interval="2000" chance="11" min="80" max="100">
			<attribute key="areaEffect" value="greenspark"/>
		</defense>
	</defenses>
	<elements>
		<element firePercent="60"/>
		<element energyPercent="20"/>
	</elements>
	<immunities>
		<immunity outfit="1"/>
		<immunity drunk="1"/>
		<immunity invisible="1"/>
	</immunities>
	<voices interval="2000" chance="5">
		<voice sentence="I will finish you!"/>
		<voice sentence="You are no match for a master of the Mooh'Tah!"/>
		<voice sentence="I might be fallen but you will fall before me!"/>
		<voice sentence="I still know the ways of the Mooh'Tah."/>
	</voices>
</monster>
