<?xml version="1.0" encoding="UTF-8"?>
	<monster name="Gnorre Chyllson" nameDescription="Gnorre Chyllson" race="blood" experience="4000" speed="400" manacost="0">
	<health now="7150" max="7150"/>
	<look type="251" head="9" body="7" legs="11" feet="85" addons="1" corpse="7349"/>
	<strategy attack="100" defense="0"/>
	<flags>
		<flag summonable="0"/>
		<flag attackable="1"/>
		<flag hostile="1"/>
		<flag illusionable="0"/>
		<flag convinceable="0"/>
		<flag pushable="0"/>
    		<flag staticattack="90" />
		<flag canpushitems="1"/>
		<flag targetdistance="1"/>
	</flags>
	<attacks>
		<attack name="melee" interval="2000" skill="60" attack="130"/>
		<attack name="lifedrain" interval="2000" chance="8" radius="3" target="0" min="-60" max="-245">
			<attribute key="areaEffect" value="blackspark"/>
		</attack>
		<attack name="gnorre chyllson skill reducer" interval="2000" chance="13"/>
		<attack name="gnorre chyllson drown" interval="2000" chance="10"/>
		<attack name="physical" interval="2000" chance="8" range="7" min="-0" max="-70">
			<attribute key="shootEffect" value="snowball"/>
			<attribute key="areaEffect" value="bluebubble"/>
		</attack>
		<attack name="lifedrain" interval="2000" chance="11" length="7" spread="0" min="-120" max="-270">
			<attribute key="areaEffect" value="bluenote"/>
		</attack>
		<attack name="deathbringer drown" interval="2000" chance="10"/>
		<attack name="gnorre chyllson paralyze" interval="2000" chance="12" range="1"/>
	</attacks>
	<defenses armor="51" defense="52">
		<defense name="healing" interval="2000" chance="10" min="95" max="135">
			<attribute key="areaEffect" value="redshimmer"/>
		</defense>
		<defense name="speed" interval="2000" chance="12" duration="3000" speedchange="928">
			<attribute key="areaEffect" value="redshimmer"/>
		</defense>
	</defenses>
	<elements>
		<element energyPercent="-10"/>
		<element holyPercent="5"/>
		<element physicalPercent="-15"/>
	</elements>
	<immunities>
		<immunity fire="1"/>
		<immunity ice="1"/>
		<immunity earth="1"/>
		<immunity paralyze="1"/>
		<immunity outfit="1"/>
		<immunity drunk="1"/>
		<immunity invisible="1"/>
	</immunities>
	<voices interval="2000" chance="5">
		<voice sentence="I am like the merciless northwind."/>
		<voice sentence="Snow will be your death shroud."/>
		<voice sentence="Feel the wrath of father chyll!"/>
	</voices>
</monster>
