<?xml version="1.0" encoding="UTF-8"?>
<monster name="Norgle Glacierbeard" nameDescription="Norgle Glacierbeard" race="blood" experience="2100" speed="284" manacost="0">
	<health now="4280" max="4280"/>
	<look type="257" corpse="7349"/>
	<strategy attack="100" defense="0"/>
	<flags>
		<flag summonable="0"/>
		<flag attackable="1"/>
		<flag hostile="1"/>
		<flag illusionable="0"/>
		<flag convinceable="0"/>
		<flag pushable="0"/>
		<flag canpushitems="1"/>
    		<flag staticattack="90" />
		<flag targetdistance="1"/>
	</flags>
	<attacks>
		<attack name="melee" interval="2000" skill="85" attack="64"/>
		<attack name="lifedrain" interval="2000" chance="11" length="8" spread="3" min="-75" max="-150">
			<attribute key="areaEffect" value="poff"/>
		</attack>
		<attack name="physical" interval="2000" range="5" radius="4" target="1" chance="15" min="-50" max="-135">
			<attribute key="shootEffect" value="snowball"/>
			<attribute key="areaEffect" value="poff"/>
		</attack>
	</attacks>
	<defenses armor="35" defense="47">
		<defense name="healing" interval="2000" chance="8" min="60" max="85">
			<attribute key="areaEffect" value="greenshimmer"/>
		</defense>
	</defenses>
	<elements>
		<element deathPercent="-15"/>
		<element energyPercent="-10"/>
	</elements>
	<immunities>
		<immunity ice="1"/>
		<immunity outfit="1"/>
		<immunity drunk="1"/>
		<immunity invisible="1"/>
	</immunities>
	<voices interval="2000" chance="5">
		<voice sentence="I'll extinguish you warmbloods."/>
		<voice sentence="REVENGE!"/>
		<voice sentence="Far too hot."/>
		<voice sentence="DISGUSTING WARMBLOODS!"/>
		<voice sentence="Revenge is sweetest when served cold."/>
	</voices>
</monster>
