<?xml version="1.0" encoding="UTF-8"?>
<monster name="The Obliverator" nameDescription="The Obliverator" race="fire" experience="6000" speed="320" manacost="0">
	<health now="9020" max="9020"/>
	<look type="35" corpse="7349"/>
	<strategy attack="100" defense="0"/>
	<flags>
		<flag summonable="0"/>
		<flag attackable="1"/>
		<flag hostile="1"/>
		<flag illusionable="0"/>
		<flag convinceable="0"/>
		<flag pushable="0"/>
    		<flag staticattack="90" />
		<flag canpushitems="1"/>
		<flag targetdistance="1"/>
	</flags>
	<attacks>
		<attack name="melee" interval="2000" skill="90" attack="140"/>
		<attack name="fire" interval="2000" chance="15" range="7" radius="7" target="1" min="-170" max="-285">
			<attribute key="areaEffect" value="firearea"/>
			<attribute key="shootEffect" value="fire"/>
		</attack>
		<attack name="energy" interval="2000" chance="15" length="8" spread="0" min="-155" max="-200">
			<attribute key="areaEffect" value="energy"/>
		</attack>
		<attack name="manadrain" interval="2000" chance="13" range="7" min="-40" max="-100">
			<attribute key="areaEffect" value="redshimmer"/>
		</attack>
		<attack name="firefield" interval="2000" chance="11" range="7" radius="1" target="1">
			<attribute key="shootEffect" value="fire"/>
		</attack>
	</attacks>
	<defenses armor="50" defense="55">
		<defense name="healing" interval="2000" chance="6" min="65" max="105">
			<attribute key="areaEffect" value="blueshimmer"/>
		</defense>
	</defenses>
	<elements>
		<element energyPercent="50"/>
		<element deathPercent="35"/>
		<element holyPercent="-10"/>
	</elements>
	<immunities>
		<immunity fire="1"/>
		<immunity outfit="1"/>
		<immunity drunk="1"/>
		<immunity invisible="1"/>
	</immunities>
	<summons maxSummons="3">
		<summon name="Fire Elemental" interval="2000" chance="6"/>
	</summons>
	<voices interval="2000" chance="5">
		<voice sentence="NO ONE WILL BEAT ME"/>
		<voice sentence="I am more than you bargained for."/>
		<voice sentence="You will die like all the other pathetic worms!"/>
		<voice sentence="I am the test that you won't pass!"/>
		<voice sentence="CHAMEK ATH UTHUL ARAK!"/>
	</voices>
</monster>
