<?xml version="1.0" encoding="UTF-8"?>
<monster name="The Pit Lord" nameDescription="The Pit Lord" race="blood" experience="2500" speed="340" manacost="0">
	<health now="5270" max="5270"/>
	<look type="55" corpse="7349"/>
	<strategy attack="100" defense="0"/>
	<flags>
		<flag summonable="0"/>
		<flag attackable="1"/>
		<flag hostile="1"/>
		<flag illusionable="0"/>
		<flag convinceable="0"/>
		<flag pushable="0"/>
    		<flag staticattack="90" />
		<flag canpushitems="1"/>
		<flag targetdistance="1"/>
	</flags>
	<attacks>
		<attack name="melee" interval="2000" skill="85" attack="80"/>
		<attack name="physical" interval="2000" chance="14" min="-0" max="-250">
			<attribute key="shootEffect" value="largerock"/>
			<attribute key="areaEffect" value="stun"/>
		</attack>
	</attacks>
	<defenses armor="46" defense="44">
		<defense name="speed" interval="2000" chance="9" duration="10000" speedchange="456">
			<attribute key="areaEffect" value="redshimmer"/>
		</defense>
		<defense name="healing" interval="2000" chance="11" min="50" max="70">
			<attribute key="areaEffect" value="greenshimmer"/>
		</defense>
	</defenses>
	<elements>
		<element earthPercent="35"/>
		<element icePercent="-20"/>
	</elements>
	<immunities>
		<immunity outfit="1"/>
		<immunity drunk="1"/>
		<immunity invisible="1"/>
	</immunities>
	<voices interval="2000" chance="5">
		<voice sentence="I'LL GET YOU ALL!" yell="1"/>
		<voice sentence="I won't let you escape!"/>
		<voice sentence="I'll crush you beneath my feet!"/>
	</voices>
</monster>
