<?xml version="1.0" encoding="UTF-8"?>
<monster name="Webster" nameDescription="Webster" race="undead" experience="1200" speed="280" manacost="0">
	<health now="2950" max="2950"/>
	<look type="263" corpse="7349"/>
	<strategy attack="100" defense="0"/>
	<flags>
		<flag summonable="0"/>
		<flag attackable="1"/>
		<flag hostile="1"/>
		<flag illusionable="0"/>
		<flag convinceable="0"/>
		<flag pushable="0"/>
    		<flag staticattack="90" />
		<flag canpushitems="1"/>
		<flag targetdistance="1"/>
	</flags>
	<attacks>
		<attack name="melee" interval="2000" skill="40" attack="100"/>
		<attack name="crystal spider paralyze 1" interval="2000" chance="9"/>
		<attack name="physical" interval="2000" chance="12" range="7" min="-0" max="-80">
			<attribute key="shootEffect" value="energy"/>
		</attack>
		<attack name="webster paralyze" interval="2000" chance="9" range="7"/>
		<attack name="physical" interval="2000" chance="14" range="7" min="-0" max="-100">
			<attribute key="shootEffect" value="poison"/>
		</attack>
	</attacks>
	<defenses armor="29" defense="34">
		<defense name="speed" interval="2000" chance="11" duration="3000" speedchange="436">
			<attribute key="areaEffect" value="redshimmer"/>
		</defense>
		<defense name="healing" interval="2000" chance="8" min="95" max="175">
			<attribute key="areaEffect" value="blueshimmer"/>
		</defense>
	</defenses>
	<elements>
		<element energyPercent="-20"/>
	</elements>
	<immunities>
		<immunity ice="1"/>
		<immunity outfit="1"/>
		<immunity drunk="1"/>
		<immunity invisible="1"/>
	</immunities>
	<voices interval="2000" chance="5">
		<voice sentence="You are lost."/>
		<voice sentence="Come my little morsel."/>
		<voice sentence="So tasty!"/>
		<voice sentence="I'll get you!"/>
	</voices>
</monster>
