<?xml version="1.0" encoding="UTF-8"?>
<monster name="Merlkin" nameDescription="a merlkin" race="blood" experience="145" speed="194" manacost="0">
	<health now="235" max="235"/>
	<look type="117" corpse="6044"/>
	<targetchange interval="2000" chance="5"/>
	<strategy attack="100" defense="0"/>
	<flags>
		<flag summonable="0"/>
		<flag attackable="1"/>
		<flag hostile="1"/>
		<flag illusionable="1"/>
		<flag convinceable="0"/>
		<flag pushable="0"/>
		<flag canpushitems="1"/>
		<flag canpushcreatures="0"/>
		<flag targetdistance="4"/>
		<flag staticattack="90"/>
		<flag runonhealth="0"/>
	</flags>
	<attacks>
		<attack name="melee" interval="2000" skill="20" attack="20"/>
		<attack name="fire" interval="2000" chance="13" range="7" min="-60" max="-90">
			<attribute key="shootEffect" value="fire"/>
			<attribute key="areaEffect" value="firearea"/>
		</attack>
		<attack name="energy" interval="2000" chance="33" range="7" min="-15" max="-45">
			<attribute key="shootEffect" value="energy"/>
			<attribute key="areaEffect" value="energy"/>
		</attack>
		<attack name="poisonfield" interval="2000" chance="14" range="7" radius="1" target="1">
			<attribute key="shootEffect" value="energy"/>
		</attack>
	</attacks>
	<defenses armor="16" defense="40">
		<defense name="healing" interval="2000" chance="9" min="10" max="45">
			<attribute key="areaEffect" value="blueshimmer"/>
		</defense>
	</defenses>
	<elements>
		<element firePercent="20"/>
		<element energyPercent="10"/>
		<element holyPercent="10"/>
		<element icePercent="-15"/>
		<element deathPercent="-5"/>
	</elements>
	<immunities>
		<immunity outfit="1"/>
		<immunity drunk="1"/>
		<immunity invisible="1"/>
	</immunities>
	<voices interval="2000" chance="5">
		<voice sentence="Ugh! Ugh! Ugh!"/>
		<voice sentence="Holy banana!"/>
		<voice sentence="Chakka! Chakka!"/>
	</voices>
	<loot>
		<item id="2148" countmax="62" chance="82900"/><!-- gold coin -->
		<item id="2676" countmax="12" chance="30350"/><!-- banana -->
		<item id="2675" countmax="5" chance="1040"/><!-- orange -->
		<item id="12467" countmax="1" chance="1760"/><!-- banana sash -->
		<item id="2188" chance="1000"/><!-- wand of decay -->
		<item id="2162" chance="3090"/><!-- magic lightwand -->
		<item id="7620" chance="660"/><!-- mana potion -->
		<item id="2150" chance="260"/><!-- small amethyst -->
		<item id="5883" chance="990"/><!-- ape fur -->
		<item id="3966" chance="100"/><!-- banana staff -->
	</loot>
</monster>
