<?xml version="1.0" encoding="UTF-8"?>
<monster name="Vulcongra" nameDescription="a vulcongra" race="fire" experience="1100" speed="320" manacost="0">
	<health now="1600" max="1600"/>
	<look type="509" corpse="18475"/>
	<targetchange interval="5000" chance="20"/>
	<strategy attack="100" defense="0"/>
	<flags>
		<flag summonable="0"/>
		<flag attackable="1"/>
		<flag hostile="1"/>
		<flag illusionable="0"/>
		<flag convinceable="0"/>
		<flag pushable="0"/>
		<flag canpushitems="1"/>
		<flag canpushcreatures="0"/>
		<flag targetdistance="1"/>
		<flag staticattack="90"/>
		<flag runonhealth="480"/>
	</flags>
	<attacks>
		<attack name="melee" interval="2000" skill="82" attack="50"/>
		<attack name="vulcongra soulfire" interval="2000" chance="70" radius="3" target="0"/>
		<attack name="fire" interval="2000" chance="13" length="6" spread="0" min="-150" max="-340">
			<attribute key="areaEffect" value="explosion"/>
		</attack>
		<attack name="fire" interval="2000" chance="13" range="7" min="-100" max="-200">
			<attribute key="shootEffect" value="fire"/>
			<attribute key="areaEffect" value="fireattack"/>
		</attack>
	</attacks>
	<defenses armor="25" defense="35">
		<defense name="healing" interval="2000" chance="10" min="125" max="175">
			<attribute key="areaEffect" value="blueshimmer"/>
		</defense>
	</defenses>
	<elements>
		<element icePercent="-10"/>
		<element deathPercent="10"/>
	</elements>
	<immunities>
		<immunity fire="1"/>
		<immunity earth="1"/>
		<immunity paralyze="1"/>
		<immunity lifedrain="1"/>
		<immunity invisible="1"/>
	</immunities>
	<voices interval="2000" chance="5">
		<voice sentence="Fuchah!"/>
		<voice sentence="Fuchah! Fuchah!"/>
		<voice sentence="Yag! Yag! Yag!"/>
	</voices>
	<loot>
		<item id="13757" chance="920"/><!-- coal -->
		<item id="2676" countmax="10" chance="10420"/><!-- banana -->
		<item id="18425" chance="8030"/><!-- blazing bone -->
		<item id="10553" chance="9380"/><!-- fiery heart -->
		<item id="2392" chance="260"/><!-- fire sword -->
		<item id="18417" chance="4850"/><!-- brown crystal splinter -->
		<item id="2148" countmax="107" chance="100000"/><!-- gold coin -->
		<item id="18424" chance="12440"/><!-- magma clump -->
		<item id="2187" chance="980"/><!-- wand of inferno -->
		<item id="7899" chance="140"/><!-- magma coat -->
		<item id="2152" chance="14780"/><!-- platinum coin -->
		<item id="7588" chance="7100"/><!-- strong health potion -->
		<item id="7589" chance="7130"/><!-- strong mana potion -->
		<item id="2207" chance="2920"/><!-- sword ring -->
		<item id="7890" chance="980"/><!-- magma amulet -->
		<item id="18420" chance="2280"/><!-- red crystal fragment -->
	</loot>
</monster>
