<?xml version="1.0" encoding="UTF-8"?>
<monster name="Yeti" nameDescription="a yeti" race="blood" experience="460" speed="250" manacost="0">
	<health now="950" max="950"/>
	<look type="110" corpse="6038"/>
	<targetchange interval="2000" chance="5"/>
	<strategy attack="70" defense="30"/>
	<flags>
		<flag summonable="0"/>
		<flag attackable="1"/>
		<flag hostile="1"/>
		<flag illusionable="0"/>
		<flag convinceable="0"/>
		<flag pushable="0"/>
		<flag canpushitems="1"/>
		<flag canpushcreatures="1"/>
		<flag targetdistance="1"/>
		<flag staticattack="90"/>
		<flag runonhealth="0"/>
	</flags>
	<attacks>
		<attack name="melee" interval="2000" skill="70" attack="50"/>
		<attack name="physical" interval="2000" chance="14" range="7" min="-0" max="-200">
			<attribute key="shootEffect" value="snowball"/>
			<attribute key="areaEffect" value="poff"/>
		</attack>
		<attack name="energy" interval="2000" chance="11" length="3" spread="2" min="-120" max="-205">
			<attribute key="areaEffect" value="poff"/>
		</attack>
	</attacks>
	<defenses armor="28" defense="43"/>
	<immunities>
		<immunity invisible="1"/>
	</immunities>
	<voices interval="2000" chance="5">
		<voice sentence="Yooodelaaahooohooo!"/>
		<voice sentence="Yooodelaaaheeeheee!"/>
	</voices>
	<loot>
		<item id="2148" countmax="100" chance="71430"/><!-- gold coin -->
		<item id="2671" countmax="5" chance="57140"/><!-- ham -->
		<item id="2666" countmax="4" chance="71430"/><!-- meat -->
		<item id="2111" countmax="22" chance="10000"/><!-- snowball -->
		<item id="2644" chance="1333"/><!-- bunny slippers -->
	</loot>
</monster>
