<?xml version="1.0" encoding="UTF-8"?>
<monster name="Corym Vanguard" nameDescription="a corym vanguard" race="blood" experience="490" speed="200" manacost="0">
	<health now="700" max="700"/>
	<look type="534" head="0" body="19" legs="121" feet="0" addons="0" corpse="19727"/>
	<targetchange interval="5000" chance="8"/>
	<strategy attack="90" defense="10"/>
	<flags>
		<flag summonable="0"/>
		<flag attackable="1"/>
		<flag hostile="1"/>
		<flag illusionable="1"/>
		<flag convinceable="0"/>
		<flag pushable="0"/>
		<flag canpushitems="1"/>
		<flag canpushcreatures="1"/>
		<flag targetdistance="1"/>
		<flag staticattack="90"/>
		<flag runonhealth="50"/>
	</flags>
	<attacks>
		<attack name="melee" interval="2000" skill="50" attack="50"/>
		<attack name="death" interval="2000" chance="13" range="7" target="1" radius="4" min="-40" max="-60">
			<attribute key="shootEffect" value="death"/>
			<attribute key="areaEffect" value="mortarea"/>
		</attack>
		<attack name="corym vanguard wave" interval="2000" chance="9" min="-50" max="-90"/>
	</attacks>
	<defenses armor="25" defense="35">
		<defense name="healing" interval="2000" chance="16" min="15" max="40">
			<attribute key="areaEffect" value="blueshimmer"/>
		</defense>
	</defenses>
	<elements>
		<element icePercent="20"/>
		<element energyPercent="20"/>
	</elements>
	<immunities>
		<immunity paralyze="1"/>
		<immunity invisible="1"/>
	</immunities>
	<voices interval="2500" chance="10">
		<voice sentence="Squeeeeeeak!"/>
		<voice sentence="Must have it! Must have it!"/>
		<voice sentence="Gimme! Gimme!"/>
	</voices>
	<loot>
		<item id="2148" countmax="120" chance="100000"/> <!-- gold coin -->
		<item id="20093" chance="5080"/> <!-- life preserver -->
		<item id="2696" chance="20330"/> <!-- cheese -->
		<item id="20101" chance="14530"/> <!-- rat cheese -->
		<item id="20100" chance="15610"/> <!-- soft cheese -->
		<item id="20089" chance="10410"/> <!-- bola -->
		<item id="20097" chance="16700"/> <!-- cheese cutter -->
		<item id="20099" chance="11990"/> <!-- earflap -->
		<item id="20092" chance="5040"/> <!-- ratana -->
		<item id="20126" chance="1640"/> <!-- leather harness -->
		<item id="20098" chance="3950"/> <!-- cheesy figurine -->
		<item id="20105" chance="10"/> <!-- rat god doll -->
		<item id="20090" chance="4800"/> <!-- spike shield -->
		<item id="20139" chance="3280"/> <!-- spiky club -->
	</loot>
</monster>
