<?xml version="1.0" encoding="UTF-8"?>
<monster name="Corym Charlatan" nameDescription="a corym charlatan" race="blood" experience="150" speed="190" manacost="490">
	<health now="250" max="250"/>
	<look type="532" head="0" body="78" legs="59" feet="0" addons="0" corpse="19725"/>
	<targetchange interval="5000" chance="8"/>
	<strategy attack="90" defense="10"/>
	<flags>
		<flag summonable="1"/>
		<flag attackable="1"/>
		<flag hostile="1"/>
		<flag illusionable="1"/>
		<flag convinceable="1"/>
		<flag pushable="0"/>
		<flag canpushitems="1"/>
		<flag canpushcreatures="1"/>
		<flag targetdistance="1"/>
		<flag staticattack="90"/>
		<flag runonhealth="0"/>
	</flags>
	<attacks>
		<attack name="melee" interval="2000" skill="45" attack="40"/>
	</attacks>
	<defenses armor="25" defense="35"/>
	<elements>
		<element earthPercent="20"/>
		<element deathPercent="20"/>
		<element energyPercent="25"/>
		<element holyPercent="-20"/>
	</elements>
	<immunities>
		<immunity paralyze="1"/>
		<immunity invisible="1"/>
	</immunities>
	<voices interval="2000" chance="5">
		<voice sentence="Mehehe!"/>
		<voice sentence="Beware! Me hexing you!"/>
	</voices>
	<loot>
		<item id="2148" countmax="35" chance="90010"/> <!-- gold coin -->
		<item id="20093" chance="860"/> <!-- life preserver -->
		<item id="2696" chance="10110"/> <!-- cheese -->
		<item id="20101" chance="14790"/> <!-- rat cheese -->
		<item id="20100" chance="12510"/> <!-- soft cheese -->
		<item id="20089" chance="8070"/> <!-- bola -->
		<item id="20097" chance="6120"/> <!-- cheese cutter -->
		<item id="20099" chance="7130"/> <!-- earflap -->
		<item id="20092" chance="900"/> <!-- ratana -->
		<item id="20126" chance="550"/> <!-- leather harness -->
		<item id="20098" chance="510"/> <!-- cheesy figurine -->
		<item id="20090" chance="510"/> <!-- spike shield -->
	</loot>
</monster>
