<?xml version="1.0" encoding="UTF-8"?>
<monster name="Corym Skirmisher" nameDescription="a corym skirmisher" race="blood" experience="260" speed="200" manacost="695">
	<health now="450" max="450"/>
	<look type="533" head="0" body="76" legs="83" feet="0" addons="0" corpse="19726"/>
	<targetchange interval="5000" chance="8"/>
	<strategy attack="90" defense="10"/>
	<flags>
		<flag summonable="0"/>
		<flag attackable="1"/>
		<flag hostile="1"/>
		<flag illusionable="1"/>
		<flag convinceable="1"/>
		<flag pushable="0"/>
		<flag canpushitems="1"/>
		<flag canpushcreatures="1"/>
		<flag targetdistance="1"/>
		<flag staticattack="90"/>
		<flag runonhealth="0"/>
	</flags>
	<attacks>
		<attack name="melee" interval="2000" skill="50" attack="50"/>
		<attack name="physical" interval="2000" chance="10" range="7" min="-0" max="-90">
			<attribute key="shootEffect" value="whirlwindclub"/>
		</attack>
	</attacks>
	<defenses armor="25" defense="35"/>
	<elements>
		<element earthPercent="20"/>
		<element deathPercent="20"/>
		<element energyPercent="20"/>
		<element holyPercent="-20"/>
	</elements>
	<voices interval="2000" chance="5">
		<voice sentence="Squeak! Squeak!"/>
		<voice sentence="*sniff* *sniff* *sniff*"/>
	</voices>
	<loot>
		<item id="2148" countmax="45" chance="78750"/> <!-- gold coin -->
		<item id="20093" chance="3020"/> <!-- life preserver -->
		<item id="2696" chance="20150"/> <!-- cheese -->
		<item id="20101" chance="18000"/> <!-- rat cheese -->
		<item id="20100" chance="14950"/> <!-- soft cheese -->
		<item id="20089" chance="8130"/> <!-- bola -->
		<item id="20097" chance="9100"/> <!-- cheese cutter -->
		<item id="20099" chance="9240"/> <!-- earflap -->
		<item id="20092" chance="2690"/> <!-- ratana -->
		<item id="20126" chance="550"/> <!-- leather harness -->
		<item id="20098" chance="850"/> <!-- cheesy figurine -->
		<item id="20105" chance="10"/> <!-- rat god doll -->
		<item id="20090" chance="670"/> <!-- spike shield -->
	</loot>
</monster>
