<?xml version="1.0" encoding="UTF-8"?>
<monster name="Little Corym Charlatan" nameDescription="a little corym charlatan" race="blood" experience="40" speed="190" manacost="0">
	<health now="90" max="90"/>
	<look type="532" head="0" body="79" legs="80" feet="0" addons="0" corpse="19970"/>
	<targetchange interval="5000" chance="8"/>
	<strategy attack="90" defense="10"/>
	<flags>
		<flag summonable="0"/>
		<flag attackable="1"/>
		<flag hostile="1"/>
		<flag illusionable="1"/>
		<flag convinceable="0"/>
		<flag pushable="0"/>
		<flag canpushitems="1"/>
		<flag canpushcreatures="1"/>
		<flag targetdistance="1"/>
		<flag staticattack="90"/>
		<flag runonhealth="0"/>
	</flags>
	<attacks>
		<attack name="melee" interval="2000" skill="10" attack="25"/>
	</attacks>
	<defenses armor="25" defense="35"/>
	<voices interval="2000" chance="5">
		<voice sentence="Mehehe!"/>
	</voices>
</monster>
