<?xml version="1.0" encoding="utf-8"?>
<monster name="Chicken" namedescription="a chicken" race="blood" experience="0" speed="128" manacost="220">
	<health now="15" max="15"/>
	<look type="111" corpse="6042"/>
	<targetchange interval="2000" chance="0"/>
	<strategy attack="0" defense="100"/>
	<flags>
		<flag summonable="1"/>
		<flag attackable="1"/>
		<flag hostile="0"/>
		<flag illusionable="1"/>
		<flag convinceable="1"/>
		<flag pushable="1"/>
		<flag canpushitems="0"/>
		<flag canpushcreatures="0"/>
		<flag targetdistance="1"/>
		<flag staticattack="90"/>
		<flag runonhealth="15"/>
	</flags>
	<defenses armor="1" defense="2"/>
	<voices interval="2000" chance="5">
		<voice sentence="Gokgoooook"/>
		<voice sentence="Cluck Cluck"/>
	</voices>
	<loot>
		<item id="3976" countmax="1" chance="9790"/><!-- worm -->
		<item id="5890" countmax="1" chance="20130"/><!-- chicken feather -->
		<item id="2695" chance="940"/><!-- egg -->
		<item id="2666" countmax="2" chance="2120"/><!-- meat -->
	</loot>
</monster>
