<?xml version="1.0" encoding="UTF-8"?>
<monster name="Marsh Stalker" nameDescription="a marsh stalker" race="blood" experience="50" speed="150" manacost="0">
	<health now="100" max="100"/>
	<look type="530" corpse="19708"/>
	<targetchange interval="5000" chance="8"/>
	<strategy attack="90" defense="10"/>
	<flags>
		<flag summonable="0"/>
		<flag attackable="1"/>
		<flag hostile="1"/>
		<flag illusionable="0"/>
		<flag convinceable="0"/>
		<flag pushable="0"/>
		<flag canpushitems="1"/>
		<flag canpushcreatures="1"/>
		<flag targetdistance="1"/>
		<flag staticattack="90"/>
		<flag runonhealth="10"/>
	</flags>
	<attacks>
		<attack name="melee" interval="2000" skill="10" attack="20"/>
		<attack name="physical" interval="2000" chance="13" range="7" min="-0" max="-20">
			<attribute key="shootEffect" value="smallstone"/>
			<attribute key="areaEffect" value="explosionarea"/>
		</attack>
	</attacks>
	<defenses armor="14" defense="15">
		<defense name="speed" interval="2000" chance="13" speedchange="192" duration="5000">
			<attribute key="areaEffect" value="blackspark"/>
		</defense>
	</defenses>
	<elements>
		<element icePercent="10"/>
		<element earthPercent="-10"/>
	</elements>
	<voices interval="2000" chance="5">
		<voice sentence="Rrrawk! Rrrrawk!"/>
	</voices>
	<loot>
		<item id="2120" chance="4520"/> <!-- rope -->
		<item id="2148" countmax="24" chance="64730"/> <!-- gold coin -->
		<item id="3976" countmax="2" chance="14910"/> <!-- worms -->
		<item id="2667" countmax="2" chance="20250"/> <!-- fish -->
		<item id="2666" countmax="2" chance="20310"/> <!-- meat -->
		<item id="19741" chance="7160"/> <!-- marsh stalker beak -->
		<item id="7732" chance="120"/> <!-- seeds -->
		<item id="19742" chance="9270"/> <!-- marsh stalker feather -->
		<item id="2397" chance="7160"/> <!-- longsword -->
	</loot>
</monster>