<?xml version="1.0" encoding="UTF-8"?>
<monster name="Parrot" nameDescription="a parrot" race="blood" experience="0" speed="320" manacost="250">
	<health now="25" max="25"/>
	<look type="217" corpse="6056"/>
	<targetchange interval="2000" chance="10"/>
	<strategy attack="100" defense="0"/>
	<flags>
		<flag summonable="1"/>
		<flag attackable="1"/>
		<flag hostile="0"/>
		<flag illusionable="1"/>
		<flag convinceable="1"/>
		<flag pushable="1"/>
		<flag canpushitems="0"/>
		<flag canpushcreatures="0"/>
		<flag targetdistance="1"/>
		<flag staticattack="90"/>
		<flag runonhealth="25"/>
	</flags>
	<attacks>
		<attack name="melee" interval="2000" skill="10" attack="5"/>
	</attacks>
	<defenses armor="2" defense="6"/>
	<voices interval="2000" chance="5">
		<voice sentence="BR? PL? SWE?"/>
		<voice sentence="Screeech!"/>
		<voice sentence="Neeeewbiiieee!"/>
		<voice sentence="You advanshed, you advanshed!"/>
		<voice sentence="Hope you die and loooosh it!"/>
		<voice sentence="Hunterrr ish PK!"/>
		<voice sentence="Shhtop whining! Rraaah"/>
		<voice sentence="I'm heeerrre! Screeeech!"/>
		<voice sentence="Leeave orrr hunted!!"/>
		<voice sentence="Blesshhh my stake! Screeech!"/>
		<voice sentence="Tarrrrp?"/>
		<voice sentence="You are corrrrupt! Corrrrupt!"/>
		<voice sentence="You powerrrrrrabuserrrrr!"/>
		<voice sentence="You advanshed, you advanshed!"/>
	</voices>
</monster>
