<?xml version="1.0" encoding="UTF-8"?>
<monster name="Acid Blob" nameDescription="an acid blob" race="venom" experience="250" speed="120" manacost="0">
	<health now="250" max="250"/>
	<look type="314" corpse="9962"/>
	<targetchange interval="5000" chance="0"/>
	<strategy attack="100" defense="0"/>
	<flags>
		<flag summonable="0"/>
		<flag attackable="1"/>
		<flag hostile="1"/>
		<flag illusionable="0"/>
		<flag convinceable="0"/>
		<flag pushable="0"/>
		<flag canpushitems="1"/>
		<flag canpushcreatures="0"/>
		<flag targetdistance="1"/>
		<flag staticattack="90"/>
		<flag runonhealth="0"/>
	</flags>
	<attacks>
		<attack name="melee" interval="2000" skill="30" attack="40"/>
		<attack name="earth" interval="2000" chance="30" radius="4" target="0" min="-10" max="-22">
			<attribute key="areaEffect" value="greenspark"/>
		</attack>
		<attack name="earth" interval="2000" chance="8" length="5" spread="0" min="-40" max="-60">
			<attribute key="areaEffect" value="greenbubble"/>
		</attack>
		<attack name="earth" interval="2000" chance="10" range="7" target="1" min="-0" max="-0">
			<attribute key="shootEffect" value="poison"/>
		</attack>
	</attacks>
	<defenses armor="10" defense="10"/>
	<immunities>
		<immunity death="1"/>
		<immunity earth="1"/>
	</immunities>
	<elements>
		<element firePercent="-10"/>
		<element icePercent="20"/>
		<element energyPercent="-10"/>
	</elements>
	<summons maxSummons="3">
		<summon name="Acid Blob" interval="2000" chance="6"/>
	</summons>
	<voices interval="2000" chance="5">
		<voice sentence="Kzzchhhh"/>
	</voices>
	<loot>
		<item id="9967" chance="17810"/><!-- glob of acid -->
	</loot>
</monster>
