<?xml version="1.0" encoding="UTF-8"?>
<monster name="Death Blob" nameDescription="a death blob" race="venom" experience="300" speed="160" manacost="0">
	<health now="320" max="320"/>
	<look type="315" corpse="9960"/>
	<targetchange interval="5000" chance="0"/>
	<strategy attack="100" defense="0"/>
	<flags>
		<flag summonable="0"/>
		<flag attackable="1"/>
		<flag hostile="1"/>
		<flag illusionable="0"/>
		<flag convinceable="0"/>
		<flag pushable="0"/>
		<flag canpushitems="1"/>
		<flag canpushcreatures="0"/>
		<flag targetdistance="1"/>
		<flag staticattack="90"/>
		<flag runonhealth="0"/>
	</flags>
	<attacks>
		<attack name="melee" interval="2000" skill="30" attack="50"/>
		<attack name="death" interval="2000" chance="16" radius="4" target="0" min="-35" max="-60">
			<attribute key="areaEffect" value="poff"/>
		</attack>
		<attack name="death blob curse" interval="2000" chance="2" range="2"/>
	</attacks>
	<defenses armor="10" defense="10">
    		<defense name="healing" interval="2000" chance="6" min="30" max="60">
      			<attribute key="areaEffect" value="redshimmer" />
    		</defense>
	</defenses>
	<elements>
		<element firePercent="-10"/>
		<element physicalPercent="30"/>
		<element holyPercent="-10"/>
		<element icePercent="10"/>
		<element energyPercent="-10"/>
	</elements>
	<immunities>
		<immunity earth="1"/>
		<immunity death="1"/>
		<immunity lifedrain="1"/>
	</immunities>
	<voices interval="2000" chance="5">
		<voice sentence="Shlorz"/>
	</voices>
	<summons maxSummons="3">
		<summon name="Death Blob" interval="2000" chance="6"/>
	</summons>
	<loot>
		<item id="9968" chance="17260"/><!-- glob of tar -->
	</loot>
</monster>
