<?xml version="1.0" encoding="UTF-8"?>
<monster name="Essence of Darkness" nameDescription="an essence of darkness" race="undead" experience="30" speed="130" manacost="0">
	<health now="1000" max="1000"/>
	<look type="315" corpse="10538"/>
	<targetchange interval="5000" chance="0"/>
	<strategy attack="100" defense="0"/>
	<flags>
		<flag summonable="0"/>
		<flag attackable="1"/>
		<flag hostile="1"/>
		<flag illusionable="0"/>
		<flag convinceable="0"/>
		<flag pushable="0"/>
		<flag canpushitems="1"/>
		<flag canpushcreatures="0"/>
		<flag targetdistance="4"/>
		<flag staticattack="90"/>
		<flag runonhealth="0"/>
	</flags>
	<attacks>
		<attack name="lifedrain" interval="2000" chance="20" range="7" target="1" min="-1" max="-15">
			<attribute key="shootEffect" value="suddendeath"/>
      			<attribute key="areaEffect" value="smallclouds" />
		</attack>
		<attack name="essence of darkness curse" interval="2000" chance="20" range="7"/>
		<attack name="manadrain" interval="2000" chance="20" range="7" target="1" min="-5" max="-40">
			<attribute key="shootEffect" value="suddendeath"/>
      			<attribute key="areaEffect" value="smallclouds" />
		</attack>
		<attack name="essence of darkness paralyze" interval="2000" chance="20" range="7"/>
	</attacks>
	<defenses armor="10" defense="10">
    		<defense name="healing" interval="2000" chance="40" min="30" max="60">
      			<attribute key="areaEffect" value="mortarea" />
    		</defense>
	</defenses>
	<elements>
		<element firePercent="98"/>
		<element holyPercent="80"/>
	</elements>
	<immunities>
		<immunity physical="1"/>
		<immunity death="1"/>
		<immunity energy="1"/>
		<immunity ice="1"/>
		<immunity earth="1"/>
		<immunity lifedrain="1"/>
	</immunities>
</monster>
