<?xml version="1.0" encoding="UTF-8"?>
<monster name="Midnight Spawn" nameDescription="a midnight spawn" race="venom" experience="900" speed="230" manacost="0">
	<health now="1000" max="1000"/>
	<look type="315" corpse="10538"/>
	<targetchange interval="5000" chance="0"/>
	<strategy attack="100" defense="0"/>
	<flags>
		<flag summonable="0"/>
		<flag attackable="1"/>
		<flag hostile="1"/>
		<flag illusionable="0"/>
		<flag convinceable="0"/>
		<flag pushable="0"/>
		<flag canpushitems="1"/>
		<flag canpushcreatures="0"/>
		<flag targetdistance="1"/>
		<flag staticattack="90"/>
		<flag runonhealth="0"/>
	</flags>
	<attacks>
		<attack name="melee" interval="2000" skill="90" attack="50"/>
		<attack name="poison" interval="2000" chance="15" range="7" target="1" min="-120" max="-180">
			<attribute key="areaEffect" value="greenbubble"/>
			<attribute key="shootEffect" value="poison"/>
		</attack>
		<attack name="death" interval="2000" chance="11" radius="3" target="0" min="-75" max="-150">
      			<attribute key="areaEffect" value="smallclouds" />
		</attack>
		<attack name="drunk" interval="2000" chance="12" range="7" target="1" duration="25000">
			<attribute key="areaEffect" value="greenbubble"/>
			<attribute key="shootEffect" value="poison"/>
		</attack>
		<attack name="midnight spawn paralyze" interval="2000" range="7" chance="11"/>
	</attacks>
	<defenses armor="10" defense="10"/>
	<elements>
		<element physicalPercent="30"/>
		<element deathPercent="99"/>
		<element firePercent="30"/>
		<element earthPercent="99"/>
		<element lifedrainPercent="99"/>
		<element holyPercent="-10"/>
		<element icePercent="-10"/>
	</elements>
	<immunities>
		<immunity paralyze="1"/>
		<immunity invisible="1"/>
	</immunities>
	<loot>
		<item id="10531" chance="8240"/><!-- midnight shard -->
	</loot>
</monster>
