<?xml version="1.0" encoding="UTF-8"?>
<monster name="Drillworm" nameDescription="a drillworm" race="blood" experience="1100" speed="220" manacost="0">
	<health now="1500" max="1500"/>
	<look type="527" corpse="19705"/>
	<targetchange interval="2000" chance="6"/>
	<strategy attack="100" defense="0"/>
	<flags>
		<flag summonable="0"/>
		<flag attackable="1"/>
		<flag hostile="1"/>
		<flag illusionable="0"/>
		<flag convinceable="0"/>
		<flag pushable="0"/>
		<flag canpushitems="1"/>
		<flag canpushcreatures="1"/>
		<flag targetdistance="1"/>
		<flag staticattack="90"/>
		<flag runonhealth="0"/>
	</flags>
	<attacks>
		<attack name="melee" interval="2000" skill="90" attack="60" poison="90"/>
		<attack name="poison" interval="2000" chance="13" range="7" radius="3" target="1" min="-100" max="-150">
			<attribute key="shootEffect" value="poisonarrow"/>
			<attribute key="areaEffect" value="poison"/>
		</attack>
		<attack name="poison" interval="2000" chance="14" length="8" spread="0" min="-200" max="-300">
			<attribute key="areaEffect" value="greenspark"/>
		</attack>
		<attack name="speed" interval="2000" chance="15" length="8" spread="0" speedchange="-350" duration="10000">
			<attribute key="areaEffect" value="redshimmer"/>
		</attack>
	</attacks>
	<defenses armor="23" defense="28"/>
	<elements>
		<element deathPercent="15"/>
		<element icePercent="15"/>
		<element holyPercent="25"/>
		<element energyPercent="15"/>
		<element firePercent="-5"/>
	</elements>
	<immunities>
		<immunity invisible="1"/>
		<immunity earth="1"/>
		<immunity paralyze="1"/>
	</immunities>
	<voices interval="2000" chance="5">
		<voice sentence="Chrrrk! Chrrrk"/>
		<voice sentence="Knarrrk!"/>
	</voices>
	<loot>
		<item id="13757" chance="12130"/> <!-- coal -->
		<item id="2515" chance="2240"/> <!-- dwarven ring -->
		<item id="2148" countmax="150" chance="100000"/> <!-- gold coin -->
		<item id="3976" countmax="5" chance="4550"/> <!-- worms -->
		<item id="18436" countmax="2" chance="5870"/> <!-- drill bolt -->
		<item id="11222" chance="15000"/> <!-- lump of earth  -->
		<item id="18427" chance="5400"/> <!-- pulverized stone  -->
		<item id="18429" chance="7280"/> <!-- vein of ore  -->
		<item id="18416" chance="9780"/> <!-- green crystal splinter -->
		<item id="18417" chance="9260"/> <!-- brown crystal splinter -->
		<item id="18418" chance="9610"/> <!-- blue crystal splinter -->
		<item id="2553" chance="5280"/> <!-- pick -->
		<item id="5880" chance="1750"/> <!-- iron ore -->
		<item id="7887" chance="2360"/> <!-- terra amulet -->
		<item id="7452" chance="540"/> <!-- spiked squelcher -->
		<item id="11339" chance="700"/> <!-- clay lump -->
	</loot>
</monster>
