<?xml version="1.0" encoding="UTF-8"?>
<monster name="Enraged Bookworm" nameDescription="an enraged bookworm" race="blood" experience="55" speed="116" manacost="0">
	<health now="145" max="145"/>
	<look typeex="3976" corpse="3976"/>
	<targetchange interval="2000" chance="0"/>
	<strategy attack="100" defense="0"/>
	<flags>
		<flag summonable="0"/>
		<flag attackable="1"/>
		<flag hostile="1"/>
		<flag illusionable="1"/>
		<flag convinceable="0"/>
		<flag pushable="0"/>
		<flag canpushitems="0"/>
		<flag canpushcreatures="0"/>
		<flag targetdistance="1"/>
		<flag staticattack="90"/>
		<flag runonhealth="0"/>
	</flags>
	<attacks>
		<attack name="melee" interval="2000" skill="10" attack="30"/>
	</attacks>
	<defenses armor="8" defense="11"/>
</monster>
