<?xml version="1.0" encoding="UTF-8"?>
<monster name="Rift Worm" nameDescription="a rift worm" race="undead" experience="1195" speed="136" manacost="0">
	<health now="2800" max="2800"/>
	<look type="295" corpse="10015"/>
	<targetchange interval="60000" chance="0"/>
	<strategy attack="100" defense="0"/>
	<flags>
		<flag summonable="0"/>
		<flag attackable="1"/>
		<flag hostile="1"/>
		<flag illusionable="0"/>
		<flag convinceable="0"/>
		<flag pushable="0"/>
		<flag canpushitems="0"/>
		<flag staticattack="90"/>
		<flag targetdistance="1"/>
		<flag runonhealth="0"/>
	</flags>
	<attacks>
		<attack name="melee" interval="2000" skill="50" attack="35"/>
	</attacks>
	<defenses armor="10" defense="15">
		<defense name="invisible" interval="2000" chance="25" duration="5000">
			<attribute key="areaEffect" value="groundshaker"/>
		</defense>
		<defense name="healing" interval="2000" chance="25" min="60" max="140">
			<attribute key="areaEffect" value="blueshimmer"/>
		</defense>
	</defenses>
	<elements>
		<element icePercent="-5"/>
		<element holyPercent="-5"/>
		<element earthPercent="-25"/>
		<element firePercent="-5"/>
	</elements>
	<immunities>
		<immunity invisible="1"/>
	</immunities>
</monster>
