<?xml version="1.0" encoding="UTF-8"?>
<monster name="Chakoya Windcaller" nameDescription="a chakoya windcaller" race="blood" experience="48" speed="142" manacost="305">
	<health now="84" max="84"/>
	<look type="260" corpse="7320"/>
	<targetchange interval="60000" chance="0"/>
	<strategy attack="100" defense="0"/>
	<flags>
		<flag summonable="0"/>
		<flag attackable="1"/>
		<flag hostile="1"/>
		<flag illusionable="0"/>
		<flag convinceable="1"/>
		<flag pushable="0"/>
		<flag canpushitems="0"/>
		<flag staticattack="90"/>
		<flag lightlevel="0"/>
		<flag lightcolor="0"/>
		<flag targetdistance="4"/>
		<flag runonhealth="0"/>
	</flags>
	<attacks>
		<attack name="melee" interval="2000" skill="12" attack="20"/>
		<attack name="ice" interval="2000" chance="20" range="7" min="-5" max="-35">
			<attribute key="shootEffect" value="smallice"/>
			<attribute key="areaEffect" value="iceattack"/>
		</attack>
		<attack name="ice" interval="2000" chance="18" length="8" spread="3" min="-9" max="-20">
			<attribute key="areaEffect" value="icearea"/>
		</attack>
		<attack name="chakoya freeze" interval="2000" chance="10"/>
	</attacks>
	<defenses armor="30" defense="30">
		<defense name="invisible" interval="2000" chance="10" duration="5000">
			<attribute key="areaEffect" value="blueshimmer"/>
		</defense>
	</defenses>
	<elements>
		<element firePercent="50"/>
		<element holyPercent="20"/>
		<element energyPercent="-15"/>
		<element deathPercent="-10"/>
	</elements>
	<immunities>
		<immunity ice="1"/>
	</immunities>
	<voices interval="2000" chance="5">
		<voice sentence="Mupi! Si siyoqua jinuma!"/>
		<voice sentence="Siqsiq ji jusipa!"/>
		<voice sentence="Jagura taluka taqua!"/>
		<voice sentence="Quatu nguraka!"/>
	</voices>
	<loot>
		<item id="2148" countmax="26" chance="66230"/><!-- gold coin -->
		<item id="2667" countmax="3" chance="30080"/><!-- fish -->
		<item id="2460" chance="3320"/><!-- brass helmet -->
		<item id="2541" chance="1000"/><!-- bone shield -->
		<item id="7158" chance="60"/><!-- rainbow trout -->
		<item id="7159" chance="60"/><!-- green perch -->
		<item id="2669" chance="60"/><!-- northern pike -->
	</loot>
</monster>
