<?xml version="1.0" encoding="UTF-8"?>
<monster name="Chakoya Toolshaper" nameDescription="a chakoya toolshaper" race="blood" experience="40" speed="136" manacost="0">
	<health now="80" max="80"/>
	<look type="259" corpse="7320"/>
	<targetchange interval="60000" chance="0"/>
	<strategy attack="100" defense="0"/>
	<flags>
		<flag summonable="0"/>
		<flag attackable="1"/>
		<flag hostile="1"/>
		<flag illusionable="0"/>
		<flag convinceable="0"/>
		<flag pushable="0"/>
		<flag canpushitems="1"/>
		<flag staticattack="90"/>
		<flag lightlevel="0"/>
		<flag lightcolor="0"/>
		<flag targetdistance="1"/>
		<flag runonhealth="0"/>
	</flags>
	<attacks>
		<attack name="melee" interval="2000" skill="25" attack="20"/>
		<attack name="physical" interval="2000" chance="12" range="7" radius="1" target="1" min="-0" max="-45">
			<attribute key="shootEffect" value="smallstone"/>
			<attribute key="areaEffect" value="stun"/>
		</attack>
	</attacks>
	<defenses armor="30" defense="30"/>
	<elements>
		<element firePercent="40"/>
		<element holyPercent="10"/>
		<element energyPercent="-15"/>
		<element deathPercent="-5"/>
	</elements>
	<immunities>
		<immunity ice="1"/>
	</immunities>
	<voices interval="2000" chance="5">
		<voice sentence="Chikuva!!"/>
		<voice sentence="Jinuma jamjam!"/>
		<voice sentence="Suvituka siq chuqua!"/>
		<voice sentence="Kiyosa sipaju!"/>
	</voices>
	<loot>
		<item id="2148" countmax="20" chance="64850"/><!-- gold coin -->
		<item id="2667" countmax="2" chance="24970"/><!-- fish -->
		<item id="2398" chance="4080"/><!-- mace-->
		<item id="2553" chance="960"/><!-- pick -->
		<item id="2541" chance="880"/><!-- bone shield -->
		<item id="7381" chance="160"/><!-- mammoth whopper -->
		<item id="7441" chance="490"/><!-- ice cube -->
		<item id="7159" chance="100"/><!-- green perch -->
		<item id="2669" chance="130"/><!-- northern pike -->
		<item id="7158" chance="180"/><!-- rainbow trout -->
	</loot>
</monster>
