<?xml version="1.0" encoding="UTF-8"?>
<monster name="Crystal Spider" nameDescription="a crystal spider" race="undead" experience="900" speed="230" manacost="0">
	<health now="1250" max="1250"/>
	<look type="263" corpse="7344"/>
  <targetchange speed="5000" chance="50" />
  <strategy attack="100" defense="0" />
  <flags>
    <flag summonable="0" />
    <flag attackable="1" />
    <flag hostile="1" />
    <flag illusionable="0" />
    <flag convinceable="0" />
    <flag pushable="0" />
    <flag canpushitems="1" />
    <flag staticattack="90" />
    <flag lightlevel="0" />
    <flag lightcolor="0" />
    <flag targetdistance="1" />
    <flag runonhealth="0" />
  </flags>
  <attacks>
    <attack name="melee" interval="2000" skill="40" attack="100" poison="175" />
    <attack name="crystal spider paralyze 1" interval="2000" chance="14"/>
    <attack name="crystal spider paralyze 2" interval="2000" chance="12"/>
    <attack name="ice" interval="2000" chance="7" range="7" target="1" min="-50" max="-100">
      <attribute key="shootEffect" value="ice" />
      <attribute key="areaEffect" value="icearea" />
    </attack>
  </attacks>
  <defenses armor="32" defense="30">
    <defense name="speed" interval="2000" chance="8" speedchange="350" duration="15000">
      <attribute key="areaEffect" value="redshimmer" />
    </defense>
  </defenses>
  <elements>
    <element earthPercent="20" />
    <element energyPercent="-20" />
  </elements>
  <immunities>
    <immunity fire="1" />
    <immunity ice="1" />
    <immunity paralyze="1" />
    <immunity invisible="1" />
  </immunities>

	<voices interval="2000" chance="5">
		<voice sentence="Screeech!"/>
	</voices>
	<loot>
		<item id="2148" countmax="193" chance="100000"/><!-- gold coin -->
		<item id="7364" countmax="6" chance="5610"/><!-- sniper arrow -->
		<item id="2463" chance="10030"/><!-- plate armor -->
		<item id="7441" chance="5020"/><!-- ice cube -->
		<item id="2457" chance="5080"/><!-- steel helmet -->
		<item id="5879" chance="1980"/><!-- spider silk-->
		<item id="7437" chance="120"/><!-- sapphire hammer -->
		<item id="7449" chance="2570"/><!-- crystal sword -->
		<item id="7589" chance="14870"/><!-- strong mana potion -->
		<item id="2477" chance="680"/><!-- knight legs -->
		<item id="7290" chance="790"/><!-- shard -->
		<item id="2169" chance="1570"/><!-- time ring -->
		<item id="7902" chance="670"/><!-- glacier mask -->
		<item id="2476" chance="590"/><!-- knight armor -->
		<item id="2171" chance="130"/><!-- platinum amulet -->
		<item id="5801" chance="90"/><!-- jewelled backpack -->
		<item id="2125" chance="1860"/><!-- crystal necklace -->
		<item id="2124" chance="1690"/><!-- crystal ring -->
	</loot>
</monster>
