<?xml version="1.0" encoding="UTF-8"?>
<monster name="Giant Spider" nameDescription="a giant spider" race="venom" experience="900" speed="240" manacost="0">
	<health now="1300" max="1300"/>
	<look type="38" corpse="5977"/>
	<targetchange interval="2000" chance="10"/>
	<strategy attack="70" defense="0"/>
	<flags>
		<flag summonable="0"/>
		<flag attackable="1"/>
		<flag hostile="1"/>
		<flag illusionable="0"/>
		<flag convinceable="0"/>
		<flag pushable="0"/>
		<flag canpushitems="1"/>
		<flag canpushcreatures="1"/>
		<flag targetdistance="1"/>
		<flag staticattack="90"/>
		<flag runonhealth="0"/>
	</flags>
	<attacks>
		<attack name="melee" interval="2000" skill="50" attack="100" poison="150"/>
		<attack name="poisonfield" interval="2000" chance="17" range="7" radius="1" target="1">
			<attribute key="shootEffect" value="poison"/>
		</attack>
    		<attack name="poison" interval="2000" chance="7" range="7" target="1" min="-40" max="-70">
      			<attribute key="shootEffect" value="poison" />
      			<attribute key="areaEffect" value="poison" />
    </attack>
	</attacks>
	<defenses armor="30" defense="40">
		<defense name="speed" interval="2000" chance="6" speedchange="350" duration="20000">
			<attribute key="areaEffect" value="redshimmer"/>
		</defense>
	</defenses>
	<elements>
		<element energyPercent="20"/>
		<element icePercent="20"/>
		<element firePercent="-10"/>
	</elements>
	<immunities>
		<immunity earth="1"/>
		<immunity outfit="1"/>
		<immunity drunk="1"/>
		<immunity invisible="1"/>
	</immunities>
	<summons maxSummons="2">
		<summon name="Poison Spider" interval="2000" chance="10" max="2"/>
	</summons>
	<loot>
		<item id="2148" countmax="195" chance="99990"/><!-- gold coin -->
		<item id="2477" chance="890"/><!-- knight legs -->
		<item id="2377" chance="5200"/><!-- two handed sword -->
		<item id="2647" chance="8040"/><!-- plate legs -->
		<item id="2463" chance="10050"/><!-- plate armor -->
		<item id="2545" countmax="12" chance="12310"/><!-- poison arrow -->
		<item id="5879" chance="2100"/><!-- spider silk -->
		<item id="2457" chance="4770"/><!-- steel helmet -->
		<item id="7588" chance="3390"/><!-- strong health potion -->
		<item id="2169" chance="740"/><!-- time ring -->
		<item id="2476" chance="540"/><!-- knight armor -->
		<item id="7901" chance="230"/><!-- lightning headband -->
		<item id="2171" chance="290"/><!-- platinum amulet -->
	</loot>
</monster>
