<?xml version="1.0" encoding="UTF-8"?>
<monster name="Giant Spider" nameDescription="a giant spider" race="venom" experience="12" speed="152" manacost="0">
	<health now="20" max="20"/>
	<look type="38" corpse="5961"/>
	<targetchange interval="2000" chance="0"/>
	<strategy attack="100" defense="0"/>
	<flags>
		<flag summonable="0"/>
		<flag attackable="1"/>
		<flag hostile="1"/>
		<flag illusionable="0"/>
		<flag convinceable="0"/>
		<flag pushable="1"/>
		<flag canpushitems="0"/>
		<flag canpushcreatures="0"/>
		<flag targetdistance="1"/>
		<flag staticattack="90"/>
		<flag runonhealth="6"/>
	</flags>
  	<script>
		<event name="wyda"/>
	</script>
	<attacks>
		<attack name="melee" interval="2000" skill="10" attack="27"/>
	</attacks>
	<defenses armor="2" defense="2"/>
	<elements>
		<element firePercent="-10"/>
	</elements>
	<loot>
		<item id="2148" countmax="5" chance="35100"/><!-- gold coin -->
		<item id="8859" chance="1030"/><!-- spider fangs -->
	</loot>
</monster>
