<?xml version="1.0" encoding="UTF-8"?>
<monster name="Sacred Spider" nameDescription="a sacred spider" race="venom" experience="330" speed="244" manacost="0">
	<health now="550" max="550"/>
	<look type="219" corpse="13979"/>
	<targetchange interval="5000" chance="8"/>
	<strategy attack="100" defense="0"/>
	<flags>
		<flag summonable="0"/>
		<flag attackable="1"/>
		<flag hostile="1"/>
		<flag illusionable="0"/>
		<flag convinceable="0"/>
		<flag pushable="0"/>
		<flag canpushitems="1"/>
		<flag canpushcreatures="0"/>
		<flag targetdistance="1"/>
		<flag staticattack="90"/>
		<flag runonhealth="0"/>
	</flags>
	<attacks>
		<attack name="melee" interval="2000" skill="70" attack="40" poison="74"/>
		<attack name="poison" interval="2000" chance="10" target="1" range="1" min="-50" max="-80">
			<attribute key="shootEffect" value="poison"/>
			<attribute key="areaEffect" value="greenbubble"/>
		</attack>
	</attacks>
	<defenses armor="15" defense="17"/>
	<elements>
		<element firePercent="-5"/>
	</elements>
	<immunities>
		<immunity earth="1"/>
		<immunity outfit="1"/>
		<immunity drunk="1"/>
	</immunities>
	<loot>
		<item id="2148" countmax="119" chance="89830"/><!-- gold coin -->
		<item id="8859" chance="24840"/><!-- spider fangs -->
		<item id="2159" countmax="4" chance="6940"/><!-- scarab coin -->
		<item id="2463" chance="4880"/><!-- plate armor -->
		<item id="9971" chance="90"/><!-- gold ingot -->
	</loot>
</monster>
