<?xml version="1.0" encoding="UTF-8"?>
<monster name="Sandstone Scorpion" nameDescription="a sandstone scorpion" race="venom" experience="680" speed="220" manacost="0">
	<health now="900" max="900"/>
	<look type="398" corpse="13501"/>
	<targetchange interval="5000" chance="8"/>
	<strategy attack="100" defense="0"/>
	<flags>
		<flag summonable="0"/>
		<flag attackable="1"/>
		<flag hostile="1"/>
		<flag illusionable="0"/>
		<flag convinceable="0"/>
		<flag pushable="0"/>
		<flag canpushitems="1"/>
		<flag canpushcreatures="1"/>
		<flag targetdistance="1"/>
		<flag staticattack="90"/>
		<flag runonhealth="0"/>
	</flags>
	<attacks>
		<attack name="melee" interval="2000" skill="80" attack="44" poison="700"/>
	</attacks>
	<defenses armor="20" defense="20"/>
	<elements>
		<element energyPercent="-10"/>
		<element icePercent="-5"/>
		<element firePercent="50"/>
		<element holyPercent="-1"/>
	</elements>
	<immunities>
		<immunity earth="1"/>
		<immunity outfit="1"/>
		<immunity drunk="1"/>
		<immunity invisible="1"/>
	</immunities>
	<voices interval="2000" chance="5">
		<voice sentence="*rattle*"/>
		<voice sentence="*rattle-rattle*"/>
		<voice sentence="*tak tak*"/>
		<voice sentence="*tak tak tak*"/>
	</voices>
	<loot>
		<item id="2148" countmax="128" chance="92600"/><!-- gold coin -->
		<item id="2152" countmax="2" chance="11460"/><!-- platinum coin -->
		<item id="2439" chance="5160"/><!-- daramian mace -->
		<item id="2457" chance="4860"/><!-- steel helmet -->
		<item id="2149" countmax="2" chance="9910"/><!-- emeralds -->
		<item id="2529" chance="1740"/><!-- black shield -->
		<item id="13535" chance="280"/><!-- fist on a stick -->
	</loot>
</monster>
