<?xml version="1.0" encoding="UTF-8"?>
<monster name="Spidris Elite" nameDescription="a spidris elite" race="venom" experience="4000" speed="394" manacost="0">
	<health now="5000" max="5000"/>
	<look type="457" corpse="15296"/>
	<targetchange interval="2000" chance="5"/>
	<strategy attack="100" defense="0"/>
	<flags>
		<flag summonable="0"/>
		<flag attackable="1"/>
		<flag hostile="1"/>
		<flag illusionable="0"/>
		<flag convinceable="0"/>
		<flag pushable="0"/>
		<flag canpushitems="1"/>
		<flag canpushcreatures="1"/>
		<flag staticattack="90"/>
		<flag targetdistance="1"/>
		<flag runonhealth="0"/>
	</flags>
	<attacks>
		<attack name="melee" interval="2000" skill="90" attack="70" poison="360"/>
		<attack name="poison" interval="2000" chance="10" range="7" radius="3" target="1" min="-150" max="-330">
			<attribute key="shootEffect" value="greenstar"/>
			<attribute key="areaEffect" value="greenbubble"/>
		</attack>
	</attacks>
	<defenses armor="11" defense="11">
		<defense name="speed" interval="2000" chance="9" speedchange="1722" duration="5000">
			<attribute key="areaEffect" value="yellowspark"/>
		</defense>
		<defense name="healing" interval="2000" chance="16" min="130" max="220">
			<attribute key="areaEffect" value="blueshimmer"/>
		</defense>
	</defenses>
	<elements>
		<element deathPercent="10"/>
		<element firePercent="10"/>
		<element holyPercent="-10"/>
		<element energyPercent="-10"/>
		<element icePercent="-10"/>
	</elements>
	<immunities>
		<immunity earth="1"/>
		<immunity paralyze="1"/>
		<immunity invisible="1"/>
	</immunities>
	<voices interval="2000" chance="5">
		<voice sentence="Iiiiiiieeeeriririririri!"/>
	</voices>
	<loot>
		<item id="15486" chance="12490"/> <!-- compound eye -->
		<item id="7632" chance="1660"/><!-- giant shimmering pearl -->
		<item id="7633" chance="1660"/><!-- giant shimmering pearl -->
		<item id="6300" chance="2670"/> <!-- death ring -->
		<item id="15489" chance="370"/><!-- calopteryx cape -->
		<item id="2148" countmax="200" chance="100000"/> <!-- gold coin -->
		<item id="7590" countmax="2" chance="11500"/> <!-- great mana potion -->
		<item id="2152" countmax="4" chance="45230"/> <!-- platinum coin -->
		<item id="15492" chance="690"/><!-- hive scythe -->
		<item id="8473" countmax="2" chance="6210"/> <!-- ultimate health potion -->
		<item id="2147" countmax="5" chance="11870"/> <!-- small ruby -->
		<item id="15485" chance="14950"/> <!-- spidris mandible -->
		<item id="7413" chance="920"/><!-- titan axe -->
		<item id="2153" chance="770"/><!-- violet gem -->
		<item id="15491" chance="720"/><!-- carapace shield -->
	</loot>
</monster>
