<?xml version="1.0" encoding="UTF-8"?>
<monster name="Tarantula" nameDescription="a tarantula" race="venom" experience="120" speed="214" manacost="485">
	<health now="225" max="225"/>
	<look type="219" corpse="6060"/>
	<targetchange interval="2000" chance="5"/>
	<strategy attack="70" defense="30"/>
	<flags>
		<flag summonable="1"/>
		<flag attackable="1"/>
		<flag hostile="1"/>
		<flag illusionable="1"/>
		<flag convinceable="0"/>
		<flag pushable="0"/>
		<flag canpushitems="1"/>
		<flag canpushcreatures="0"/>
		<flag targetdistance="1"/>
		<flag staticattack="90"/>
		<flag runonhealth="0"/>
	</flags>
	<attacks>
		<attack name="melee" interval="2000" skill="30" attack="45" poison="40"/>
		<attack name="physical" interval="2000" chance="20" target="1" range="1">
			<attribute key="shootEffect" value="poison"/>
			<attribute key="areaEffect" value="carniphila"/>
		</attack>
	</attacks>
	<defenses armor="20" defense="20">
		<defense name="speed" interval="2000" chance="13" speedchange="356" duration="2000">
			<attribute key="areaEffect" value="redshimmer"/>
		</defense>
	</defenses>
	<elements>
		<element energyPercent="10"/>
		<element firePercent="-15"/>
		<element icePercent="-10"/>
	</elements>
	<immunities>
		<immunity earth="1"/>
		<immunity outfit="1"/>
		<immunity drunk="1"/>
	</immunities>
	<loot>
		<item id="2478" chance="3060"/><!-- brass legs -->
		<item id="2148" countmax="40" chance="79250"/><!-- gold coin -->
		<item id="2510" chance="1960"/><!-- plate shield -->
		<item id="2457" chance="1000"/><!-- steel helmet -->
		<item id="2169" chance="120"/><!-- time ring -->
		<item id="8859" chance="4900"/><!-- spider fangs -->
		<item id="11198" countmax="1" chance="10010"/><!-- tarantula egg -->
	</loot>
</monster>
