<?xml version="1.0" encoding="UTF-8"?>
<monster name="Wailing Widow" nameDescription="a wailing widow" race="venom" experience="450" speed="254" manacost="0">
	<health now="850" max="850"/>
	<look type="347" corpse="11310"/>
	<targetchange interval="5000" chance="8"/>
	<strategy attack="100" defense="0"/>
	<flags>
		<flag summonable="0"/>
		<flag attackable="1"/>
		<flag hostile="1"/>
		<flag illusionable="1"/>
		<flag convinceable="0"/>
		<flag pushable="0"/>
		<flag canpushitems="1"/>
		<flag canpushcreatures="1"/>
		<flag targetdistance="1"/>
		<flag staticattack="90"/>
		<flag runonhealth="0"/>
	</flags>
	<attacks>
		<attack name="melee" interval="2000" skill="50" attack="40" poison="120"/>
		<attack name="drunk" interval="2000" chance="10" range="1" radius="4" target="0" duration="6000">
			<attribute key="areaEffect" value="rednote"/>
		</attack>
		<attack name="lifedrain" interval="2000" chance="15" radius="3" target="0" min="-30" max="-70">
			<attribute key="areaEffect" value="redshimmer"/>
		</attack>
		<attack name="poison" interval="2000" chance="10" range="7" min="-60" max="-110">
			<attribute key="shootEffect" value="poison"/>
			<attribute key="areaEffect" value="poison"/>
	</attack>
	</attacks>
	<defenses armor="5" defense="35">
		<defense name="healing" interval="2000" chance="15" min="35" max="55">
			<attribute key="areaEffect" value="redspark"/>
		</defense>
		<defense name="speed" interval="2000" chance="12" speedchange="572" duration="15000">
			<attribute key="areaEffect" value="yellownote"/>
		</defense>
	</defenses>
	<elements>
		<element firePercent="-10"/>
		<element holyPercent="10"/>
	</elements>
	<immunities>
		<immunity paralyze="1"/>
		<immunity invisible="1"/>
		<immunity death="1"/>
		<immunity earth="1"/>
	</immunities>
	<voices interval="2000" chance="5">
		<voice sentence="Wizzzzzz!" yell="0"/>
	</voices>
	<loot>
		<item id="2148" countmax="139" chance="97230" /><!-- gold coin -->
		<item id="7618" chance="4700" /><!-- health potion -->
		<item id="7620" chance="4930" /><!-- mana potion -->
		<item id="11328" chance="21080" /><!-- widow's mandibles -->
		<item id="2510" chance="2920" /><!-- plate shield -->
		<item id="2381" chance="4290" /><!-- halberd -->
		<item id="2796" chance="3220" /><!-- green mushroom -->
		<item id="11323" chance="2200" /><!-- zaoan halberd -->
		<item id="11329" chance="870" /><!-- wailing widow's necklace -->
	</loot>
</monster>