<?xml version="1.0" encoding="UTF-8"?>
<monster name="Doomhowl" nameDescription="Doomhowl" experience="3750" speed="280" race="blood" manacost="0">
	<health now="8500" max="8500"/>
	<strategy attack="100" defense="0"/>
	<targetchange speed="2000" chance="2"/>
	<look type="308" corpse="20607"/>
	<flags>
		<flag summonable="0"/>
		<flag attackable="1"/>
		<flag hostile="1"/>
		<flag illusionable="0"/>
		<flag convinceable="0"/>
		<flag pushable="0"/>
		<flag canpushitems="1"/>
		<flag canpushcreatures="1"/>
		<flag targetdistance="1"/>
		<flag staticattack="90"/>
		<flag runonhealth="0"/>
	</flags>
	<attacks>
		<attack name="melee" interval="2000" skill="140" attack="60"/>
		<attack name="lifedrain" interval="2000" chance="25" radius="3" target="0" min="-150" max="-250">
			<attribute key="areaEffect" value="redspark"/>
		</attack>
	</attacks>
	<defenses armor="50" defense="55">
		<defense name="healing" interval="2000" chance="60" min="10" max="20">
			<attribute key="areaEffect" value="greenshimmer"/>
		</defense>
		<defense name="healing" interval="2000" chance="11" min="85" max="125">
			<attribute key="areaEffect" value="greenshimmer"/>
		</defense>
		<defense name="speed" interval="2000" chance="12" speedchange="418" duration="10000">
			<attribute key="areaEffect" value="purplenote"/>
		</defense>
		<defense name="healing" interval="2000" chance="20" min="0" max="0">
			<attribute key="areaEffect" value="greennote"/>
		</defense>
	</defenses>
	<elements>
		<element physicalPercent="15"/>
	</elements>
	<immunities>
		<immunity paralyze="1"/>
		<immunity invisible="1"/> 
	</immunities>
	<voices speed="2000" chance="5">
		<voice sentence="GRRRR!" yell="1"/>
		<voice sentence="I will feed!"/>
	</voices>
</monster>
