<?xml version="1.0" encoding="UTF-8"?>
<monster name="Dreadwing" nameDescription="Dreadwing" race="blood" experience="3750" speed="336" manacost="0">
	<health now="8500" max="8500"/>
	<look type="307" corpse="9829"/>
	<targetchange interval="2000" chance="10"/>
	<strategy attack="100" defense="0"/>
	<flags>
		<flag summonable="0"/>
		<flag attackable="1"/>
		<flag hostile="1"/>
		<flag illusionable="0"/>
		<flag convinceable="0"/>
		<flag pushable="0"/>
		<flag canpushitems="1"/>
		<flag canpushcreatures="1"/>
		<flag targetdistance="1"/>
		<flag staticattack="90"/>
		<flag runonhealth="300"/>
	</flags>
	<attacks>
		<attack name="melee" interval="2000" skill="40" attack="40" poison="100"/>
		<attack name="drown" interval="2000" chance="30" target="0" radius="7" min="-50" max="-100">
			<attribute key="areaEffect" value="whitenote"/>
		</attack>
		<attack name="manadrain" interval="2000" chance="14" target="1" range="7" min="-25" max="-390">
			<attribute key="shootEffect" value="poison"/>
			<attribute key="areaEffect" value="greenbubble"/>
		</attack>
		<attack name="dreadwing skill reducer" interval="2000" chance="13" range="7"/>
		<attack name="poisoncondition" interval="2000" chance="15" target="1" range="7" min="-200" max="-400">
			<attribute key="shootEffect" value="poison"/>
		</attack>
		<attack name="lifedrain" interval="2000" chance="17" target="1" range="7" min="-75" max="-200">
			<attribute key="shootEffect" value="poison"/>
			<attribute key="areaEffect" value="redshimmer"/>
		</attack>
		<attack name="dreadwing curse" interval="2000" chance="12"/>
	</attacks>
	<defenses armor="30" defense="30">
		<defense name="healing" interval="2000" chance="18" min="90" max="200">
			<attribute key="areaEffect" value="blueshimmer"/>
		</defense>
	</defenses>
	<immunities>
		<immunity death="1"/>
		<immunity earth="1"/>
		<immunity invisible="1"/>
	</immunities>
	<voices interval="2000" chance="5">
		<voice sentence="Shriiiiiek"/>
		<voice sentence="More blood! More!"/>
		<voice sentence="Get, get! Kill, kill!"/>
	</voices>
</monster>
