<?xml version="1.0" encoding="UTF-8"?>
<monster name="Haunter" nameDescription="Haunter" experience="4000" speed="266" race="blood">
	<health now="8500" max="8500"/>
	<strategy attack="100" defense="0"/>
	<targetchange speed="0" chance="8"/>
	<look type="320" corpse="9960"/>
	<flags>
		<flag summonable="0"/>
		<flag attackable="1"/>
		<flag hostile="1"/>
		<flag illusionable="0"/>
		<flag convinceable="0"/>
		<flag pushable="0"/>
		<flag canpushitems="1"/>
		<flag canpushcreatures="1"/>
		<flag targetdistance="1"/>
		<flag staticattack="90"/>
		<flag runonhealth="0"/> 
	</flags>
	<attacks>
		<attack name="melee" interval="2000" skill="50" attack="30" poison="300"/>
		<attack name="manadrain" interval="2000" chance="80" radius="3" target="0" min="-25" max="-75">
			<attribute key="areaEffect" value="energy"/>
		</attack>
		<attack name="haunter curse" interval="2000" chance="14"/>
		<attack name="haunter electrify" interval="2000" chance="16"/>
	</attacks>
	<defenses armor="30" defense="35"/>
	<elements>
		<element deathPercent="10"/>
	</elements>
	<immunities>
		<immunity paralyze="1"/>
		<immunity invisible="1"/> 
	</immunities> 
	<voices speed="2000" chance="5">
		<voice sentence="Surrender and I'll end it quick."/>
		<voice sentence="Your fear is delicious."/>
	</voices>
</monster>
