<?xml version="1.0" encoding="UTF-8"?>
<monster name="Incineron" nameDescription="Incineron" race="fire" experience="3500" speed="330" manacost="0">
	<health now="7000" max="7000"/>
	<look type="243" corpse="6324"/>
	<targetchange interval="5000" chance="8"/>
	<strategy attack="100" defense="0"/>
	<flags>
		<flag summonable="0"/>
		<flag attackable="1"/>
		<flag hostile="1"/>
		<flag illusionable="0"/>
		<flag convinceable="0"/>
		<flag pushable="0"/>
		<flag canpushitems="1"/>
		<flag canpushcreatures="1"/>
		<flag targetdistance="1"/>
		<flag staticattack="90"/>
		<flag runonhealth="0"/>
	</flags>
	<attacks>
		<attack name="melee" interval="2000" skill="110" attack="50"/>
		<attack name="fire" interval="2000" chance="9" length="8" spread="0" min="-390" max="-1200">
			<attribute key="areaEffect" value="fireattack"/>
		</attack>
		<attack name="fire" interval="2000" chance="12" radius="3" target="0" min="-25" max="-75">
			<attribute key="areaEffect" value="redshimmer"/>
		</attack>
		<attack name="fire" interval="2000" chance="12" range="7" radius="1" target="1" min="-50" max="-400">
			<attribute key="shootEffect" value="fire"/>
			<attribute key="areaEffect" value="fire"/>
		</attack>
		<attack name="incineron soulfire" interval="2000" chance="10"/>
	</attacks>
	<defenses armor="25" defense="25"/>
	<elements>
		<element energyPercent="20"/>
	</elements>
	<immunities>
		<immunity paralyze="1"/>
		<immunity fire="1"/>
		<immunity ice="1"/>
		<immunity invisible="1"/>
	</immunities>
</monster>
