<?xml version="1.0" encoding="UTF-8"?>
<monster name="Menace" nameDescription="Menace" race="blood" experience="3250" speed="244" manacost="0">
	<health now="6000" max="6000"/>
	<look type="113" corpse="4251"/>
	<targetchange interval="2000" chance="10"/>
	<strategy attack="100" defense="0"/>
	<flags>
		<flag summonable="0"/>
		<flag attackable="1"/>
		<flag hostile="1"/>
		<flag illusionable="1"/>
		<flag convinceable="0"/>
		<flag pushable="0"/>
		<flag canpushitems="1"/>
		<flag canpushcreatures="0"/>
		<flag targetdistance="1"/>
		<flag staticattack="90"/>
		<flag runonhealth="0"/>
	</flags>
	<attacks>
		<attack name="melee" interval="2000" skill="68" attack="80"/>
	</attacks>
	<defenses armor="16" defense="19">
		<defense name="speed" interval="2000" chance="9" speedchange="348" duration="5000">
			<attribute key="areaEffect" value="greenshimmer"/>
		</defense>
	</defenses>
	<elements>
		<element firePercent="-10"/>
		<element icePercent="10"/>
		<element energyPercent="20"/>
	</elements>
	<immunities>
		<immunity earth="1"/>
		<immunity invisible="1"/>
	</immunities>
	<voices interval="2000" chance="5">
		<voice sentence="Hissss!"/>
	</voices>
</monster>