<?xml version="1.0" encoding="UTF-8"?>
<monster name="The Axeorcist" nameDescription="The Axeorcist" race="blood" experience="4000" speed="256" manacost="0">
	<health now="5100" max="5100"/>
	<look type="8" corpse="5980"/>
	<targetchange interval="2000" chance="10"/>
	<strategy attack="100" defense="0"/>
	<flags>
		<flag summonable="0"/>
		<flag attackable="1"/>
		<flag hostile="1"/>
		<flag illusionable="0"/>
		<flag convinceable="0"/>
		<flag pushable="0"/>
		<flag canpushitems="1"/>
		<flag canpushcreatures="1"/>
		<flag targetdistance="1"/>
		<flag staticattack="90"/>
		<flag runonhealth="0"/>
	</flags>
	<attacks>
		<attack name="melee" interval="2000" skill="60" attack="80"/>
        	<attack name="physical" interval="2000" chance="13" radius="1" range="7" target="1" min="-0" max="-120">
            		<attribute key="shootEffect" value="whirlwindaxe"/>
        	</attack>
        	<attack name="lifedrain" interval="2000" chance="12" radius="3" range="7" target="0" min="-130" max="-220">
            		<attribute key="areaEffect" value="yellowspark"/>
        	</attack>
	</attacks>
	<defenses armor="22" defense="35">
		<defense name="speed" interval="2000" chance="12" speedchange="348" duration="10000">
			<attribute key="areaEffect" value="redshimmer"/>
		</defense>
		<defense name="healing" interval="2000" chance="9" min="70" max="100">
			<attribute key="areaEffect" value="redshimmer"/>
		</defense>
	</defenses>
	<elements>
		<element earthPercent="-10"/>
		<element energyPercent="15"/>
		<element deathPercent="-5"/>
		<element holyPercent="10"/>
	</elements>
	<immunities>
		<immunity invisible="1"/>
	</immunities>
	<voices interval="2000" chance="5">
		<voice sentence="DEESTRUCTIOON!"/>
		<voice sentence="Blood! Carnage! Muhahaha!"/>
	</voices>
</monster>
