<?xml version="1.0" encoding="UTF-8"?>
<monster name="Tirecz" nameDescription="Tirecz" race="blood" experience="6000" speed="352" manacost="0">
	<health now="25000" max="25000"/>
	<look type="334" corpse="0"/>
	<targetchange interval="5000" chance="8"/>
	<strategy attack="100" defense="0"/>
	<flags>
		<flag summonable="0"/>
		<flag attackable="1"/>
		<flag hostile="1"/>
		<flag illusionable="0"/>
		<flag convinceable="0"/>
		<flag pushable="0"/>
		<flag canpushitems="1"/>
		<flag canpushcreatures="0"/>
		<flag targetdistance="1"/>
		<flag staticattack="90"/>
		<flag runonhealth="0"/>
	</flags>
	<script>
		<event name="tirecz"/>
	</script>
	<attacks>
		<attack name="melee" interval="2000" skill="90" attack="100"/>
		<attack name="invisible" interval="2000" chance="12" range="7" radius="1" target="1" duration="20000">
			<attribute key="shootEffect" value="fire"/>
			<attribute key="areaEffect" value="firearea"/>
		</attack>
		<attack name="lifedrain" interval="2000" chance="9" range="3" radius="1" target="1" min="-100" max="-150">
			<attribute key="shootEffect" value="death"/>
		</attack>
		<attack name="physical" interval="2000" chance="10" range="7" radius="1" target="1" min="-0" max="-120">
			<attribute key="shootEffect" value="energy"/>
		</attack>
		<attack name="fire" interval="2000" chance="13" length="7" spread="3" min="-120" max="-460">
			<attribute key="areaEffect" value="fire"/>
		</attack>
		<attack name="physical" interval="2000" chance="10" radius="3" target="0" min="-0" max="-200">
			<attribute key="areaEffect" value="yellowspark"/>
		</attack>
		<attack name="energy" interval="2000" chance="12" length="8" spread="0" min="-150" max="-250">
			<attribute key="areaEffect" value="energy"/>
		</attack>
		<attack name="manadrain" interval="2000" chance="14" radius="8" target="0" min="-200" max="-300">
			<attribute key="areaEffect" value="redshimmer"/>
		</attack>
	</attacks>
	<defenses armor="47" defense="54">
		<defense name="speed" interval="2000" chance="12" speedchange="810" duration="8000">
			<attribute key="areaEffect" value="rednote"/>
		</defense>
		<defense name="healing" interval="2000" chance="30" min="150" max="450">
			<attribute key="areaEffect" value="redspark"/>
		</defense>
	</defenses>
	<elements>
		<element physicalPercent="10"/>
		<element holyPercent="30"/>
		<element deathPercent="20"/>
		<element energyPercent="30"/>
		<element icePercent="30"/>
		<element earthPercent="30"/>
		<element firePercent="50"/>
	</elements>
	<immunities>
		<immunity paralyze="1"/>
		<immunity invisible="1"/>
	</immunities>
	<voices interval="2000" chance="5">
		<voice sentence="Hissss!"/>
	</voices>
</monster>