<?xml version="1.0" encoding="UTF-8"?>
<creaturescripts>
    <!-- Monsters -->
    <event type="death" name="wyda" script="monsters/wyda.lua"/>
    <event type="death" name="raging mage" script="monsters/raging mage.lua"/>
    <event type="death" name="raging mage2" script="monsters/raging mage2.lua"/>
    <event type="death" name="white deer" script="monsters/white deer.lua"/>
    <event type="death" name="white deer2" script="monsters/white deer2.lua"/>
    <event type="death" name="northern pike" script="monsters/northern pike.lua"/>
    <event type="think" name="gaz'haragoth heal" script="monsters/gaz'haragoth heal.lua"/>
    <event type="think" name="omrafir explode" script="monsters/omrafir explode.lua"/>
    <event type="think" name="shlorg tp" script="monsters/shlorg tp.lua"/>
    <event type="think" name="welter egg" script="monsters/welter egg.lua"/>
    <event type="think" name="the pale count tp" script="monsters/the pale count tp.lua"/>
    <event type="think" name="zavarash hide" script="monsters/zavarash hide.lua"/>
    <event type="preparedeath" name="monster heal" script="monsters/monster heal.lua"/>
    <event type="preparedeath" name="monster heal2" script="monsters/monster heal2.lua"/>
    <event type="death" name="nomad" script="monsters/nomad.lua"/>
	
    <!-- Others -->
	<event type="kill" name="PlayerTasks" script="tasks.lua"/>
	<event type="login" name="PlayerLogin" script="login.lua"/>
	<event type="login" name="FirstItems" script="firstitems.lua"/>
	<event type="death" name="PlayerDeath" script="playerdeath.lua"/>
	<event type="extendedopcode" name="ExtendedOpcode" script="extendedopcode.lua"/>
	<event type="advance" name="Rewards" script="level_rewards.lua"/>
    <event type="modalwindow" name="Modalwindow" script="tasks_modalwindow.lua"/>
	<event type="kill" name="KillingInTheNameOfKills" script="kills.lua"/>
	<event type="modalwindow" name="ModalwindowTwo" script="bossDoor_modalwindow.lua"/>
    <event type="advance" name="AdvanceSave" script="advance_save.lua"/>
    <event type="kill" name="taskbossOnKill" script="taskboss_onKill.lua"/>
	
	<!-- Zombie Event -->
	<event type="preparedeath" name="ZE_Death" script="zombie_death.lua"/>
    <event type="death" name="ZE_Mon_Death" script="zombie_death.lua"/>
</creaturescripts>