<?xml version="1.0" encoding="UTF-8"?>
<monster name="Blood Crab" nameDescription="a blood crab" race="blood" experience="180" speed="380" manacost="0">
	<health now="320" max="320"/>
	<look type="200" corpse="6075"/>
	<targetchange interval="5000" chance="8"/>
	<strategy attack="100" defense="0"/>
	<flags>
		<flag summonable="0"/>
		<flag attackable="1"/>
		<flag hostile="1"/>
		<flag illusionable="0"/>
		<flag convinceable="0"/>
		<flag pushable="0"/>
		<flag canpushitems="1"/>
		<flag canpushcreatures="0"/>
		<flag staticattack="90"/>
		<flag targetdistance="1"/>
		<flag runonhealth="0"/>
	</flags>
	<attacks>
		<attack name="melee" interval="2000" skill="27" attack="60"/>
	</attacks>
	<defenses armor="10" defense="15"/>
	<elements>
		<element physicalPercent="20"/>
		<element energyPercent="-5"/>
	</elements>
	<immunities>
		<immunity ice="1"/>
		<immunity earth="1"/>
		<immunity fire="1"/>
	</immunities>
	<loot>
		<item id="2148" countmax="20" chance="85690"/><!-- gold coin -->
		<item id="2667" chance="12990"/><!-- fish -->
		<item id="10550" chance="6260"/><!-- bloody pincers -->
		<item id="2478" chance="2170"/><!-- brass legs -->
		<item id="2464" chance="5060"/><!-- chain armor -->
		<item id="2143" chance="480"/><!-- white pearl -->
	</loot>
</monster>
