<?xml version="1.0" encoding="UTF-8"?>
<monster name="Crustacea Gigantica" nameDescription="a crustacea gigantica" race="blood" experience="1800" speed="480" manacost="0">
	<health now="1600" max="1600"/>
	<look type="383" corpse="13331"/>
	<targetchange interval="5000" chance="8"/>
	<strategy attack="100" defense="0"/>
	<flags>
		<flag summonable="0"/>
		<flag attackable="1"/>
		<flag hostile="1"/>
		<flag illusionable="0"/>
		<flag convinceable="0"/>
		<flag pushable="0"/>
		<flag canpushitems="1"/>
		<flag canpushcreatures="1"/>
		<flag staticattack="90"/>
		<flag targetdistance="1"/>
		<flag runonhealth="0"/>
	</flags>
	<attacks>
		<attack name="melee" interval="2000" skill="54" attack="50"/>
		<attack name="ice" interval="2000" chance="18" length="9" spread="2" min="-100" max="-300">
			<attribute key="areaEffect" value="iceattack"/>
		</attack>
		<attack name="sea serpent drown" interval="2000" chance="10"/>
	</attacks>
	<defenses armor="30" defense="45">
		<defense name="healing" interval="2000" chance="45" min="70" max="245">
			<attribute key="areaEffect" value="blueshimmer"/>
		</defense>
		<defense name="speed" interval="2000" chance="12" speedchange="816" duration="6000">
			<attribute key="areaEffect" value="groundshaker"/>
		</defense>
	</defenses>
	<elements>
		<element physicalPercent="12"/>
		<element deathPercent="10"/>
		<element energyPercent="-10"/>
	</elements>
	<immunities>
		<immunity paralyze="1"/>
		<immunity ice="1"/>
		<immunity invisible="1"/>
	</immunities>
	<voices interval="2000" chance="5">
		<voice sentence="Chrchrchr" yell="1"/>
		<voice sentence="Klonklonk" yell="1"/>
		<voice sentence="Chrrrrr" yell="1"/>
		<voice sentence="Crunch crunch" yell="1"/>
	</voices>
	<loot>
		<item id="2148" countmax="175" chance="100000"/><!-- gold coin -->
		<item id="13304" chance="3230"/><!-- giant crab pincer -->
		<item id="7589" chance="9680"/><!-- strong mana potion -->
		<item id="7588" chance="3230"/><!-- strong health potion -->
	</loot>
</monster>
