<?xml version="1.0" encoding="UTF-8"?>
<monster name="Yielothax" nameDescription="a yielothax" race="venom" experience="1250" speed="300" manacost="0">
	<health now="1500" max="1500"/>
	<look type="408" corpse="13752"/>
	<targetchange interval="5000" chance="8"/>
	<strategy attack="100" defense="0"/>
	<flags>
		<flag summonable="0"/>
		<flag attackable="1"/>
		<flag hostile="1"/>
		<flag illusionable="0"/>
		<flag convinceable="0"/>
		<flag pushable="0"/>
		<flag canpushitems="1"/>
		<flag canpushcreatures="1"/>
		<flag staticattack="90"/>
		<flag targetdistance="1"/>
		<flag runonhealth="0"/>
	</flags>
	<attacks>
		<attack name="melee" interval="2000" skill="70" attack="50"/>
		<attack name="lifedrain" interval="2000" chance="18" length="4" spread="0" min="-70" max="-130">
			<attribute key="areaEffect" value="energyarea"/>
		</attack>
		<attack name="manadrain" interval="2000" chance="10" length="5" spread="3" min="-50" max="-150">
			<attribute key="areaEffect" value="redshimmer"/>
		</attack>
		<attack name="poison" interval="2000" chance="10" radius="3" target="1" min="-75" max="-120">
			<attribute key="shootEffect" value="earth"/>
			<attribute key="areaEffect" value="greenspark"/>
		</attack>
		<attack name="poison" interval="2000" chance="10" radius="3" target="0" min="-120" max="-215">
			<attribute key="areaEffect" value="greenspark"/>
		</attack>
		<attack name="poisoncondition" interval="2000" chance="13" range="7" target="1" min ="-50" max="-50">
			<attribute key="shootEffect" value="poison"/>
			<attribute key="areaEffect" value="greenspark"/>
		</attack>
	</attacks>
	<defenses armor="30" defense="45">
		<defense name="healing" interval="2000" chance="15" min="100" max="150">
			<attribute key="areaEffect" value="blueshimmer"/>
		</defense>
	</defenses>
	<elements>
		<element physicalPercent="-10"/>
		<element deathPercent="50"/>
		<element energyPercent="-5"/>
		<element icePercent="-5"/>
		<element firePercent="25"/>
	</elements>
	<immunities>
		<immunity paralyze="1"/>
		<immunity earth="1"/>
		<immunity lifedrain="1"/>
		<immunity invisible="1"/>
	</immunities>
	<voices interval="2000" chance="5">
		<voice sentence="IIEEH!! Iiih iih ih iiih!!!" yell="1"/>
		<voice sentence="Iiiieeeh iiiieh iiieeh!" yell="1"/>
		<voice sentence="Bsssmm bssmm bsssmmm" yell="1"/>
	</voices>
	<loot>
		<item id="7440" chance="490"/><!-- mastermind potion -->
		<item id="13881" chance="300"/><!-- yielowax -->
		<item id="13942" chance="320"/><!-- yielocks -->
		<item id="2148" countmax="227" chance="99800"/><!-- gold coin -->
		<item id="2789" countmax="3" chance="9930"/><!-- brown mushroom -->
		<item id="7588" chance="19910"/><!-- strong health potion -->
		<item id="7589" chance="19920"/><!-- strong mana potion -->
		<item id="2145" countmax="5" chance="4860"/><!-- small diamond -->
		<item id="2151" chance="950"/><!-- talon -->
		<item id="2164" chance="4020"/><!-- might ring -->
		<item id="13877" chance="270"/><!-- broken ring of ending -->
		<item id="2189" chance="510"/><!-- wand of cosmic energy -->
		<item id="2438" chance="520"/><!-- epee -->
		<item id="10221" chance="570"/><!-- shockwave amulet -->
		<item id="7889" chance="830"/><!-- lightning pendant -->
		<item id="7895" chance="480"/><!-- lightning legs -->
	</loot>
</monster>
