<?xml version="1.0" encoding="UTF-8"?>
<monster name="Barbarian Skullhunter" nameDescription="a barbarian skullhunter" race="blood" experience="85" speed="168" manacost="450">
	<health now="135" max="135"/>
	<look type="254" head="0" body="77" legs="96" feet="114" corpse="20347"/>
	<targetchange interval="60000" chance="0"/>
	<strategy attack="100" defense="0"/>
	<flags>
		<flag summonable="0"/>
		<flag attackable="1"/>
		<flag hostile="1"/>
		<flag illusionable="0"/>
		<flag convinceable="1"/>
		<flag pushable="0"/>
		<flag canpushitems="1"/>
		<flag staticattack="90"/>
		<flag lightlevel="0"/>
		<flag lightcolor="0"/>
		<flag targetdistance="1"/>
		<flag runonhealth="0"/>
	</flags>
	<attacks>
		<attack name="melee" interval="2000" skill="16" attack="50"/>
	</attacks>
	<defenses armor="30" defense="30"/>
	<elements>
		<element icePercent="50"/>
		<element holyPercent="10"/>
		<element energyPercent="20"/>
		<element physicalPercent="5"/>
		<element earthPercent="-10"/>
		<element deathPercent="-10"/>
	</elements>
	<immunities>
		<immunity drunk="1"/>
		<immunity paralyze="1"/>
	</immunities>
	<voices interval="2000" chance="5">
		<voice sentence="You will become my trophy."/>
		<voice sentence="Fight harder, coward."/>
		<voice sentence="Show that you are a worthy opponent."/>
	</voices>
	<loot>
		<item id="2148" countmax="30" chance="74110"/><!-- gold coin -->
		<item id="2050" chance="60240"/><!-- torch -->
		<item id="2460" chance="19580"/><!-- brass helmet -->
		<item id="2403" chance="15200"/><!-- knife -->
		<item id="2473" chance="7550"/><!-- viking helmet -->
		<item id="2483" chance="4000"/><!-- scale armor -->
		<item id="2229" chance="3140"/><!-- skull -->
		<item id="7449" chance="90"/><!-- crystal sword -->
		<item id="5913" chance="500"/><!-- brown piece of cloth -->
		<item id="2168" chance="270"/><!-- life ring -->
		<item id="7618" chance="930"/><!-- health potion -->
		<item id="7462" chance="90"/><!-- ragnir helmet -->
		<item id="7457" chance="300"/><!-- fur boots -->
	</loot>
</monster>