<?xml version="1.0" encoding="UTF-8"?>
	<monster name="Barbarian Brutetamer" nameDescription="a barbarian brutetamer" race="blood" experience="90" speed="178" manacost="0">
	<health now="145" max="145"/>
	<look type="264" head="78" body="97" legs="95" feet="121" corpse="20339"/>
	<targetchange interval="60000" chance="0"/>
	<strategy attack="100" defense="0"/>
	<flags>
		<flag summonable="0"/>
		<flag attackable="1"/>
		<flag hostile="1"/>
		<flag illusionable="0"/>
		<flag convinceable="0"/>
		<flag pushable="0"/>
		<flag canpushitems="1"/>
		<flag staticattack="90"/>
		<flag lightlevel="0"/>
		<flag lightcolor="0"/>
		<flag targetdistance="4"/>
		<flag runonhealth="8"/>
	</flags>
	<attacks>
		<attack name="melee" interval="2000" skill="10" attack="20"/>
		<attack name="ice" interval="2000" chance="16" range="7" radius="1" target="1" min="-20" max="-35">
			<attribute key="shootEffect" value="snowball"/>
			<attribute key="areaEffect" value="bluebubble"/>
		</attack>
		<attack name="barbarian brutetamer skill reducer" interval="2000" chance="10" range="7"/>
	</attacks>
	<defenses armor="10" defense="10">
	<defense name="healing" interval="2000" chance="16" min="30" max="45">
		<attribute key="areaEffect" value="blueshimmer"/>
	</defense>
	</defenses>
	<elements>
		<element icePercent="50"/>
		<element holyPercent="10"/>
		<element energyPercent="20"/>
		<element physicalPercent="-20"/>
		<element deathPercent="-10"/>
	</elements>
	<immunities>
		<immunity lifedrain="1"/>
		<immunity paralyze="1"/>
		<immunity outfit="1"/>
		<immunity invisible="1"/>
		<immunity drunk="1"/>
	</immunities>
	<summons maxSummons="2">
		<summon name="War Wolf" interval="2000" chance="12"/>
	</summons>
	<voices interval="2000" chance="5">
		<voice sentence="To me, creatures of the wild!"/>
		<voice sentence="My instincts tell me about your cowardice."/>
		<voice sentence="Feel the power of the beast!"/>
	</voices>
	<loot>
		<item id="2148" countmax="15" chance="90170"/><!-- gold coin -->
		<item id="2671" countmax="3" chance="6300"/><!-- ham -->
		<item id="3965" chance="5260"/><!-- hunting spear -->
		<item id="2686" countmax="2" chance="11340"/><!-- corncob -->
		<item id="2464" chance="8930"/><!-- chain armor -->
		<item id="2401" chance="6590"/><!-- staff -->
		<item id="7343" chance="7530"/><!-- fur bag -->
		<item id="1958" chance="4770"/><!-- grey small book -->
		<item id="7620" chance="630"/><!-- mana potion -->
		<item id="7379" chance="360"/><!-- brutetamer's staff -->
		<item id="7457" chance="160"/><!-- fur boots -->
		<item id="7464" chance="90"/><!-- mammoth fur shorts -->
		<item id="7463" chance="160"/><!-- mammoth fur cape -->
	</loot>
</monster>
