<?xml version="1.0" encoding="UTF-8"?>
<monster name="Avalanche" nameDescription="Avalanche" race="undead" experience="305" speed="208" manacost="0">
	<health now="550" max="550"/>
	<look type="261" corpse="7349"/>
	<strategy attack="100" defense="0"/>
	<flags>
		<flag summonable="0"/>
		<flag attackable="1"/>
		<flag hostile="1"/>
		<flag illusionable="0"/>
		<flag convinceable="0"/>
		<flag pushable="0"/>
		<flag canpushitems="1"/>
    		<flag staticattack="90" />
		<flag targetdistance="1"/>
	</flags>
	<attacks>
		<attack name="melee" interval="2000" skill="50" attack="60"/>
		<attack name="physical" interval="2000" chance="12" length="5" spread="0" min="-10" max="-50">
			<attribute key="areaEffect" value="energy"/>
		</attack>
		<attack name="lifedrain" interval="2000" chance="11" radius="3" min="-20" max="-35">
			<attribute key="areaEffect" value="blackspark"/>
		</attack>
		<attack name="ice" interval="2000" chance="18" radius="1" target="1" range="5" min="-30" max="-70">
			<attribute key="shootEffect" value="ice"/>
		</attack>
	</attacks>
	<defenses armor="26" defense="27">
		<defense name="healing" interval="2000" chance="15" min="5" max="25">
			<attribute key="areaEffect" value="blueshimmer"/>
		</defense>
	</defenses>
	<elements>
		<element firePercent="30"/>
		<element energyPercent="-10"/>
	</elements>
	<immunities>
		<immunity ice="1"/>
		<immunity earth="1"/>
		<immunity outfit="1"/>
		<immunity drunk="1"/>
		<immunity invisible="1"/>
	</immunities>
	<voices interval="2000" chance="5">
		<voice sentence="You will pay for imprisoning me here."/>
		<voice sentence="Puny warmblood."/>
	</voices>
</monster>
