<?xml version="1.0" encoding="UTF-8"?>
<monster name="Drasilla" nameDescription="Drasilla" race="blood" experience="700" speed="170" manacost="0">
	<health now="1260" max="1260"/>
	<look type="34" corpse="7349"/>
	<strategy attack="100" defense="0"/>
	<flags>
		<flag summonable="0"/>
		<flag attackable="1"/>
		<flag hostile="1"/>
		<flag illusionable="0"/>
		<flag convinceable="0"/>
		<flag pushable="0"/>
		<flag canpushitems="1"/>
    		<flag staticattack="90" />
		<flag targetdistance="1"/>
		<flag runonhealth="0"/>
	</flags>
	<attacks>
		<attack name="melee" interval="2000" skill="30" attack="60"/>
		<attack name="fire" interval="2000" chance="11" length="8" spread="3" min="-75" max="-175">
			<attribute key="areaEffect" value="firearea"/>
		</attack>
		<attack name="fire" interval="2000" range="10" radius="4" target="1" chance="24" min="-70" max="-125">
			<attribute key="shootEffect" value="fire"/>
			<attribute key="areaEffect" value="firearea"/>
		</attack>
	</attacks>
	<defenses armor="32" defense="33">
		<defense name="healing" interval="2000" chance="15" min="45" max="70">
			<attribute key="areaEffect" value="blueshimmer"/>
		</defense>
	</defenses>
	<elements>
		<element energyPercent="20"/>
		<element icePercent="-10"/>
	</elements>
	<immunities>
		<immunity fire="1"/>
		<immunity outfit="1"/>
		<immunity drunk="1"/>
		<immunity invisible="1"/>
	</immunities>
	<voices interval="2000" chance="5">
		<voice sentence="FCHHHHHHHH!"/>
		<voice sentence="GROOOOAAAAAAAAR!"/>
		<voice sentence="DIRTY LITTLE HUMANS"/>
		<voice sentence="YOU CAN'T KEEP ME HERE FOREVER."/>
	</voices>
</monster>
