<?xml version="1.0" encoding="UTF-8"?>
<monster name="Kreebosh the Exile" nameDescription="Kreebosh the Exile" race="blood" experience="350" speed="234" manacost="0">
	<health now="705" max="705"/>
	<look type="103" corpse="7349"/>
	<strategy attack="100" defense="0"/>
	<flags>
		<flag summonable="0"/>
		<flag attackable="1"/>
		<flag hostile="1"/>
		<flag illusionable="0"/>
		<flag convinceable="0"/>
		<flag pushable="0"/>
    		<flag staticattack="90" />
		<flag canpushitems="1"/>
		<flag targetdistance="1"/>
	</flags>
	<attacks>
		<attack name="melee" interval="2000" skill="30" attack="50"/>
		<attack name="fire" interval="2000" chance="12" range="5" target="1" min="-50" max="-170">
			<attribute key="shootEffect" value="fire"/>
			<attribute key="areaEffect" value="fire"/>
		</attack>
		<attack name="fire" interval="2000" chance="8" radius="3" target="0" min="-35" max="-130">
			<attribute key="areaEffect" value="energy"/>
		</attack>
		<attack name="djinn electrify 2" interval="2000" chance="7"/>
		<attack name="djinn paralyze" interval="2000" chance="8" range="7"/>
		<attack name="death" interval="2000" chance="13" radius="1" target="1" range="5" min="-50" max="-120">
			<attribute key="areaEffect" value="smallclouds"/>
			<attribute key="shootEffect" value="death"/>
		</attack>
		<attack name="energy" interval="2000" chance="10" radius="1" target="1" range="5" min="-40" max="-200">
			<attribute key="areaEffect" value="energy"/>
			<attribute key="shootEffect" value="energy"/>
		</attack>
		<attack name="drunk" interval="2000" chance="10" range="5" radius="1" target="1" duration="60000">
			<attribute key="areaEffect" value="teleport"/>
			<attribute key="shootEffect" value="energy"/>
		</attack>
		<attack name="outfit" interval="2000" chance="4" range="5" radius="1" target="1" duration="20000" monster="Rat">
			<attribute key="areaEffect" value="greenshimmer"/>
		</attack>
	</attacks>
	<defenses armor="30" defense="40"/>
	<elements>
		<element energyPercent="55"/>
		<element deathPercent="-10"/>
	</elements>
	<immunities>
		<immunity outfit="1"/>
		<immunity drunk="1"/>
		<immunity invisible="1"/>
	</immunities>
	<summons maxSummons="2">
		<summon name="Green Djinn" interval="2000" chance="8" max="2"/>
	</summons>
	<voices interval="2000" chance="5">
		<voice sentence="I bet you wish you weren't here."/>
		<voice sentence="I know no mercy."/>
	</voices>
</monster>
