<?xml version="1.0" encoding="UTF-8"?>
<monster name="Slim" nameDescription="Slim" race="undead" experience="580" speed="222" manacost="0">
	<health now="1025" max="1025"/>
	<look type="101" corpse="7349"/>
	<strategy attack="100" defense="0"/>
	<flags>
		<flag summonable="0"/>
		<flag attackable="1"/>
		<flag hostile="1"/>
		<flag illusionable="0"/>
		<flag convinceable="0"/>
		<flag pushable="0"/>
		<flag canpushitems="1"/>
    		<flag staticattack="90" />
		<flag targetdistance="1"/>
	</flags>
	<attacks>
		<attack name="melee" interval="2000" skill="50" attack="50" poison="60"/>
		<attack name="poison" interval="2000" chance="10" range="5" target="1" min="-40" max="-70">
			<attribute key="shootEffect" value="poison"/>
		</attack>
		<attack name="lifedrain" interval="2000" chance="10" radius="3" min="-35" max="-60">
			<attribute key="areaEffect" value="redshimmer"/>
		</attack>
		<attack name="poisoncondition" interval="2000" chance="10" radius="3" min="-80" max="-120">
			<attribute key="areaEffect" value="poison"/>
		</attack>
	</attacks>
	<defenses armor="36" defense="38">
		<defense name="healing" interval="2000" chance="12" min="30" max="60">
			<attribute key="areaEffect" value="greenspark"/>
		</defense>
	</defenses>
	<elements>
		<element firePercent="-10"/>
		<element holyPercent="-5"/>
	</elements>
	<immunities>
		<immunity death="1"/>
		<immunity earth="1"/>
		<immunity outfit="1"/>
		<immunity drunk="1"/>
		<immunity invisible="1"/>
	</immunities>
	<voices interval="2000" chance="5">
		<voice sentence="Zhroozzzzs."/>
		<voice sentence="Knooorrrrr!"/>
	</voices>
</monster>
