<?xml version="1.0" encoding="UTF-8"?>
<monster name="Spirit of Earth" nameDescription="a spirit of earth" race="undead" experience="800" speed="190" manacost="0">
	<health now="1200" max="1200"/>
	<look type="67" corpse="7349"/>
	<strategy attack="100" defense="0"/>
	<flags>
		<flag summonable="0"/>
		<flag attackable="1"/>
		<flag hostile="1"/>
		<flag illusionable="0"/>
		<flag convinceable="0"/>
		<flag pushable="0"/>
    		<flag staticattack="90" />
		<flag canpushitems="1"/>
		<flag targetdistance="1"/>
	</flags>
	<attacks>
		<attack name="melee" interval="2000" skill="55" attack="60"/>
		<attack name="lifedrain" interval="2000" chance="12" length="7" spread="0" min="-40" max="-170">
			<attribute key="areaEffect" value="groundshaker"/>
		</attack>
		<attack name="poisoncondition" interval="2000" chance="12" length="7" spread="0" min="-120" max="-220">
			<attribute key="areaEffect" value="greenspark"/>
		</attack>
		<attack name="lifedrain" interval="2000" chance="10" radius="3" min="-50" max="-160">
			<attribute key="areaEffect" value="poff"/>
		</attack>
		<attack name="lifedrain" interval="2000" chance="11" range="5" target="1" min="-70" max="-130">
			<attribute key="shootEffect" value="smallstone"/>
		</attack>
		<attack name="spirit of earth paralyze" interval="2000" chance="10" range="7"/>
	</attacks>
	<defenses armor="30" defense="32">
		<defense name="healing" interval="2000" chance="8" min="80" max="125">
			<attribute key="areaEffect" value="redshimmer"/>
		</defense>
	</defenses>
	<elements>
		<element energyPercent="50"/>
		<element firePercent="-5"/>
	</elements>
	<immunities>
		<immunity outfit="1"/>
		<immunity drunk="1"/>
		<immunity invisible="1"/>
	</immunities>
	<voices interval="2000" chance="5">
		<voice sentence="Show your strengh ... or perish."/>
		<voice sentence="The earth will embrace you if you lose."/>
		<voice sentence="When the dust settles there will be only one."/>
		<voice sentence="You're so soft and vulnerable"/>
	</voices>
</monster>
