<?xml version="1.0" encoding="UTF-8"?>
<monster name="Spirit of Water" nameDescription="a spirit of water" race="undead" experience="850" speed="270" manacost="0">
	<health now="1400" max="1400"/>
	<look type="11" corpse="7349"/>
	<strategy attack="100" defense="0"/>
	<flags>
		<flag summonable="0"/>
		<flag attackable="1"/>
		<flag hostile="1"/>
		<flag illusionable="0"/>
		<flag convinceable="0"/>
    		<flag staticattack="90" />
		<flag pushable="0"/>
		<flag canpushitems="1"/>
		<flag targetdistance="1"/>
	</flags>
	<attacks>
		<attack name="melee" interval="2000" skill="70" attack="50" poison="120"/>
		<attack name="poisoncondition" interval="2000" chance="12" radius="5" target="0" min="-140" max="-360">
			<attribute key="areaEffect" value="poison"/>
		</attack>
		<attack name="physical" interval="2000" chance="11" range="5" target="1" min="-20" max="-105">
			<attribute key="shootEffect" value="poison"/>
			<attribute key="areaEffect" value="poison"/>
		</attack>
		<attack name="drown" interval="2000" chance="18" radius="2" target="1" min="-145" max="-200">
			<attribute key="shootEffect" value="snowball"/>
			<attribute key="areaEffect" value="bluebubble"/>
		</attack>
		<attack name="poison" interval="2000" chance="13" range="5" target="1" min="-80" max="-135">
			<attribute key="shootEffect" value="poison"/>
			<attribute key="areaEffect" value="greenspark"/>
		</attack>
	</attacks>
	<defenses armor="0" defense="0">
		<defense name="healing" interval="2000" chance="12" min="135" max="150">
			<attribute key="areaEffect" value="blueshimmer"/>
		</defense>
	</defenses>
	<elements>
		<element energyPercent="-10"/>
		<element physicalPercent="30"/>
		<element holyPercent="50"/>
	</elements>
	<immunities>
		<immunity fire="1"/>
		<immunity ice="1"/>
		<immunity outfit="1"/>
		<immunity drunk="1"/>
		<immunity invisible="1"/>
	</immunities>
	<voices interval="2000" chance="5">
		<voice sentence="Blubb"/>
	</voices>
</monster>
