<?xml version="1.0" encoding="UTF-8"?>
<monster name="Spirit of Fire" nameDescription="a spirit of fire" race="fire" experience="950" speed="238" manacost="0">
	<health now="2210" max="2210"/>
	<look type="242" corpse="7349"/>
	<strategy attack="100" defense="0"/>
	<flags>
		<flag summonable="0"/>
		<flag attackable="1"/>
		<flag hostile="1"/>
		<flag illusionable="0"/>
		<flag convinceable="0"/>
		<flag pushable="0"/>
		<flag canpushitems="1"/>
    		<flag staticattack="90" />
		<flag targetdistance="1"/>
	</flags>
	<attacks>
		<attack name="melee" interval="2000" skill="50" attack="100"/>
		<attack name="firefield" interval="2000" chance="10" range="7" radius="3" target="0">
			<attribute key="areaEffect" value="fire"/>
		</attack>
		<attack name="fire" interval="2000" chance="2" range="7" min="-80" max="-315">
			<attribute key="shootEffect" value="fire"/>
		</attack>
		<attack name="massive fire elemental soulfire" interval="2000" chance="22"/>
		<attack name="firefield" interval="2000" chance="8" range="7" radius="3" target="1">
			<attribute key="shootEffect" value="fire"/>
			<attribute key="areaEffect" value="fireattack"/>
		</attack>
	</attacks>
	<defenses armor="35" defense="45">
		<defense name="healing" interval="2000" chance="14" min="50" max="70">
			<attribute key="areaEffect" value="blueshimmer"/>
		</defense>
	</defenses>
	<elements>
		<element energyPercent="20"/>
		<element icePercent="-10"/>
	</elements>
	<immunities>
		<immunity fire="1"/>
		<immunity outfit="1"/>
		<immunity drunk="1"/>
		<immunity invisible="1"/>
	</immunities>
	<voices interval="2000" chance="5">
		<voice sentence="Feel the heat."/>
	</voices>
</monster>
