<?xml version="1.0" encoding="UTF-8"?>
<monster name="The Hag" nameDescription="The Hag" race="blood" experience="510" speed="204" manacost="0">
	<health now="935" max="935"/>
	<look type="264" head="0" body="21" legs="59" feet="2" corpse="7349"/>
	<strategy attack="100" defense="0"/>
	<flags>
		<flag summonable="0"/>
		<flag attackable="1"/>
		<flag hostile="1"/>
		<flag illusionable="0"/>
		<flag convinceable="0"/>
		<flag pushable="0"/>
    		<flag staticattack="90" />
		<flag canpushitems="1"/>
		<flag targetdistance="4"/>
	</flags>
	<attacks>
		<attack name="melee" interval="2000" skill="40" attack="40" poison="80"/>
		<attack name="drunk" interval="2000" chance="13" range="5" radius="1" target="1" duration="15000">
			<attribute key="areaEffect" value="energyarea"/>
			<attribute key="shootEffect" value="energy"/>
		</attack>
		<attack name="djinn paralyze" interval="2000" chance="10" range="7"/>
		<attack name="lifedrain" interval="2000" chance="12" range="1" radius="1" target="1" min="-80" max="-120">
			<attribute key="areaEffect" value="redshimmer"/>
		</attack>
	</attacks>
	<defenses armor="24" defense="25">
		<defense name="healing" interval="2000" chance="12" min="75" max="120">
			<attribute key="areaEffect" value="blueshimmer"/>
		</defense>
		<defense name="invisible" interval="2000" chance="10" duration="8000">
			<attribute key="areaEffect" value="poff"/>
		</defense>
	</defenses>
	<elements>
		<element firePercent="30"/>
		<element icePercent="20"/>
		<element energyPercent="10"/>
	</elements>
	<immunities>
		<immunity outfit="1"/>
		<immunity drunk="1"/>
		<immunity invisible="1"/>
	</immunities>
	<summons maxSummons="2">
		<summon name="Ghost" interval="2000" chance="26"/>
		<summon name="Crypt Shambler" interval="2000" chance="26"/>
	</summons>
	<voices interval="2000" chance="5">
		<voice sentence="If you think I am too old to fight then you're wrong."/>
		<voice sentence="I've forgotten more things then you have ever learned!"/>
		<voice sentence="Let me teach you a few things youngster!"/>
		<voice sentence="I'll teach you respect for the old!"/>
	</voices>
</monster>
