<?xml version="1.0" encoding="UTF-8"?>
<monster name="The Dark Dancer" nameDescription="The Dark Dancer" race="blood" experience="435" speed="170" manacost="0">
	<health now="805" max="805"/>
	<look type="58" corpse="7349"/>
	<strategy attack="100" defense="0"/>
	<flags>
		<flag summonable="0"/>
		<flag attackable="1"/>
		<flag hostile="1"/>
		<flag illusionable="0"/>
		<flag convinceable="0"/>
		<flag pushable="0"/>
		<flag canpushitems="1"/>
    		<flag staticattack="90" />
		<flag targetdistance="4"/>
	</flags>
	<attacks>
		<attack name="melee" interval="2000" skill="20" attack="30" poison="220"/>
		<attack name="death" interval="2000" chance="25" radius="1" target="1" range="5" min="-50" max="-95">
			<attribute key="areaEffect" value="smallclouds"/>
			<attribute key="shootEffect" value="death"/>
		</attack>
		<attack name="djinn paralyze" interval="2000" chance="6" range="7"/>
		<attack name="manadrain" interval="2000" chance="30" radius="1" target="1" range="5" min="-5" max="-120">
			<attribute key="shootEffect" value="smallholy"/>
			<attribute key="areaEffect" value="redshimmer"/>
		</attack>
	</attacks>
	<defenses armor="11" defense="12">
		<defense name="healing" interval="2000" chance="10" min="35" max="65">
			<attribute key="areaEffect" value="blueshimmer"/>
		</defense>
		<defense name="invisible" interval="2000" chance="12" duration="5000">
			<attribute key="areaEffect" value="poff"/>
		</defense>
		<defense name="the dark dancer summon" interval="2000" chance="15"/>
	</defenses>
	<elements>
		<element firePercent="40"/>
		<element deathPercent="20"/>
	</elements>
	<immunities>
		<immunity outfit="1"/>
		<immunity drunk="1"/>
		<immunity invisible="1"/>
	</immunities>
	<voices interval="2000" chance="5">
		<voice sentence="I hope you like my voice!"/>
	</voices>
</monster>
