<?xml version="1.0" encoding="UTF-8"?>
<monster name="Jellyfish" nameDescription="a jellyfish" race="venom" experience="0" speed="168" manacost="0">
	<health now="55" max="55"/>
	<look type="452" corpse="15284"/>
	<targetchange interval="2000" chance="50"/>
	<strategy attack="100" defense="0"/>
	<flags>
		<flag summonable="0"/>
		<flag attackable="1"/>
		<flag hostile="1"/>
		<flag illusionable="0"/>
		<flag convinceable="0"/>
		<flag pushable="1"/>
		<flag staticattack="90"/>
		<flag canpushitems="0"/>
		<flag canpushcreatures="0"/>
		<flag targetdistance="1"/>
		<flag runonhealth="0"/>
	</flags>
	<attacks>
		<attack name="melee" interval="2000" skill="10" attack="10"/>
	</attacks>
	<defenses armor="12" defense="20">
		<defense name="invisible" interval="2000" chance="25" duration="3000">
			<attribute key="areaEffect" value="poff"/>
		</defense>
	</defenses>
	<elements>
		<element physicalPercent="-5"/>
		<element energyPercent="-5"/>
	</elements>
	<immunities>
		<immunity fire="1" />
		<immunity earth="1" />
		<immunity invisible="1"/>
		<immunity drown="1"/>
	</immunities>
	<voices interval="2000" chance="5">
		<voice sentence="Luuurrrp!"/>
	</voices>
	<loot>
		<item id="2670" chance="8010"/> <!-- shrimp -->
	</loot>
</monster>
