<?xml version="1.0" encoding="UTF-8"?>
<monster name="Rocky" nameDescription="rocky" race="undead" experience="190" speed="184" manacost="0">
	<health now="250" max="250"/>
	<look type="95" corpse="7349"/>
	<strategy attack="100" defense="0"/>
	<flags>
		<flag summonable="0"/>
		<flag attackable="1"/>
		<flag hostile="1"/>
		<flag illusionable="0"/>
		<flag convinceable="0"/>
    		<flag staticattack="90" />
		<flag pushable="0"/>
		<flag canpushitems="1"/>
		<flag targetdistance="1"/>
	</flags>
	<attacks>
		<attack name="melee" interval="2000" skill="30" attack="40"/>
	</attacks>
	<defenses armor="30" defense="30">
		<defense name="healing" interval="2000" chance="8" min="15" max="35">
			<attribute key="areaEffect" value="blueshimmer"/>
		</defense>
	</defenses>
	<elements>
		<element firePercent="10"/>
	</elements>
	<immunities>
		<immunity energy="1"/>
		<immunity earth="1"/>
		<immunity outfit="1"/>
		<immunity drunk="1"/>
		<immunity invisible="1"/>
	</immunities>
	<voices interval="2000" chance="5">
		<voice sentence="Another little gladiator!"/>
		<voice sentence="Come into my embrace."/>
	</voices>
</monster>
