<?xml version="1.0" encoding="UTF-8"?>
<monster name="Haunted Treeling" nameDescription="a haunted treeling" experience="310" speed="230" race="undead" manacost="0">
	<health now="450" max="450"/>
	<look type="310" corpse="9867"/>
	<targetchange speed="0" chance="8"/>
	<strategy attack="100" defense="0"/>
	<flags>
		<flag summonable="0"/>
		<flag attackable="1"/>
		<flag hostile="1"/>
		<flag illusionable="0"/>
		<flag convinceable="0"/>
		<flag pushable="0"/>
		<flag canpushitems="1"/>
		<flag canpushcreatures="1"/>
		<flag targetdistance="1"/>
		<flag staticattack="90"/>
		<flag runonhealth="0"/>
	</flags>
	<attacks>
		<attack name="melee" interval="2000" skill="50" attack="50"/>
		<attack name="manadrain" interval="2000" chance="5" target="0" radius="5" min="-9" max="-100">
			<attribute key="areaEffect" value="greenbubble"/>
		</attack>
		<attack name="haunted treeling paralyze" interval="2000" chance="10"/>
		<attack name="physical" interval="2000" chance="12" range="7" target="1" min="-0" max="-100"> 
			<attribute key="areaEffect" value="carniphila"/>
		</attack>
		<attack name="poison" interval="2000" chance="9" target="1" radius="4" range="4" min="-50" max="-100"> 
			<attribute key="shootEffect" value="poison"/>
			<attribute key="areaEffect" value="greenspark"/>
		</attack>
	</attacks>
	<defenses armor="50" defense="55">
    <defense name="speed" interval="2000" chance="8" duration="5000" speedchange="0">
      <attribute key="areaEffect" value="poison" />
    </defense>
  </defenses>
	<elements>
		<element firePercent="-5"/>
		<element deathPercent="10"/>
		<element icePercent="15"/>
		<element holyPercent="20"/>
	</elements>
	<immunities>
		<immunity earth="1"/>
		<immunity invisible="1"/>
		<immunity paralyze="1"/>
	</immunities>
	<voices interval="2000" chance="5">
		<voice sentence="Knarrrz"/>
		<voice sentence="Huuhuuhuuuhuuaarrr"/>
		<voice sentence="Knorrrrrr"/>
	</voices>
	<loot>
		<item id="7443" chance="300"/><!-- bullseye potion -->
		<item id="2213" chance="630"/><!-- dwarven ring -->
		<item id="2148" countmax="95" chance="91910"/><!-- gold coin -->
		<item id="7618" chance="4980"/><!-- health potion -->
		<item id="2790" chance="1950"/><!-- orange mushroom -->
		<item id="2788" chance="7650"/><!-- red mushroom -->
		<item id="2787" countmax="2" chance="2200"/><!-- white mushroom -->
		<item id="2254" chance="29290"/><!-- wooden trash -->
		<item id="2146" chance="580"/><!-- small emerald -->
		<item id="10600" chance="4850"/><!-- haunted piece of wood -->
		<item id="7588" chance="940"/><!-- strong health potion -->
	</loot>
</monster>
