<?xml version="1.0" encoding="UTF-8"?>
<monster name="Hideous Fungus" nameDescription="a hideous fungus" race="venom" experience="2900" speed="340" manacost="0">
	<health now="4600" max="4600"/>
	<look type="499" corpse="17428"/>
	<targetchange interval="5000" chance="8"/>
	<strategy attack="100" defense="0"/>
	<flags>
		<flag summonable="0"/>
		<flag attackable="1"/>
		<flag hostile="1"/>
		<flag illusionable="0"/>
		<flag convinceable="0"/>
		<flag pushable="0"/>
		<flag canpushitems="1"/>
		<flag canpushcreatures="1"/>
		<flag targetdistance="4"/>
		<flag staticattack="90"/>
		<flag runonhealth="700"/>
	</flags>
	<attacks>
		<attack name="melee" interval="2000" skill="40" attack="100" poison="600"/>
		<attack name="poison" interval="2000" chance="13" range="7" min="-150" max="-430">
			<attribute key="shootEffect" value="smallearth"/>
			<attribute key="areaEffect" value="smallplants"/>
		</attack>
		<attack name="hideous fungus poison" interval="2000" chance="10"/>
		<attack name="drunk" interval="2000" chance="10" range="7" target="1" radius="5" duration="15000">
			<attribute key="shootEffect" value="energy"/>
			<attribute key="areaEffect" value="stun"/>
		</attack>
		<attack name="hideous fungus paralyze" interval="2000" chance="10" range="7"/>
		<attack name="ice" interval="2000" chance="14" range="7" target="1" min="-250" max="-550">
			<attribute key="shootEffect" value="smallstone"/>
			<attribute key="areaEffect" value="icearea"/>
		</attack>
	</attacks>
	<defenses armor="18" defense="25">
		<defense name="healing" interval="2000" chance="17" min="275" max="350">
			<attribute key="areaEffect" value="blueshimmer"/>
		</defense>
		<defense name="hideous fungus summon" interval="2000" chance="19"/>
        	<defense name="invisible" interval="2000" chance="15" duration="7000">
        		<attribute key="areaEffect" value="poff"/>
        	</defense>
	</defenses>
	<elements>
		<element holyPercent="5"/>
		<element deathPercent="5"/>
		<element firePercent="5"/>
		<element energyPercent="15"/>
		<element icePercent="15"/>
	</elements>
	<immunities>
		<immunity earth="1"/>
		<immunity paralyze="1"/>
		<immunity drunk="1"/>
		<immunity invisible="1"/>
	</immunities>
	<voices interval="2000" chance="5">
		<voice sentence="Munch munch munch!"/>
		<voice sentence="Hissss!"/>
		<voice sentence="Chatter"/>
		<voice sentence="Gulp"/>
		<voice sentence="Snorrt"/>
	</voices>
	<loot>
		<item id="18454" chance="60"/><!-- mycological bow -->
		<item id="2148" countmax="199`" chance="100000"/><!-- gold coin -->
		<item id="18411" chance="590"/><!-- muck rod -->
		<item id="2152" countmax="7" chance="100000"/><!-- platinum coin -->
		<item id="18434" chance="14770"/><!-- hideous chunk -->
		<item id="18393" chance="20"/><!-- mushroom backpack -->
		<item id="18437" countmax="15" chance="14460"/><!-- envenomed arrow -->
		<item id="18397" countmax="3" chance="14600"/><!-- mushroom pie -->
		<item id="7620" chance="9200"/><!-- mana potion -->
		<item id="7590" chance="7660"/><!-- great mana potion -->
		<item id="7591" chance="7230"/><!-- great health potion -->
		<item id="5909" chance="6430"/><!-- white piece of cloth -->
		<item id="5912" chance="3710"/><!-- blue piece of cloth -->
		<item id="5910" chance="3010"/><!-- green piece of cloth -->
		<item id="5911" chance="1820"/><!-- red piece of cloth -->
		<item id="2391" chance="4010"/><!-- war hammer -->
		<item id="7886" chance="1990"/><!-- terra boots -->
		<item id="7887" chance="2210"/><!-- terra amulet -->
		<item id="7885" chance="920"/><!-- terra legs -->
		<item id="7884" chance="800"/><!-- terra mantle -->
	</loot>
</monster>