<?xml version="1.0" encoding="UTF-8"?>
<monster name="Humongous Fungus" nameDescription="a humongous fungus" race="undead" experience="2600" speed="260" manacost="0">
	<health now="3400" max="3400"/>
	<look type="488" corpse="18382"/>
	<targetchange interval="5000" chance="8"/>
	<strategy attack="100" defense="0"/>
	<flags>
		<flag summonable="0"/>
		<flag attackable="1"/>
		<flag hostile="1"/>
		<flag illusionable="0"/>
		<flag convinceable="0"/>
		<flag pushable="0"/>
		<flag canpushitems="1"/>
		<flag canpushcreatures="1"/>
		<flag targetdistance="1"/>
		<flag staticattack="90"/>
		<flag runonhealth="0"/>
	</flags>
	<attacks>
		<attack name="melee" interval="2000" skill="75" attack="100" poison="580"/>
		<attack name="earth" interval="2000" chance="21" range="7" min="-250" max="-425">
			<attribute key="shootEffect" value="earth"/>
    			<attribute key="areaEffect" value="smallplants"/>
		</attack>
		<attack name="poisonfield" interval="2000" chance="35" range="7" radius="3" target="0">
			<attribute key="areaEffect" value="greenspark"/>
		</attack>
    		<attack name="humongous fungus poison" interval="2000" chance="15"/>
    		<attack name="humongous fungus paralyze" interval="2000" chance="16"/>
		<attack name="drunk" interval="2000" chance="13" range="7" target="1" radius="5" duration="15000">
			<attribute key="shootEffect" value="smallearth"/>
			<attribute key="areaEffect" value="stun"/>
		</attack>
	</attacks>
	<defenses armor="30" defense="20">
    		<defense name="healing" interval="2000" chance="20" min="225" max="275">
      			<attribute key="areaEffect" value="blueshimmer" />
    		</defense>
        	<defense name="invisible" interval="2000" chance="15" duration="4000">
        		<attribute key="areaEffect" value="poff"/>
        	</defense>
	</defenses>
	<elements>
		<element energyPercent="15"/>
		<element icePercent="15"/>
		<element holyPercent="5"/>
		<element deathPercent="15"/>
	</elements>
	<immunities>
		<immunity earth="1"/>
		<immunity paralyze="1"/>
		<immunity drunk="1"/>
		<immunity invisible="1"/>
	</immunities>
	<voices interval="2000" chance="5">
		<voice sentence="Munch munch munch!"/>
		<voice sentence="La La Laa Laaaaaaah!"/>
	</voices>
	<loot>
		<item id="18454" chance="129"/><!-- mycological bow -->
		<item id="2148" countmax="200" chance="100000"/><!-- gold coin -->
		<item id="18411" chance="680"/><!-- muck rod -->
		<item id="2152" countmax="6" chance="100000"/><!-- platinum coin -->
		<item id="18393" chance="32"/><!-- mushroom backpack -->
		<item id="18397" countmax="3" chance="17200"/><!-- mushroom pie -->
		<item id="18436" countmax="15" chance="15060"/><!-- drill bolt -->
		<item id="5913" chance="15150"/><!-- brown piece of cloth -->
		<item id="5909" chance="10520"/><!-- white piece of cloth -->
		<item id="5912" chance="4545"/><!-- blue piece of cloth -->
		<item id="5911" chance="2941"/><!-- red piece of cloth -->
		<item id="18433" chance="10400"/><!-- humongous chunk -->
		<item id="7588" countmax="2" chance="5090"/><!-- strong health potion -->
		<item id="7590" countmax="2" chance="5180"/><!-- great mana potion -->
		<item id="7620" countmax="3" chance="4910"/><!-- mana potion -->
		<item id="7591" countmax="2" chance="4930"/><!-- great health potion -->
		<item id="7589" countmax="2" chance="4940"/><!-- strong mana potion -->
		<item id="7887" chance="2127"/><!-- terra amulet -->
		<item id="7886" chance="1851"/><!-- terra boots -->
		<item id="7436" chance="1265"/><!-- angelic axe -->
		<item id="7885" chance="1123"/><!-- terra legs -->
		<item id="7884" chance="869"/><!-- terra mantle -->
	</loot>
</monster>
