<?xml version="1.0" encoding="UTF-8"?>
	<monster name="Humorless Fungus" nameDescription="a humorless fungus" race="venom" experience="0" speed="330" manacost="0">
	<health now="2500" max="2500"/>
	<look type="517" corpse="0"/>
	<targetchange interval="5000" chance="8"/>
	<strategy attack="100" defense="0"/>
	<flags>
		<flag summonable="0"/>
		<flag attackable="1"/>
		<flag hostile="1"/>
		<flag illusionable="0"/>
		<flag convinceable="0"/>
		<flag pushable="0"/>
		<flag canpushitems="1"/>
		<flag canpushcreatures="1"/>
		<flag targetdistance="4"/>
		<flag staticattack="90"/>
		<flag runonhealth="0"/>
	</flags>
	<attacks>
		<attack name="melee" interval="2000" skill="40" attack="100" poison="600"/>
		<attack name="poison" interval="2000" chance="13" range="7" min="-150" max="-300">
			<attribute key="shootEffect" value="smallearth"/>
			<attribute key="areaEffect" value="smallplants"/>
		</attack>
		<attack name="hideous fungus poison" interval="2000" chance="10"/>
		<attack name="drunk" interval="2000" chance="10" range="7" target="1" radius="5" duration="15000">
			<attribute key="shootEffect" value="death"/>
			<attribute key="areaEffect" value="stun"/>
		</attack>
		<attack name="ice" interval="2000" chance="14" range="7" target="1" min="-250" max="-525">
			<attribute key="shootEffect" value="smallstone"/>
			<attribute key="areaEffect" value="icearea"/>
		</attack>
	</attacks>
	<defenses armor="22" defense="35">
		<defense name="healing" interval="2000" chance="17" min="175" max="225">
			<attribute key="areaEffect" value="blueshimmer"/>
		</defense>
		<defense name="effect" interval="2000" chance="15">
			<attribute key="areaEffect" value="blackspark"/>
		</defense>
        	<defense name="invisible" interval="2000" chance="15" duration="7000">
        		<attribute key="areaEffect" value="poff"/>
        	</defense>
	</defenses>
	<elements>
		<element holyPercent="5"/>
		<element deathPercent="5"/>
		<element firePercent="5"/>
		<element energyPercent="15"/>
		<element icePercent="15"/>
	</elements>
	<immunities>
		<immunity earth="1"/>
		<immunity drunk="1"/>
		<immunity paralyze="1"/>
		<immunity invisible="1"/>
	</immunities>
	<voices interval="2000" chance="5">
		<voice sentence="Munch munch munch!"/>
		<voice sentence="Chatter"/>
		<voice sentence="Gulp"/>
		<voice sentence="Snorrt"/>
	</voices>
</monster>