<?xml version="1.0" encoding="UTF-8"?>
<monster name="Leaf Golem" nameDescription="a leaf golem" race="venom" experience="45" speed="134" manacost="0">
	<health now="90" max="90"/>
	<look type="567" corpse="21358"/>
	<targetchange interval="5000" chance="8"/>
	<strategy attack="100" defense="0"/>
	<flags>
		<flag summonable="0"/>
		<flag attackable="1"/>
		<flag hostile="1"/>
		<flag illusionable="1"/>
		<flag convinceable="0"/>
		<flag pushable="0"/>
		<flag canpushitems="1"/>
		<flag canpushcreatures="0"/>
		<flag targetdistance="1"/>
		<flag staticattack="90"/>
		<flag runonhealth="0"/>
	</flags>
	<attacks>
		<attack name="melee" interval="2000" skill="30" attack="20"/>
    		<attack name="leaf golem paralyze" interval="2000" chance="15"/>
    		<attack name="physical" interval="2000" chance="12" range="7" target="1" min="-0" max="-15">
      			<attribute key="shootEffect" value="smallstone" />
      			<attribute key="areaEffect" value="explosionarea" />
    		</attack>
	</attacks>
	<defenses armor="10" defense="18"/>
	<elements>
		<element firePercent="-10"/>
		<element earthPercent="40"/>
		<element icePercent="-5"/>
	</elements>
	<immunities>
		<immunity paralyze="1"/>
	</immunities>
	<voices interval="2000" chance="5">
		<voice sentence="*crackle*" yell="0"/>
		<voice sentence="*swwwwishhhh*" yell="0"/>
		<voice sentence="*rustle*" yell="0"/>
	</voices>
	<loot>
		<item id="21428" chance="14310"/><!-- fir cone -->
		<item id="21427" chance="13400"/><!-- dowser -->
		<item id="2148" countmax="27" chance="86230"/><!-- gold coin -->
		<item id="2787" countmax="3" chance="4370"/><!-- white mushroom -->
		<item id="2149" chance="1200"/><!-- small emerald -->
		<item id="20104" chance="4970"/><!-- swampling club -->
	</loot>
</monster>
