<?xml version="1.0" encoding="UTF-8"?>
<monster name="Slime Puddle" nameDescription="a slime puddle" race="venom" experience="0" speed="0" manacost="0">
	<health now="100" max="100"/>
	<look type="238" corpse="6532"/>
  <targetchange interval="5000" chance="8" />
  <strategy attack="100" defense="0" />
  <flags>
    <flag summonable="0" />
    <flag attackable="1" />
    <flag hostile="1" />
    <flag illusionable="0" />
    <flag convinceable="0" />
    <flag pushable="0" />
    <flag canpushitems="0" />
    <flag canpushcreatures="0" />
    <flag targetdistance="1" />
    <flag staticattack="90" />
    <flag runonhealth="0" />
  </flags>
  <attacks>
    <attack name="slime puddle paralyze" interval="2000" chance="13"/>
  </attacks>
	<immunities>
		<immunity name="physical"/>
		<immunity name="death"/>
		<immunity name="holy"/>
		<immunity name="ice"/>
		<immunity name="energy"/>
		<immunity name="fire"/>
		<immunity name="poison"/>
		<immunity name="drown"/>
		<immunity name="lifedrain"/>
		<immunity name="paralyze"/>
		<immunity name="drunk"/>
		<immunity name="invisible"/>
	</immunities>
</monster>
