<?xml version="1.0" encoding="UTF-8"?>
<monster name="Slug" nameDescription="a slug" race="venom" experience="70" speed="104" manacost="0">
	<health now="255" max="255"/>
	<look type="407" corpse="13515"/>
	<targetchange interval="5000" chance="8"/>
	<strategy attack="100" defense="0"/>
	<flags>
		<flag summonable="0"/>
		<flag attackable="1"/>
		<flag hostile="1"/>
		<flag illusionable="1"/>
		<flag convinceable="0"/>
		<flag pushable="0"/>
		<flag canpushitems="1"/>
		<flag canpushcreatures="0"/>
		<flag targetdistance="1"/>
		<flag staticattack="90"/>
		<flag runonhealth="0"/>
	</flags>
	<attacks>
		<attack name="melee" interval="2000" skill="20" attack="30"/>
		<attack name="poison" interval="2000" chance="20" range="4" target="1" min="-5" max="-40">
			<attribute key="shootEffect" value="poison"/>
			<attribute key="areaEffect" value="greenspark"/>
		</attack>
	</attacks>
	<defenses armor="9" defense="15"/>
	<elements>
		<element energyPercent="20"/>
		<element deathPercent="7"/>
	</elements>
	<voices interval="2000" chance="5">
		<voice sentence="Sluuurz"/>
		<voice sentence="Sluuuurp!"/>
		<voice sentence="Shluuuurpf!"/>
	</voices>
	<loot>
		<item id="2148" countmax="40" chance="62040"/> <!-- gold coin -->
		<item id="3976" countmax="3" chance="5130"/> <!-- worm -->
	</loot>
</monster>
