<?xml version="1.0" encoding="UTF-8"?>
<monster name="Spit Nettle" nameDescription="a spit nettle" race="venom" experience="20" speed="0" manacost="0">
	<health now="150" max="150"/>
	<look type="221" corpse="6062"/>
	<targetchange interval="2000" chance="0"/>
	<strategy attack="100" defense="0"/>
	<flags>
		<flag summonable="0"/>
		<flag attackable="1"/>
		<flag hostile="1"/>
		<flag illusionable="0"/>
		<flag convinceable="0"/>
		<flag pushable="0"/>
		<flag canpushitems="0"/>
		<flag canpushcreatures="0"/>
		<flag targetdistance="1"/>
		<flag staticattack="90"/>
		<flag runonhealth="0"/>
	</flags>
	<attacks>
		<attack name="poison" interval="2000" chance="14" range="7" radius="1" target="1" min="-17" max="-37">
			<attribute key="shootEffect" value="poison"/>
			<attribute key="areaEffect" value="greenbubble"/>
		</attack>
		<attack name="poisoncondition" interval="2000" chance="25" range="7" radius="1" target="1" min="-40" max="-100">
			<attribute key="shootEffect" value="poison"/>
			<attribute key="areaEffect" value="greenbubble"/>
		</attack>
	</attacks>
	<defenses armor="12" defense="33">
		<defense name="healing" interval="2000" chance="13" min="8" max="16">
			<attribute key="areaEffect" value="blueshimmer"/>
		</defense>
	</defenses>
	<elements>
		<element icePercent="20"/>
		<element firePercent="-10"/>
	</elements>
	<immunities>
		<immunity energy="1"/>
		<immunity earth="1"/>
		<immunity paralyze="1"/>
		<immunity invisible="1"/>
	</immunities>
	<loot>
		<item id="2148" countmax="5" chance="10590"/><!-- gold coin -->
		<item id="2804" chance="10590"/><!-- shadow herb -->
		<item id="2802" countmax="2" chance="5600"/><!-- sling herb -->
		<item id="2802" chance="1170"/><!-- grave flower -->
		<item id="2802" chance="350"/><!-- seeds -->
		<item id="12432" chance="10530"/><!-- nettle spit -->
		<item id="11231" chance="880"/><!-- nettle blossom -->
	</loot>
</monster>
