<?xml version="1.0" encoding="UTF-8"?>
<monster name="Swampling" nameDescription="a swampling" race="blood" experience="45" speed="190" manacost="0">
	<health now="80" max="80"/>
	<look type="535" corpse="19902"/>
	<targetchange interval="5000" chance="8"/>
	<strategy attack="90" defense="10"/>
	<flags>
		<flag summonable="0"/>
		<flag attackable="1"/>
		<flag hostile="1"/>
		<flag illusionable="1"/>
		<flag convinceable="0"/>
		<flag pushable="0"/>
		<flag canpushitems="1"/>
		<flag canpushcreatures="1"/>
		<flag targetdistance="1"/>
		<flag staticattack="90"/>
		<flag runonhealth="0"/>
	</flags>
	<attacks>
		<attack name="melee" interval="2000" skill="15" attack="20"/>
		<attack name="swampling paralyze" interval="2000" chance="10"/>
		<attack name="poison" interval="2000" chance="15" range="7" min="-5" max="-10">
			<attribute key="shootEffect" value="smallearth"/>
			<attribute key="areaEffect" value="insects"/>
		</attack>
	</attacks>
	<defenses armor="55" defense="55"/>
	<immunities>
		<immunity paralyze="1"/>
		<immunity invisible="1"/>
	</immunities>
	<voices interval="2000" chance="5">
		<voice sentence="Gnark!"/>
		<voice sentence="Crrrck!"/>
	</voices>
	<loot>
		<item id="2148" countmax="12" chance="85340"/> <!-- gold coin -->
		<item id="20103" chance="12730"/> <!-- piece of swampling wood -->
		<item id="2120" chance="4480"/> <!-- rope -->
		<item id="20104" chance="8350"/> <!-- swampling club -->
		<item id="20102" chance="18840"/> <!-- swampling moss -->
		<item id="2787" chance="8960"/> <!-- white mushroom -->
	</loot>
</monster>
