<?xml version="1.0" encoding="UTF-8"?>
<monster name="Wilting Leaf Golem" nameDescription="a wilting leaf golem" race="venom" experience="145" speed="148" manacost="0">
	<health now="380" max="380"/>
	<look type="573" corpse="21434"/>
	<targetchange interval="5000" chance="8"/>
	<strategy attack="100" defense="0"/>
	<flags>
		<flag summonable="0"/>
		<flag attackable="1"/>
		<flag hostile="1"/>
		<flag illusionable="1"/>
		<flag convinceable="0"/>
		<flag pushable="0"/>
		<flag canpushitems="1"/>
		<flag canpushcreatures="1"/>
		<flag targetdistance="1"/>
		<flag staticattack="90"/>
		<flag runonhealth="0"/>
	</flags>
	<attacks>
		<attack name="melee" interval="2000" skill="50" attack="40"/>
    		<attack name="wilting leaf golem paralyze" interval="2000" chance="15"/>
    		<attack name="physical" interval="2000" chance="12" range="7" target="1" min="-0" max="-60">
      			<attribute key="shootEffect" value="largerock" />
			<attribute key="areaEffect" value="explosion"/>
    		</attack>
    		<attack name="poisoncondition" interval="2000" chance="17" radius="4" target="0" min="-160" max="-260">
      		<attribute key="areaEffect" value="greenbubble" />
    		</attack>
	</attacks>
	<defenses armor="10" defense="18"/>
	<elements>
		<element firePercent="-5"/>
		<element earthPercent="40"/>
		<element icePercent="-5"/>
	</elements>
	<immunities>
		<immunity paralyze="1"/>
	</immunities>
	<voices interval="2000" chance="10">
		<voice sentence="*rumble*" yell="0"/>
		<voice sentence="*crinkle*" yell="0"/>
		<voice sentence="*crackle*" yell="0"/>
		<voice sentence="*swwwwishhhh*" yell="0"/>
	</voices>
	<loot>
		<item id="21428" chance="15640"/><!-- fir cone -->
		<item id="21427" chance="10690"/><!-- dowser -->
		<item id="2148" countmax="45" chance="97230"/><!-- gold coin -->
		<item id="2787" countmax="3" chance="4790"/><!-- white mushroom -->
		<item id="2149" chance="830"/><!-- small emerald -->
		<item id="20104" chance="4200"/><!-- swampling club -->
	</loot>
</monster>
