<?xml version="1.0" encoding="UTF-8"?>
<monster name="Crystal Wolf" nameDescription="a crystal wolf" race="undead" experience="275" speed="320" manacost="0">
	<health now="750" max="750"/>
	<look type="391" corpse="13584"/>
	<targetchange interval="5000" chance="8"/>
	<strategy attack="100" defense="0"/>
	<flags>
		<flag summonable="0"/>
		<flag attackable="1"/>
		<flag hostile="1"/>
		<flag illusionable="1"/>
		<flag convinceable="0"/>
		<flag pushable="0"/>
		<flag canpushitems="1"/>
		<flag canpushcreatures="1"/>
		<flag targetdistance="1"/>
		<flag staticattack="90"/>
		<flag runonhealth="20"/>
	</flags>
	<attacks>
		<attack name="melee" interval="2000" skill="30" attack="40"/>
		<attack name="crystal wolf wave" interval="2000" chance="14" min="-0" max="-50"/>
		<attack name="ice" interval="2000" chance="10" range="6" radius="3" target="1" min="-40" max="-55">
			<attribute key="shootEffect" value="smallice"/>
			<attribute key="areaEffect" value="giantice"/>
		</attack>
		<attack name="manadrain" interval="2000" chance="10" range="7" min="-25" max="-60"> 
			<attribute key="shootEffect" value="suddendeath"/>
			<attribute key="areaeffect" value="redshimmer"/>
		</attack>
	</attacks>
	<defenses armor="25" defense="25">
		<defense name="healing" interval="2000" chance="18" min="15" max="65">
			<attribute key="areaEffect" value="blueshimmer"/>
		</defense>
		<defense name="speed" interval="2000" chance="12" speedchange="476" duration="10000">
			<attribute key="areaEffect" value="redshimmer"/>
		</defense>
	</defenses>
	<elements>
		<element firePercent="-5"/>
		<element energyPercent="-10"/>
		<element icePercent="50"/>
	</elements>
	<immunities>
		<immunity earth="1"/>
		<immunity paralyze="1"/>
		<immunity invisible="1"/>
	</immunities>
	<voices interval="2000" chance="5">
		<voice sentence="Raaarrr!"/>
		<voice sentence="Aaaauuuuuooooooo!!"/>
	</voices>
	<loot>
		<item id="2148" countmax="50" chance="85190"/><!-- gold coin -->
		<item id="2666" countmax="4" chance="51850"/><!-- meat -->
		<item id="7839" countmax="10" chance="11110"/><!-- shiver arrow -->
		<item id="8878" chance="3700"/><!-- crystalline armor -->
		<item id="2183" chance="7410"/><!-- hailstorm rod -->
		<item id="5897" chance="3700"/><!-- wolf paw -->
	</loot>
</monster>
