<?xml version="1.0" encoding="UTF-8"?>
<monster name="Poodle" nameDescription="a poodle" race="blood" experience="0" speed="136" manacost="220">
	<health now="20" max="20"/>
	<look type="467" corpse="15496"/>
	<targetchange interval="2000" chance="0"/>
	<strategy attack="100" defense="0"/>
	<flags>
		<flag summonable="1"/>
		<flag attackable="1"/>
		<flag hostile="0"/>
		<flag illusionable="1"/>
		<flag convinceable="1"/>
		<flag pushable="1"/>
		<flag canpushitems="0"/>
		<flag canpushcreatures="0"/>
		<flag targetdistance="1"/>
		<flag staticattack="90"/>
		<flag runonhealth="8"/>
	</flags>
	<defenses armor="1" defense="2"/>
	<voices interval="2000" chance="5">
		<voice sentence="Wuff wuff"/>
	</voices>
</monster>
