<?xml version="1.0" encoding="UTF-8"?>
<monster name="Starving Wolf" nameDescription="a starving wolf" race="blood" experience="18" speed="164" manacost="0">
	<health now="25" max="25"/>
	<look type="27" corpse="5968"/>
	<targetchange interval="2000" chance="0"/>
	<strategy attack="100" defense="0"/>
	<flags>
		<flag summonable="0"/>
		<flag attackable="1"/>
		<flag hostile="1"/>
		<flag illusionable="1"/>
		<flag convinceable="0"/>
		<flag pushable="1"/>
		<flag canpushitems="0"/>
		<flag canpushcreatures="0"/>
		<flag targetdistance="1"/>
		<flag staticattack="90"/>
		<flag runonhealth="8"/>
	</flags>
	<attacks>
		<attack name="melee" interval="2000" skill="10" attack="25"/>
	</attacks>
	<defenses armor="1" defense="4"/>
	<elements>
		<element physicalPercent="-30"/>
	</elements>
	<voices interval="2000" chance="5">
		<voice sentence="Gaarrrrrr"/>
		<voice sentence="Gnoorrr"/>
		<voice sentence="Yoooohhuuuu!" yell="1"/>
	</voices>
	<loot>
		<item id="2220" chance="64730"/><!-- dirty fur -->
		<item id="2666" chance="5320"/><!-- meat -->
		<item id="5897" chance="1430"/><!-- wolf paw -->
	</loot>
</monster>
