<?xml version="1.0" encoding="UTF-8"?>
<monster name="Thornfire Wolf" nameDescription="a thornfire wolf" race="fire" experience="200" speed="320" manacost="0">
	<health now="600" max="600"/>
	<look type="414" corpse="13859"/>
	<targetchange interval="5000" chance="8"/>
	<strategy attack="100" defense="0"/>
	<flags>
		<flag summonable="0"/>
		<flag attackable="1"/>
		<flag hostile="1"/>
		<flag illusionable="1"/>
		<flag convinceable="0"/>
		<flag pushable="0"/>
		<flag canpushitems="1"/>
		<flag canpushcreatures="1"/>
		<flag targetdistance="1"/>
		<flag staticattack="90"/>
		<flag runonhealth="20"/>
	</flags>
	<attacks>
		<attack name="melee" interval="2000" skill="30" attack="40"/>
		<attack name="lifedrain" interval="2000" chance="14" range="7" target="1" min="-25" max="-60">
			<attribute key="shootEffect" value="suddendeath"/>
			<attribute key="areaEffect" value="blackspark"/>
		</attack>
		<attack name="firefield" interval="2000" chance="10" range="6" radius="2" target="1">
			<attribute key="shootEffect" value="fire"/>
		</attack>
	</attacks>
	<defenses armor="25" defense="25">
		<defense name="healing" interval="2000" chance="18" min="15" max="65">
			<attribute key="areaEffect" value="blueshimmer"/>
		</defense>
		<defense name="speed" interval="2000" chance="12" speedchange="422" duration="10000">
			<attribute key="areaEffect" value="redshimmer"/>
		</defense>
	</defenses>
	<elements>
		<element icePercent="-5"/>
		<element energyPercent="10"/>
	</elements>
	<immunities>
		<immunity earth="1"/>
		<immunity fire="1"/>
		<immunity paralyze="1"/>
		<immunity invisible="1"/>
	</immunities>
	<voices interval="2000" chance="5">
		<voice sentence="Raaarrr!"/>
		<voice sentence="Grrruff!!"/>
		<voice sentence="Aaaauuuuuooooooo!!"/>
	</voices>
	<loot>
		<item id="2148" countmax="53" chance="92310"/><!-- gold coin -->
		<item id="2666" countmax="4" chance="38460"/><!-- meat -->
		<item id="7840" countmax="10" chance="15380"/><!-- flaming arrow arrow -->
		<item id="10553" chance="7690"/><!-- fiery heart -->
		<item id="5897" chance="7690"/><!-- wolf paw -->
	</loot>
</monster>
