<?xml version="1.0" encoding="UTF-8"?>
<monster name="Werewolf" nameDescription="a werewolf" experience="1900" speed="280" race="blood" manacost="0">
	<health now="1955" max="1955"/>
	<strategy attack="100" defense="0"/>
	<targetchange speed="2000" chance="2"/>
	<look type="308" corpse="20379"/>
	<flags>
		<flag summonable="0"/>
		<flag attackable="1"/>
		<flag hostile="1"/>
		<flag illusionable="0"/>
		<flag convinceable="0"/>
		<flag pushable="0"/>
		<flag canpushitems="1"/>
		<flag canpushcreatures="1"/>
		<flag targetdistance="1"/>
		<flag staticattack="90"/>
		<flag runonhealth="100"/>
	</flags>
	<attacks>
		<attack name="melee" interval="2000" skill="60" attack="100"/>
		<attack name="outfit" interval="2000" chance="3" range="1" monster="werewolf" duration="10000">
			<attribute key="areaeffect" value="bluenote"/>
		</attack>
		<attack name="werewolf skill reducer" interval="2000" chance="14"/>
		<attack name="lifedrain" interval="2000" chance="9" range="1" target="1" min="-100" max="-170">
			<attribute key="areaEffect" value="redshimmer"/>
		</attack>
	</attacks>
	<defenses armor="50" defense="55">
		<defense name="healing" interval="2000" chance="60" min="10" max="20">
			<attribute key="areaEffect" value="greenshimmer"/>
		</defense>
		<defense name="healing" interval="2000" chance="11" min="85" max="125">
			<attribute key="areaEffect" value="greenshimmer"/>
		</defense>
		<defense name="speed" interval="2000" chance="12" speedchange="420" duration="10000">
			<attribute key="areaEffect" value="purplenote"/>
		</defense>
		<defense name="healing" interval="2000" chance="20" min="0" max="0">
			<attribute key="areaEffect" value="greennote"/>
		</defense>
		<defense name="werewolf summon" interval="2000" chance="26"/>
	</defenses>
	<elements>
		<element physicalPercent="10"/>
		<element energyPercent="5"/>
		<element earthPercent="20"/>
		<element firePercent="-5"/>
		<element deathPercent="50"/>
		<element icePercent="-5"/>
		<element holyPercent="-5"/>
	</elements>
	<immunities>
		<immunity paralyze="1"/>
		<immunity invisible="1"/> 
	</immunities>
	<voices speed="2000" chance="5">
		<voice sentence="BLOOD!" yell="1"/>
		<voice sentence="GRROARR!" yell="1"/>
		<voice sentence="GRRRR!" yell="1"/>
		<voice sentence="HRAAAAAAAAAARRRRRR!" yell="1"/>
	</voices>
	<loot>
		<item id="7439" chance="1170"/><!-- berserk potion -->
		<item id="2789" chance="6990"/><!-- brown mushroom -->
		<item id="2148" countmax="225" chance="35000"/><!-- gold coin -->
		<item id="2169" chance="820"/><!-- time ring -->
		<item id="2381" chance="3080"/><!-- halberd -->
		<item id="2510" chance="10250"/><!-- plate shield -->
		<item id="7428" chance="390"/><!-- bonebreaker -->
		<item id="2438" chance="540"/><!-- epee -->
		<item id="7383" chance="500"/><!-- relic sword -->
		<item id="7419" chance="150"/><!-- dreaded cleaver -->
		<item id="2197" chance="1020"/><!-- stone skin amulet -->
		<item id="2171" chance="880"/><!-- platinum amulet -->
		<item id="2805" chance="5020"/><!-- troll green -->
		<item id="7588" chance="4990"/><!-- strong health potion -->
		<item id="8473" chance="1840"/><!-- ultimate health potion -->
		<item id="11234" chance="10710"/><!-- werewolf fur -->
		<item id="5897" chance="4680"/><!-- wolf paw -->
		<item id="9809" chance="7780"/><!-- rusty armor -->
	</loot>
</monster>
