<?xml version="1.0" encoding="UTF-8"?>
<monster name="Wild Dog" nameDescription="a wild dog" race="blood" experience="0" speed="180" manacost="0">
	<health now="20" max="20"/>
	<look type="32" corpse="5971"/>
	<targetchange interval="2000" chance="0"/>
	<strategy attack="100" defense="0"/>
	<flags>
		<flag summonable="0"/>
		<flag attackable="1"/>
		<flag hostile="0"/>
		<flag illusionable="0"/>
		<flag convinceable="0"/>
		<flag pushable="0"/>
		<flag canpushitems="0"/>
		<flag canpushcreatures="0"/>
		<flag targetdistance="1"/>
		<flag staticattack="90"/>
		<flag runonhealth="20"/>
	</flags>
	<defenses armor="1" defense="2"/>
	<voices interval="2000" chance="5">
		<voice sentence="Wuff wuff"/>
	</voices>
	<immunities>
		<immunity name="physical"/>
		<immunity name="death"/>
		<immunity name="holy"/>
		<immunity name="ice"/>
		<immunity name="energy"/>
		<immunity name="fire"/>
		<immunity name="poison"/>
		<immunity name="drown"/>
		<immunity name="lifedrain"/>
		<immunity name="paralyze"/>
		<immunity name="drunk"/>
		<immunity name="invisible"/>
	</immunities>
</monster>
