<?xml version="1.0" encoding="UTF-8"?>
<monster name="Wolf" nameDescription="a wolf" race="blood" experience="18" speed="164" manacost="255">
	<health now="25" max="25"/>
	<look type="27" corpse="5968"/>
	<targetchange interval="2000" chance="0"/>
	<strategy attack="100" defense="0"/>
	<flags>
		<flag summonable="1"/>
		<flag attackable="1"/>
		<flag hostile="1"/>
		<flag illusionable="1"/>
		<flag convinceable="1"/>
		<flag pushable="1"/>
		<flag canpushitems="0"/>
		<flag canpushcreatures="0"/>
		<flag targetdistance="1"/>
		<flag staticattack="90"/>
		<flag runonhealth="8"/>
	</flags>
	<attacks>
		<attack name="melee" interval="2000" skill="10" attack="19"/>
	</attacks>
	<defenses armor="1" defense="4"/>
	<elements>
		<element earthPercent="10"/>
		<element holyPercent="10"/>
		<element icePercent="-5"/>
		<elemetn deathPercent="-5"/>
	</elements>
	<voices interval="2000" chance="5">
		<voice sentence="Grrrrrrr"/>
		<voice sentence="Yoooohhuuuu!" yell="1"/>
	</voices>
	<loot>
		<item id="2666" countmax="2" chance="70080"/><!-- meat -->
		<item id="5897" chance="970"/><!-- wolf paw -->
	</loot>
</monster>
