<?xml version="1.0" encoding="UTF-8"?>
<monster name="Valkyrie" nameDescription="a valkyrie" race="blood" experience="85" speed="176" manacost="450">
	<health now="190" max="190"/>
	<look type="139" head="113" body="38" legs="76" feet="96" addons="0" corpse="20526"/>
	<targetchange interval="2000" chance="0"/>
	<strategy attack="100" defense="0"/>
	<flags>
		<flag summonable="1"/>
		<flag attackable="1"/>
		<flag hostile="1"/>
		<flag illusionable="1"/>
		<flag convinceable="1"/>
		<flag pushable="0"/>
		<flag canpushitems="1"/>
		<flag canpushcreatures="0"/>
		<flag targetdistance="1"/>
		<flag staticattack="90"/>
		<flag runonhealth="10"/>
	</flags>
	<attacks>
		<attack name="melee" interval="2000" skill="25" attack="40"/>
		<attack name="physical" interval="2000" chance="14" range="7" min="-0" max="-42">
			<attribute key="shootEffect" value="spear"/>
		</attack>
	</attacks>
	<defenses armor="12" defense="14"/>
	<elements>
		<element icePercent="10"/>
		<element firePercent="10"/>
		<element holyPercent="5"/>
		<element deathPercent="-1"/>
		<element physicalPercent="-1"/>
	</elements>
	<voices interval="2000" chance="5">
		<voice sentence="Another head for me!"/>
		<voice sentence="Head off!"/>
		<voice sentence="Your head will be mine!"/>
		<voice sentence="Stand still!"/>
		<voice sentence="One more head for me!"/>
	</voices>
	<loot>
		<item id="2148" countmax="12" chance="32230"/><!-- gold coin -->
		<item id="2666" countmax="1" chance="30050"/><!-- meat -->
		<item id="2674" countmax="2" chance="6780"/><!-- apple -->
		<item id="2229" countmax="1" chance="750"/><!-- skull -->
		<item id="2464" chance="10050"/><!-- chain armor -->
		<item id="2389" countmax="3" chance="54620"/><!-- spear -->
		<item id="12399" countmax="1" chance="5830"/><!-- girlish hair decoration -->
		<item id="3965" chance="5140"/><!-- hunting spear -->
		<item id="12400" countmax="1" chance="3380"/><!-- protective charm -->
		<item id="2463" chance="830"/><!-- plate armor -->
		<item id="2125" chance="850"/><!-- crystal necklace -->
		<item id="2387" chance="460"/><!-- double axe -->
		<item id="2200" chance="1170"/><!-- protection amulet -->
		<item id="7618" chance="530"/><!-- health potion -->
		<item id="2145" chance="180"/><!-- small diamond -->
	</loot>
</monster>
