<?xml version="1.0" encoding="UTF-8"?>
<monster name="Witch" nameDescription="a witch" race="blood" experience="120" speed="204" manacost="0">
	<health now="300" max="300"/>
	<look type="54" corpse="20538"/>
	<targetchange interval="2000" chance="5"/>
	<strategy attack="100" defense="0"/>
	<flags>
		<flag summonable="0"/>
		<flag attackable="1"/>
		<flag hostile="1"/>
		<flag illusionable="1"/>
		<flag convinceable="0"/>
		<flag pushable="0"/>
		<flag canpushitems="1"/>
		<flag canpushcreatures="0"/>
		<flag targetdistance="4"/>
		<flag staticattack="90"/>
		<flag runonhealth="30"/>
	</flags>
	<attacks>
		<attack name="melee" interval="2000" skill="10" attack="20"/>
		<attack name="fire" interval="2000" chance="20" range="7" min="-30" max="-75">
			<attribute key="shootEffect" value="fire"/>
			<attribute key="areaEffect" value="fire"/>
		</attack>
		<attack name="firefield" interval="2000" chance="13" range="7" radius="1" target="1">
			<attribute key="shootEffect" value="fire"/>
		</attack>
		<attack name="outfit" interval="2000" chance="1" range="7" target="1" monster="green frog" duration="10000">
			<attribute key="shootEffect" value="death"/>
			<attribute key="areaEffect" value="blackspark"/>
		</attack>
	</attacks>
	<defenses armor="8" defense="12"/>
	<elements>
		<element earthPercent="20"/>
		<element deathPercent="-5"/>
		<element physicalPercent="-10"/>
	</elements>
	<immunities>
		<immunity invisible="1"/>
		<immunity energy="1"/>
	</immunities>
	<voices interval="2000" chance="5">
		<voice sentence="Horax pokti!"/>
		<voice sentence="Hihihihi!"/>
		<voice sentence="Herba budinia ex!"/>
	</voices>
	<loot>
		<item id="11211" chance="10"/><!-- stuffed toad -->
		<item id="13537" chance="920"/><!-- bag of apple slices -->
		<item id="10569" chance="10160"/><!-- witch broom -->
		<item id="2148" countmax="40" chance="64310"/><!-- gold coin -->
		<item id="2687" countmax="8" chance="29860"/><!-- cookie -->
		<item id="2643" chance="4960"/><!-- leather boots -->
		<item id="2405" chance="3920"/><!-- sickle -->
		<item id="2654" chance="4870"/><!-- cape -->
		<item id="2651" chance="2000"/><!-- coat -->
		<item id="2129" chance="10110"/><!-- wolf tooth chain -->
		<item id="2800" chance="8950"/><!-- star herb-->
		<item id="2199" chance="2540"/><!-- garlic necklace -->
		<item id="2402" chance="510"/><!-- silver dagger -->
		<item id="2185" chance="1140"/><!-- necrotic rod -->
		<item id="10570" chance="80"/><!-- witch hat -->
	</loot>
</monster>
