<?xml version="1.0" encoding="UTF-8"?>
<monster name="Abyssador" nameDescription="Abyssador" race="blood" experience="50000" speed="460" manacost="0">
<health now="300000" max="300000"/>
<look type="495" corpse="17412"/>
<targetchange interval="2000" chance="10"/>
<strategy attack="100" defense="0"/>
<flags>
<flag summonable="0"/>
<flag attackable="1"/>
<flag hostile="1"/>
<flag illusionable="0"/>
<flag convinceable="0"/>
<flag pushable="0"/>
<flag canpushitems="1"/>
<flag canpushcreatures="0"/>
<flag targetdistance="1"/>
<flag staticattack="90"/>
<flag runonhealth="0"/>
</flags>
<attacks>
<attack name="melee" interval="2000" skill="140" attack="200" poison="1000"/>
<attack name="poisoncondition" interval="2000" chance="20" radius="4" target="0" min="-900" max="-1200">
<attribute key="areaEffect" value="insects"/>
</attack>
<attack name="death" interval="2000" chance="13" range="7" radius="4" target="1" min="-250" max="-900">
<attribute key="shootEffect" value="death"/>
<attribute key="areaEffect" value="mortarea"/>
</attack>
<attack name="physical" interval="2000" chance="13" range="7" radius="3" target="1" min="-0" max="-925">
<attribute key="shootEffect" value="earth"/>
<attribute key="areaEffect" value="explosionarea"/>
</attack>
<attack name="manadrain" interval="2000" chance="13" range="7" radius="3" target="1" min="-400" max="-530">
<attribute key="shootEffect" value="death"/>
<attribute key="areaEffect" value="redshimmer"/>
</attack>
<attack name="abyssador paralyze" interval="2000" chance="13" range="7"/>
<attack name="abyssador skill reducer 1" interval="2000" chance="12"/>
<attack name="abyssador skill reducer 2" interval="2000" chance="11"/>
<attack name="poison" interval="2000" chance="13" range="7" target="1" min="-390" max="-500">
<attribute key="shootEffect" value="poisonarrow"/>
<attribute key="areaEffect" value="greenbubble"/>
</attack>
<attack name="abyssador poison wave" interval="2000" chance="25" min="-400" max="-950"/>
<attack name="lifedrain" interval="2000" chance="15" length="8" spread="0" min="-400" max="-1250">
<attribute key="areaEffect" value="stones"/>
</attack>
</attacks>
<defenses armor="75" defense="84">
<defense name="healing" interval="2000" chance="1" min="50000" max="300000">
<attribute key="areaEffect" value="blueshimmer"/>
</defense>
<defense name="healing" interval="2000" chance="15" min="3000" max="10000">
<attribute key="areaEffect" value="blueshimmer"/>
</defense>
<defense name="healing" interval="2000" chance="6" min="30000" max="40000">
<attribute key="areaEffect" value="blueshimmer"/>
</defense>
<defense name="invisible" interval="2000" chance="25" duration="10000">
<attribute key="areaEffect" value="whitenote"/>
</defense>
</defenses>
<elements>
<element firePercent="30"/>
<element energyPercent="20"/>
<element deathPercent="20"/>
<element icePercent="-10"/>
<element holyPercent="-10"/>
</elements>
<immunities>
<immunity paralyze="1"/>
<immunity earth="1"/>
<immunity invisible="1"/>
</immunities>
<voices interval="2000" chance="5">
<voice sentence="*** BRAINS *** SMALL ***"/>
<voice sentence="*** LIVE *** DRY ***"/>
<voice sentence="*** IMPORTANT ***"/>
<voice sentence="** FIRE *** HOME *** VICTORY ***"/>
<voice sentence="*** EXISTENCE *** FUTILE ***"/>
<voice sentence="** TIME ***"/>

</voices>
<loot>
<item id="18496" chance="100000"/><!-- Abyssador's Lash -->
<item id="18454" chance="5260"/><!-- mycological bow -->
<item id="18465" chance="8770"/><!-- shiny blade -->
<item id="18449" chance="1750"/><!-- decorative ribbon -->
<item id="18453" chance="8770"/><!-- crystal crossbow -->
<item id="18451" chance="8770"/><!-- crystalline axe -->
<item id="18450" chance="7020"/><!-- crystalline sword -->
<item id="18452" chance="1750"/><!-- mycological mace -->
</loot>
</monster>
