<?xml version="1.0" encoding="UTF-8"?>
<monster name="Annihilon" nameDescription="Annihilon" race="fire" experience="15000" speed="132" manacost="0">
    <health now="46500" max="46500"/>
    <look type="12" head="3" body="9" legs="77" feet="77" corpse="8721"/>
    <targetchange interval="2000" chance="15"/>
    <strategy attack="100" defense="0"/>
    <flags>
        <flag summonable="0"/>
        <flag attackable="1"/>
        <flag hostile="1"/>
        <flag illusionable="0"/>
        <flag convinceable="0"/>
        <flag pushable="0"/>
        <flag canpushitems="1"/>
        <flag canpushcreatures="1"/>
        <flag targetdistance="1"/>
        <flag staticattack="90"/>
        <flag runonhealth="700"/>
    </flags>
    <attacks>
        <attack name="melee" interval="2000" skill="190" attack="100"/>
        <attack name="physical" interval="2000" chance="13" radius="4" range="7" target="1" min="-0" max="-255">
            <attribute key="shootEffect" value="largerock"/>
            <attribute key="areaEffect" value="groundshaker"/>
        </attack>
        <attack name="annihilon skill reducer" interval="2000" chance="6" range="7"/>
        <attack name="energy" interval="2000" chance="10" radius="3" range="7" target="1" min="-325" max="-500">
            <attribute key="shootEffect" value="energyball"/>
            <attribute key="areaEffect" value="energyarea"/>
        </attack>
        <attack name="poisoncondition" interval="2000" chance="9" target="1" radius="4" range="7" min="-400" max="700">
            <attribute key="shootEffect" value="poison"/>
            <attribute key="areaeffect" value="poison"/>
        </attack>
        <attack name="manadrain" interval="2000" chance="12" radius="4" range="7" target="1" min="-150" max="-250">
            <attribute key="shootEffect" value="energy"/>
            <attribute key="areaEffect" value="teleport"/>
        </attack>
        <attack name="death" interval="2000" chance="16" length="8" spread="0" min="-450" max="-800">
            <attribute key="areaEffect" value="smallclouds"/>
        </attack>
        <attack name="annihilon paralyze" interval="2000" chance="13" range="7"/>
    </attacks>
    <defenses armor="60" defense="55">
		<defense name="healing" interval="2000" chance="23" min="225" max="275">
			<attribute key="areaEffect" value="blueshimmer"/>
		</defense>
    </defenses>
    <elements>
        <element deathPercent="95"/>
        <element energyPercent="95"/>
        <element icePercent="20"/>
        <element holyPercent="-5"/>
    </elements>
    <immunities>
        <immunity lifedrain="1"/>
        <immunity invisible="1"/>
    </immunities>
    <voices interval="2000" chance="5">
        <voice sentence="Flee as long as you can!"/>
        <voice sentence="Annihilon's might will crush you all!"/>
        <voice sentence="I am coming for you!"/>
        <voice sentence="RAHHH!"/>
    </voices>
	<loot>
		<item id="7440" chance="15530"/><!-- mastermind potion -->
		<item id="7439" chance="18630"/><!-- berserk potion -->
		<item id="5954" countmax="2" chance="13040"/><!-- demon horn -->
		<item id="2127" chance="22980"/><!-- emerald bangle -->
		<item id="2148" countmax="100" chance="100000"/><!-- gold coin -->
		<item id="9971" countmax="1" chance="20500"/><!-- gold ingot -->
		<item id="2152" countmax="30" chance="18010"/><!-- platinum coin -->
		<item id="7632" countmax="2" chance="36020"/><!-- giant shimmering pearl blue -->
		<item id="7633" countmax="2" chance="36020"/><!-- giant shimmering pearl brown -->
		<item id="7590" chance="11800"/><!-- great mana potion -->
		<item id="8473" chance="15530"/><!-- ultimate health potion -->
		<item id="8472" chance="14910"/><!-- great spirit potion -->
		<item id="7591" chance="14290"/><!-- great health potion -->
		<item id="6529" countmax="46" chance="22980"/><!-- infernal bolt -->
		<item id="7840" countmin="4" countmax="96" chance="20500"/><!-- flaming arrow -->
		<item id="7368" countmax="50" chance="19880"/><!-- assassin star -->
		<item id="7366" countmin="2" countmax="70" chance="18630"/><!-- viper star -->
		<item id="2547" countmin="3" countmax="94" chance="18010"/><!-- power bolt -->
		<item id="5944" countmax="5" chance="20500"/><!-- soul orb -->
		<item id="2519" chance="11800"/><!-- crown shield -->
		<item id="2528" chance="9320"/><!-- tower shield -->
		<item id="2515" chance="8070"/><!-- guardian shield -->
		<item id="7387" chance="7450"/><!-- diamond sceptre -->
		<item id="2520" chance="4350"/><!-- demon shield -->
		<item id="2514" chance="4350"/><!-- mastermind shield -->
		<item id="8877" chance="1860"/><!-- lavos armor -->
		<item id="8891" chance="10560"/><!-- paladin armor -->
		<item id="8889" chance="1430"/><!-- skullcracker armor -->
		<item id="7431" chance="1240"/><!-- demonbone -->
		<item id="7421" chance="16150"/><!-- onyx flail -->
		<item id="2427" chance="20500"/><!-- guardian halberd -->
		<item id="2381" chance="20500"/><!-- halberd -->
		<item id="2452" chance="28570"/><!-- heavy mace -->
		<item id="8928" chance="1240"/><!-- obsidian truncheon -->
		<item id="8929" chance="1240"/><!-- the stomper -->
		<item id="9810" chance="61490"/><!-- rusty armor -->
		<item id="2155" chance="13660"/><!-- green gem -->
		<item id="2153" chance="18630"/><!-- violet gem -->
		<item id="2156" chance="20500"/><!-- red gem -->
		<item id="2158" chance="23600"/><!-- blue gem -->
		<item id="2154" chance="23600"/><!-- yellow gem -->
	</loot>
</monster>
