<?xml version="1.0" encoding="UTF-8"?>
<monster name="Apprentice Sheng" nameDescription="Apprentice Sheng" race="blood" experience="150" speed="170" manacost="0">
	<health now="95" max="95"/>
	<look type="23" corpse="5981"/>
	<targetchange interval="5000" chance="8"/>
	<strategy attack="100" defense="0"/>
	<flags>
		<flag summonable="0"/>
		<flag attackable="1"/>
		<flag hostile="1"/>
		<flag illusionable="0"/>
		<flag convinceable="0"/>
		<flag pushable="0"/>
		<flag canpushitems="1"/>
		<flag canpushcreatures="0"/>
		<flag targetdistance="4"/>
		<flag staticattack="90"/>
		<flag runonhealth="9"/>
	</flags>
	<attacks>
		<attack name="melee" interval="2000" skill="10" attack="10"/>
		<attack name="energy" interval="2000" chance="7" range="7" min="-8" max="-25">
			<attribute key="shootEffect" value="energy"/>
			<attribute key="areaEffect" value="energy"/>
		</attack>
		<attack name="fire" interval="2000" chance="8" range="7" radius="1" target="1" min="-15" max="-45">
			<attribute key="shootEffect" value="fire"/>
			<attribute key="areaEffect" value="fireattack"/>
		</attack>
		<attack name="energyfield" interval="2000" chance="8" range="3" radius="1" target="1">
			<attribute key="shootEffect" value="energy"/>
		</attack>
	</attacks>
	<defenses armor="12" defense="13">
		<defense name="healing" interval="2000" chance="7" min="14" max="17">
			<attribute key="areaEffect" value="greenshimmer"/>
		</defense>
		<defense name="apprentice sheng summon" interval="2000" chance="17"/>
    </defenses>
	<immunities>
		<immunity energy="1"/>
	</immunities>
	<voices interval="2000" chance="5">
		<voice sentence="I will protect the secrets of my master!"/>
		<voice sentence="This isle will become ours alone."/>
		<voice sentence="Kaplar!"/>
		<voice sentence="You already know too much."/>
	</voices>
	<loot>
		<item id="2148" countmax="10" chance="25000"/><!-- gold coin -->
		<item id="2050" chance="25000"/><!-- torch -->
		<item id="2050" chance="25000"/><!-- torch -->
		<item id="2461" chance="12500"/><!-- leather helmet -->
		<item id="2649" chance="12500"/><!-- leather legs -->
		<item id="5878" chance="100000"/><!-- minotaur leather -->
		<item id="2403" chance="9000"/><!-- knife -->
		<item id="2684" countmax="5" chance="10000"/><!-- carrot -->
		<item id="2817" chance="10000"/><!-- dead snake -->
		<item id="2817" chance="10000"/><!-- dead snake -->
		<item id="2554" chance="8000"/><!-- shovel -->
		<item id="2120" chance="8000"/><!-- rope -->
		<item id="2162" chance="6000"/><!-- magic light wand -->
	</loot>
</monster>
