<?xml version="1.0" encoding="UTF-8"?>
<monster name="Arkhothep" nameDescription="Arkhothep" race="undead" experience="200000" speed="430" manacost="0">
	<health now="500000" max="500000"/>
	<look type="87" corpse="6031"/>
	<targetchange interval="2000" chance="11"/>
	<strategy attack="100" defense="0"/>
	<flags>
		<flag summonable="0"/>
		<flag attackable="1"/>
		<flag hostile="1"/>
		<flag illusionable="0"/>
		<flag convinceable="0"/>
		<flag pushable="0"/>
		<flag canpushitems="1"/>
		<flag canpushcreatures="1"/>
		<flag targetdistance="1"/>
		<flag staticattack="90"/>
		<flag runonhealth="0"/>
	</flags>
	<attacks>
		<attack name="melee" interval="2000" skill="240" attack="200"/>
		<attack name="poisoncondition" interval="2000" chance="12" target="0" radius="8" min="-6000" max="-9000">
			<attribute key="areaEffect" value="greenspark"/>
		</attack>
		<attack name="arkhothep curse" interval="2000" chance="12"/>
		<attack name="manadrain" interval="2000" chance="12" target="0" radius="8" min="-1000" max="-7000">
			<attribute key="areaEffect" value="teleport"/>
		</attack>
		<attack name="arkhothep paralyze" interval="2000" chance="9"/>
		<attack name="energy" interval="2000" chance="18" length="8" spread="3" min="-200" max="-1505">
			<attribute key="areaEffect" value="energy"/>
		</attack>
		<attack name="physical" interval="2000" chance="6" target="0" length="8" spread="0" min="-0" max="-1455"/>
		<attack name="physical" interval="2000" chance="18" range="1" target="1" min="-200" max="-1275">
			<attribute key="shootEffect" value="energy"/>
			<attribute key="areaEffect" value="energy"/>
		</attack>
		<attack name="earth" interval="2000" chance="11" range="1" target="1" min="-200" max="-1200">
			<attribute key="areaEffect" value="poison"/>
		</attack>
	</attacks>
	<defenses armor="25" defense="30">
		<defense name="healing" interval="2000" chance="50" min="1500" max="5000">
			<attribute key="areaEffect" value="blueshimmer"/>
		</defense>
		<defense name="healing" interval="2000" chance="1" min="50000" max="500000">
			<attribute key="areaEffect" value="blueshimmer"/>
		</defense>
		<defense name="arkhothep summon" interval="2000" chance="19"/>
		<defense name="speed" interval="2000" chance="7" speedchange="720" duration="5000">
			<attribute key="areaEffect" value="greenbubble"/>
		</defense>
	</defenses>
	<elements>
		<element earthPercent="10"/>
		<element energyPercent="10"/>
		<element icePercent="10"/>
		<element firePercent="10"/>
		<element physicalPercent="10"/>
		<element holyPercent="-5"/>
		<element firePercent="10"/>
	</elements>
	<immunities>
		<immunity lifedrain="1"/>
		<immunity death="1"/>
		<immunity paralyze="1"/>
		<immunity invisible="1"/>
	</immunities>
	<voices interval="2000" chance="5">
		<voice sentence="I will free you from your shackles of flesh."/>
		<voice sentence="No one will stop my ascension."/>
		<voice sentence="Bow before my power."/>
		<voice sentence="Praise me for bringing your death."/>
	</voices>
	<loot>
		<item id="2148" countmax="304" chance="93510"/><!-- gold coin -->
		<item id="2134" chance="4150"/><!-- silver brooch -->
		<item id="7590" chance="12320"/><!-- great mana potion -->
		<item id="2164" chance="4540"/><!-- might ring -->
		<item id="2487" chance="520"/><!-- crown armor -->
		<item id="11207" chance="190"/><!-- mini mummy -->
		<item id="2444" chance="130"/><!-- hammer of wrath -->
		<item id="2140" chance="130"/><!-- holy scarab -->
	</loot>
</monster>
