<?xml version="1.0" encoding="UTF-8"?>
<monster name="Armenius" nameDescription="Armenius" race="undead" experience="500" speed="238" manacost="0">
	<health now="550" max="550"/>
	<look type="68" corpse="6006"/>
	<targetchange interval="2000" chance="5"/>
	<strategy attack="100" defense="0"/>
	<flags>
		<flag summonable="0"/>
		<flag attackable="1"/>
		<flag hostile="1"/>
		<flag illusionable="1"/>
		<flag convinceable="0"/>
		<flag pushable="0"/>
		<flag canpushitems="1"/>
		<flag canpushcreatures="1"/>
		<flag targetdistance="1"/>
		<flag staticattack="90"/>
		<flag runonhealth="30"/>
	</flags>
	<attacks>
		<attack name="melee" interval="2000" skill="50" attack="50"/>
		<attack name="lifedrain" interval="2000" chance="20" range="1" min="-50" max="-200">
			<attribute key="shootEffect" value="death"/>
			<attribute key="areaEffect" value="redshimmer"/>
		</attack>
		<attack name="vampire paralyze" interval="2000" chance="12" range="7"/>
	</attacks>
	<defenses armor="17" defense="23">
		<defense name="outfit" interval="2000" chance="6" monster="bat" duration="6000">
			<attribute key="areaEffect" value="blueshimmer"/>
		</defense>
		<defense name="speed" interval="2000" chance="10" range="7" speedchange="332" duration="9000">
			<attribute key="areaEffect" value="redshimmer"/>
		</defense>
		<defense name="healing" interval="2000" chance="9" min="15" max="25"/>
	</defenses>
	<elements>
		<element physicalPercent="35"/>
		<element firePercent="-10"/>
		<element holyPercent="-25"/>
	</elements>
	<immunities>
		<immunity death="1"/>
		<immunity earth="1"/>
		<immunity lifedrain="1"/>
		<immunity paralyze="1"/>
		<immunity invisible="1"/>
	</immunities>
	<voices interval="2000" chance="5">
	</voices>
	<loot>
		<item id="12405" chance="5000"/><!-- blood preservation -->
		<item id="10602" chance="7590"/><!-- vampire teeth -->
		<item id="2148" countmax="60" chance="90250"/><!-- gold coin -->
		<item id="2144" chance="1770"/><!-- black pearl -->
		<item id="2172" chance="210"/><!-- bronze amulet -->
		<item id="2127" chance="250"/><!-- emerald bangle -->
		<item id="2747" chance="1910"/><!-- grave flower -->
		<item id="2396" chance="420"/><!-- ice rapier -->
		<item id="2412" chance="1450"/><!-- katana -->
		<item id="2229" chance="1010"/><!-- skull -->
		<item id="2383" chance="1060"/><!-- spike sword -->
		<item id="2479" chance="410"/><!-- strange helmet -->
		<item id="7588" chance="1510"/><!-- strong health potion -->
		<item id="2534" chance="250"/><!-- vampire shield -->
	</loot>
</monster>
