<?xml version="1.0" encoding="UTF-8"?>
<monster name="Azerus" nameDescription="Azerus" race="undead" experience="0" speed="286" manacost="0">
	<health now="7500" max="7500"/>
	<look type="309" corpse="0"/>
	<targetchange interval="2000" chance="7"/>
	<strategy attack="100" defense="0"/>
	<flags>
		<flag summonable="0"/>
		<flag attackable="1"/>
		<flag hostile="1"/>
		<flag illusionable="0"/>
		<flag convinceable="0"/>
		<flag pushable="0"/>
		<flag canpushitems="1"/>
		<flag canpushcreatures="1"/>
		<flag targetdistance="1"/>
		<flag staticattack="90"/>
		<flag runonhealth="0"/>
	</flags>
	<attacks>
		<attack name="melee" interval="2000" skill="90" attack="40"/>
		<attack name="manadrain" interval="2000" chance="20" range="7" radius="5" target="1" min="-550" max="-1100">
			<attribute key="shootEffect" value="energyball"/>
		</attack>
		<attack name="manadrain" interval="2000" chance="20" range="7" radius="5" target="0" min="-550" max="-850">
			<attribute key="areaEffect" value="mortarea"/>
		</attack>
		<attack name="manadrain" interval="2000" chance="20" range="7" radius="1" target="1" min="-700" max="-2000">
			<attribute key="shootEffect" value="energyball"/>
			<attribute key="areaEffect" value="teleport"/>
		</attack>
		<attack name="manadrain" interval="2000" chance="20" length="8" spread="0" target="0" min="-400" max="-900">
			<attribute key="areaEffect" value="teleport"/>
		</attack>
		<attack name="drunk" interval="2000" chance="20" range="7" radius="1" target="1" duration="15000">
			<attribute key="shootEffect" value="suddendeath"/>
			<attribute key="areaEffect" value="stun"/>
		</attack>
	</attacks>
	<defenses armor="22" defense="35">
		<defense name="healing" interval="2000" chance="40" min="10000" max="10000">
			<attribute key="areaEffect" value="greenshimmer"/>
		</defense>
		<defense name="healing" interval="2000" chance="35">
			<attribute key="areaEffect" value="redspark"/>
		</defense>
		<defense name="azerus summon 1" interval="2000" chance="19"/>
	</defenses>
	<elements>
		<element earthPercent="95"/>
		<element energyPercent="95"/>
		<element holyPercent="95"/>
		<element deathPercent="95"/>
		<element firePercent="95"/>
		<element icePercent="95"/>
		<element earthPercent="95"/>
	</elements>
	<immunities>
		<immunity paralyze="1"/>
		<immunity physical="1"/>
		<immunity invisible="1"/>
	</immunities>
	<voices interval="2000" chance="5">
		<voice sentence="The great machinator will make his entrance soon!"/>
		<voice sentence="The end of times has come!"/>
		<voice sentence="With the power of the Yalahari I am invicible!"/>
		<voice sentence="We will open the rift for a new time to come!"/>
	</voices>
	<loot>
	</loot>
</monster>