<?xml version="1.0" encoding="UTF-8"?>
<monster name="Azerus" nameDescription="Azerus" race="undead" experience="0" speed="286" manacost="0">
	<health now="7500" max="7500"/>
	<look type="309" corpse="10013"/>
	<targetchange interval="2000" chance="7"/>
	<strategy attack="100" defense="0"/>
	<flags>
		<flag summonable="0"/>
		<flag attackable="1"/>
		<flag hostile="1"/>
		<flag illusionable="0"/>
		<flag convinceable="0"/>
		<flag pushable="0"/>
		<flag canpushitems="1"/>
		<flag canpushcreatures="1"/>
		<flag targetdistance="1"/>
		<flag staticattack="90"/>
		<flag runonhealth="0"/>
	</flags>
	<attacks>
		<attack name="melee" interval="2000" skill="90" attack="60"/>
	</attacks>
	<defenses armor="22" defense="35">
		<defense name="healing" interval="2000" chance="20" min="400" max="500">
			<attribute key="areaEffect" value="redspark"/>
		</defense>
		<defense name="healing" interval="2000" chance="15">
			<attribute key="areaEffect" value="redspark"/>
		</defense>
		<defense name="azerus summon 4" interval="2000" chance="19"/>
	</defenses>
	<elements>
		<element earthPercent="15"/>
		<element energyPercent="15"/>
		<element holyPercent="15"/>
		<element deathPercent="15"/>
		<element firePercent="15"/>
		<element icePercent="15"/>
		<element earthPercent="15"/>
		<element physicalPercent="15"/>
	</elements>
	<immunities>
		<immunity paralyze="1"/>
		<immunity invisible="1"/>
	</immunities>
	<voices interval="2000" chance="5">
		<voice sentence="I will place your corpses to the feet of my master and together we will call the ultimate to end what he begun aeons before!"/>
		<voice sentence="Even without Yalahari sheidls I am still invicible!"/>
		<voice sentence="Fools! I am pulsing with energy to open the gates. Kill me and this forces will annihilate the city!"/>
		<voice sentence="The rift is tearing at me, I can't control it much longer ... Master, where are you?"/>
		<voice sentence="Creation must be undone! We will join the ultimate in the annihiliverse!"/>
	</voices>
	<loot>
	</loot>
</monster>