<?xml version="1.0" encoding="UTF-8"?>
<monster name="Bane Lord" nameDescription="Bane Lord" experience="500" speed="230" race="undead" manacost="0">
	<health now="3000" max="3000"/>
	<look type="310" corpse="9867"/>
	<targetchange speed="0" chance="8"/>
	<strategy attack="100" defense="0"/>
	<flags>
		<flag summonable="0"/>
		<flag attackable="1"/>
		<flag hostile="1"/>
		<flag illusionable="0"/>
		<flag convinceable="0"/>
		<flag pushable="0"/>
		<flag canpushitems="1"/>
		<flag canpushcreatures="1"/>
		<flag targetdistance="1"/>
		<flag staticattack="90"/>
		<flag runonhealth="0"/>
	</flags>
	<attacks>
		<attack name="melee" interval="2000" skill="40" attack="22" poison="175"/>
		<attack name="poisoncondition" interval="2000" chance="10" length="8" spread="3" min="-110" max="-120">
			<attribute key="areaEffect" value="poison"/>
		</attack>
	</attacks>
	<defenses armor="50" defense="55">
		<defense name="healing" interval="2000" chance="5" min="100" max="200">
			<attribute key="areaEffect" value="blueshimmer"/>
		</defense>
		<defense name="healing" interval="2000" chance="3" min="200" max="300">
			<attribute key="areaEffect" value="blueshimmer"/>
		</defense>
	</defenses>
	<elements>
		<element holyPercent="90"/>
		<element deathPercent="90"/>
		<element firePercent="80"/>
		<element energyPercent="80"/>
		<element icePercent="80"/>
		<element earthPercent="80"/>
		<element physicalPercent="-10"/>
	</elements>
	<immunities>
		<immunity invisible="1"/>
		<immunity paralyze="1"/>
	</immunities>
	<voices interval="2000" chance="5">
		<voice sentence="You shall not succeed!"/>
		<voice sentence="This time we will prevail!"/>
	</voices>
	<loot>
		<item id="12969" chance="100000"/><!-- dry piece of wood -->
		<item id="12969" chance="40000"/><!-- dry piece of wood -->
		<item id="12969" chance="10000"/><!-- dry piece of wood -->
		<item id="13939" chance="100000"/><!-- sugar oat -->
		<item id="13537" chance="8330"/><!-- bag of apple slices -->
		<item id="13538" chance="8330"/><!-- bamboo leaves -->
		<item id="13539" chance="2780"/><!-- golden fir cone -->
		<item id="13508" chance="2780"/><!-- slug drug -->
		<item id="15546" chance="1300"/><!-- four-leaf clover -->
		<item id="13298" chance="2000"/><!-- carrot on a stick -->
	</loot>
</monster>
