<?xml version="1.0" encoding="UTF-8"?>
<monster name="Barbaria" nameDescription="Barbaria" race="blood" experience="355" speed="280" manacost="0">
	<health now="345" max="345"/>
	<look type="264" head="78" body="97" legs="95" feet="121" corpse="20339"/>
	<targetchange interval="60000" chance="0"/>
	<strategy attack="100" defense="0"/>
	<flags>
		<flag summonable="0"/>
		<flag attackable="1"/>
		<flag hostile="1"/>
		<flag illusionable="0"/>
		<flag convinceable="0"/>
		<flag pushable="0"/>
		<flag canpushitems="1"/>
		<flag staticattack="90"/>
		<flag lightlevel="0"/>
		<flag lightcolor="0"/>
		<flag targetdistance="1"/>
		<flag runonhealth="0"/>
	</flags>
	<attacks>
		<attack name="melee" interval="2000" skill="50" attack="40"/>
		<attack name="ice" interval="2000" chance="16" range="7" radius="1" target="1" min="-25" max="-50">
			<attribute key="shootEffect" value="snowball"/>
			<attribute key="areaEffect" value="bluebubble"/>
		</attack>
		<attack name="barbarian brutetamer skill reducer" interval="2000" chance="10" range="7"/>
	</attacks>
	<defenses armor="10" defense="10">
	<defense name="healing" interval="2000" chance="16" min="40" max="75">
		<attribute key="areaEffect" value="blueshimmer"/>
	</defense>
	</defenses>
	<elements>
		<element icePercent="50"/>
		<element holyPercent="10"/>
		<element energyPercent="20"/>
		<element physicalPercent="-20"/>
		<element deathPercent="-10"/>
	</elements>
	<immunities>
		<immunity lifedrain="1"/>
		<immunity paralyze="1"/>
		<immunity outfit="1"/>
		<immunity invisible="1"/>
		<immunity drunk="1"/>
	</immunities>
	<summons maxSummons="2">
		<summon name="War Wolf" interval="2000" chance="11"/> 
	</summons>
	<voices interval="2000" chance="5">
		<voice sentence="To me, creatures of the wild!"/>
		<voice sentence="My instincts tell me about your cowardice."/>
	</voices>
	<loot>
		<item id="2148" countmax="35" chance1="48000" chancemax="0"/><!-- gold coins -->
		<item id="2464" chance="11000"/><!-- chain armor -->
		<item id="3965" chance="12500"/><!-- hunting spear -->
		<item id="7343" chance="1000"/><!-- fur bag -->
		<item id="2050" chance="25000"/><!-- torch -->
		<item id="1958" chance="15000"/><!-- grey book -->
	</loot>
</monster>
