<?xml version="1.0" encoding="UTF-8"?>
<monster name="Bibby Bloodbath" nameDescription="Bibby Bloodbath" race="blood" experience="1500" speed="278" manacost="0">
	<health now="1200" max="1200"/>
	<look type="2" corpse="6008"/>
	<targetchange interval="2000" chance="6"/>
	<strategy attack="100" defense="0"/>
	<flags>
		<flag summonable="0"/>
		<flag attackable="1"/>
		<flag hostile="1"/>
		<flag illusionable="0"/>
		<flag convinceable="0"/>
		<flag pushable="0"/>
		<flag canpushitems="1"/>
		<flag canpushcreatures="1"/>
		<flag targetdistance="1"/>
		<flag staticattack="90"/>
		<flag runonhealth="0"/>
	</flags>
	<attacks>
		<attack name="melee" interval="2000" skill="90" attack="50"/>
		<attack name="bibby bloodbath paralyze" interval="2000" chance="35"/>
		<attack name="physical" interval="2000" chance="20" range="7" min="-0" max="-200">
			<attribute key="shootEffect" value="throwingstar"/>
		</attack>
	</attacks>
	<defenses armor="22" defense="35">
		<defense name="invisible" interval="2000" chance="12" duration="5000">
			<attribute key="areaEffect" value="blueshimmer"/>
		</defense>
	</defenses>
	<elements>
		<element energyPercent="20"/>
		<element holyPercent="10"/>
		<element earthPercent="-10"/>
		<element deathPercent="-5"/>
	</elements>
	<immunities>
		<immunity invisible="1"/>
		<immunity fire="1"/>
		<immunity ice="1"/>
	</immunities>
	<voices interval="2000" chance="5">
		<voice sentence="Don't run, you'll just lose precious fat."/>
		<voice sentence="Hex hex!"/>
	</voices>
	<loot>
		<item id="2148" countmax="100" chance="100000"/><!-- gold coin -->
		<item id="7618" countmax="3" chance="8490"/><!-- health potion -->
		<item id="7620" countmax="3" chance="10380"/><!-- mana potion -->
		<item id="2152" countmax="10" chance="100000"/><!-- platinum coin -->
		<item id="2399" chance="22640" countmax="18"/><!-- throwing star -->
		<item id="2667" chance="8490"/><!-- fish -->
		<item id="2666" chance="12260"/><!-- meat -->
		<item id="7890" chance="4720"/><!-- magma amulet -->
		<item id="2489" chance="12260"/><!-- dark armor -->
		<item id="2428" chance="33020"/><!-- orcish axe -->
		<item id="7412" chance="1890"/><!-- butcher's axe -->
		<item id="2647" chance="8490"/><!-- plate legs -->
		<item id="2393" chance="1890"/><!-- giant sword -->
		<item id="2377" chance="22640"/><!-- two handed sword -->
		<item id="2497" chance="940"/><!-- crusader helmet -->
		<item id="2165" chance="5660"/><!-- stealth ring -->
		<item id="7395" chance="1890"/><!-- orc trophy -->
	</loot>
</monster>
