<?xml version="1.0" encoding="UTF-8"?>
<monster name="Bloom Of Doom" nameDescription="a bloom of doom" race="undead" experience="6000" speed="0" manacost="0">
	<health now="15000" max="15000"/>
	<look typeex="12305" corpse="12333"/>
	<targetchange interval="2000" chance="5"/>
	<strategy attack="100" defense="0"/>
	<flags>
		<flag summonable="0"/>
		<flag attackable="1"/>
		<flag hostile="1"/>
		<flag illusionable="0"/>
		<flag convinceable="0"/>
		<flag pushable="0"/>
		<flag canpushitems="1"/>
		<flag canpushcreatures="1"/>
		<flag targetdistance="1"/>
		<flag staticattack="90"/>
		<flag runonhealth="0"/>
	</flags>
	<attacks>
		<attack name="melee" interval="2000" skill="390" attack="500"/>
		<attack name="poison" interval="2000" chance="18" range="7" radius="1" target="1" min="-50" max="-250">
			<attribute key="shootEffect" value="poison"/>
			<attribute key="areaEffect" value="greenbubble"/>
		</attack>
		<attack name="lifedrain" interval="2000" chance="14" range="4" radius="1" target="1" min="-100" max="-250">
			<attribute key="areaEffect" value="smallplants"/>
		</attack>
		<attack name="lifedrain" interval="2000" chance="18" range="7" radius="4" target="0" min="-200" max="-600">
			<attribute key="areaEffect" value="carniphila"/>
		</attack>
	</attacks>
	<defenses armor="22" defense="35">
		<defense name="healing" interval="2000" chance="25" min="850" max="1200">
			<attribute key="areaEffect" value="bluebubble"/>
		</defense>
	</defenses>
	<elements>
	</elements>
	<immunities>
		<immunity paralyze="1"/>
		<immunity earth="1"/>
		<immunity lifedrain="1"/>
		<immunity invisible="1"/>
	</immunities>
	<voices interval="2000" chance="5">
		<voice sentence="Kchhhhh"/>
		<voice sentence="Pfoooooom"/>
	</voices>
	<loot>
	</loot>
</monster>