<?xml version="1.0" encoding="UTF-8"?>
<monster name="Bretzecutioner" nameDescription="Bretzecutioner" race="blood" experience="3700" speed="300" manacost="0">
	<health now="5600" max="5600"/>
	<look type="236" corpse="6320"/>
	<targetchange interval="5000" chance="8"/>
	<strategy attack="100" defense="0"/>
	<flags>
		<flag summonable="0"/>
		<flag attackable="1"/>
		<flag hostile="1"/>
		<flag illusionable="0"/>
		<flag convinceable="0"/>
		<flag pushable="0"/>
		<flag canpushitems="1"/>
		<flag canpushcreatures="1"/>
		<flag targetdistance="1"/>
		<flag staticattack="90"/>
		<flag runonhealth="0"/>
	</flags>
	<attacks>
		<attack name="melee" interval="2000" skill="90" attack="100"/>
		<attack name="physical" interval="2000" chance="15" range="7" min="-0" max="-200">
			<attribute key="shootEffect" value="largerock"/>
		</attack>
	</attacks>
	<defenses armor="30" defense="35">
		<defense name="speed" interval="2000" chance="7" speedchange="636" duration="7000">
			<attribute key="areaEffect" value="redshimmer"/>
		</defense>
	</defenses>
	<elements>
		<element firePercent="30"/>
		<element physicalPercent="25"/>
		<element earthPercent="20"/>
		<element deathPercent="20"/>
		<element icePercent="-15"/>
		<element holyPercent="-3"/>
	</elements>
	<immunities>
		<immunity paralyze="1"/>
		<immunity energy="1"/>
		<immunity invisible="1"/>
	</immunities>
	<voices interval="2000" chance="5">
		<voice sentence="Destructiooooon!"/>
		<voice sentence="It's a good day to destroy!"/>
		<voice sentence="COME HERE AND DIE!" yell="1"/>
	</voices>
	<loot>
		<item id="7368" countmax="10" chance="100000"/><!-- assassin star -->
		<item id="2125" chance="20830"/><!-- crystal necklace -->
		<item id="7427" chance="25000"/><!-- chaos mace -->
		<item id="2489" chance="66670"/><!-- dark armor -->
		<item id="2521" chance="16670"/><!-- dark shield -->
		<item id="6300" chance="100000"/><!-- death ring -->
		<item id="6500" countmax="2" chance="62500"/><!-- demonic essence -->
		<item id="7419" chance="12500"/><!-- dreaded cleaver -->
		<item id="2393" chance="20830"/><!-- giant sword -->
		<item id="7632" chance="45830"/><!-- giant shimmering pearl -->
		<item id="7633" chance="45830"/><!-- giant shimmering pearl -->
		<item id="2148" countmax="100" chance="100000"/><!-- gold coin -->
		<item id="2666" countmax="6" chance="100000"/><!-- meat -->
		<item id="11215" chance="100000"/><!-- metal spike -->
		<item id="2152" countmax="8" chance="100000"/><!-- platinum coin -->
		<item id="7591" countmax="3" chance="45830"/><!-- greath health potion -->
		<item id="7590" countmax="3" chance="25000"/><!-- greath mana potion -->
		<item id="8472" countmax="3" chance="29170"/><!-- greath spirit potion -->
		<item id="2150" countmax="5" chance="29170"/><!-- small amethyst -->
		<item id="2145" countmax="5" chance="33330"/><!-- small diamond -->
		<item id="2146" countmax="5" chance="37500"/><!-- small sapphire -->
		<item id="7452" chance="33330"/><!-- spiked squelcher -->
		<item id="2645" chance="4170"/><!-- steel boots -->
		<item id="5741" chance="4170"/><!-- skull helmet -->
	</loot>
</monster>
