<?xml version="1.0" encoding="UTF-8"?>
<monster name="Bruise Payne" nameDescription="Bruise Payne" race="blood" experience="1000" speed="186" manacost="0">
	<health now="1600" max="1600"/>
	<look type="307" corpse="9829"/>
  	<targetchange interval="5000" chance="8" />
  	<strategy attack="100" defense="0" />
  	<flags>
    		<flag summonable="0" />
    		<flag attackable="1" />
    		<flag hostile="1" />
    		<flag illusionable="0" />
    		<flag convinceable="0" />
    		<flag pushable="0" />
    		<flag canpushitems="1" />
    		<flag canpushcreatures="1" />
    		<flag targetdistance="1" />
    		<flag staticattack="90" />
    		<flag runonhealth="450" />
  	</flags>
  	<attacks>
    		<attack name="melee" interval="2000" skill="90" attack="50" poison="140" />
    		<attack name="earth" interval="2000" chance="17" range="7" target="1" min="-70" max="-120">
      			<attribute key="shootEffect" value="poison" />
      			<attribute key="areaEffect" value="greenbubble" />
    		</attack>
    		<attack name="lifedrain" interval="2000" chance="17" range="1" target="1" min="-70" max="-120">
      			<attribute key="shootEffect" value="poison" />
      			<attribute key="areaEffect" value="redshimmer" />
    		</attack>
    		<attack name="poisoncondition" interval="2000" chance="14" length="4" spread="3" min="-225" max="-250">
      			<attribute key="areaEffect" value="poison" />
    		</attack>
    		<attack name="mutated bat curse" interval="2000" chance="12"/>
    		<attack name="drown" interval="2000" chance="9" target="0" radius="7" min="-20" max="-70">
      			<attribute key="areaEffect" value="whitenote" />
    		</attack>
  	</attacks>
  	<defenses armor="30" defense="30" >
		<defense name="healing" interval="2000" chance="12" min="50" max="80">
			<attribute key="areaEffect" value="blueshimmer"/>
		</defense>
	</defenses>
  	<elements>
    		<element firePercent="-10" />
    		<element icePercent="-10" />
    		<element firePercent="-10" />
  	</elements>
  	<immunities>
    		<immunity death="1" />
    		<immunity earth="1" />
    		<immunity drown="1" />
    		<immunity invisible="1" />
    		<immunity drunk="1" />
  	</immunities>
	<voices interval="2000" chance="5">
		<voice sentence="Shriiiiiek"/>
	</voices>
	<loot>
		<item id="5894" countmax="2" chance="100000"/><!-- bat wing -->
		<item id="10016" chance="18370"/><!-- batwing hat -->
		<item id="2144" countmax="5" chance="87760"/><!-- black pearl -->
		<item id="2529" chance="93880"/><!-- black shield -->
		<item id="2167" chance="100000"/><!-- energy ring -->
		<item id="2148" countmax="99" chance="100000"/><!-- gold coin -->
		<item id="7386" chance="24490"/><!-- mercenary sword -->
		<item id="10579" chance="100000"/><!-- mutated bat ear -->
		<item id="2150" countmax="5" chance="100000"/><!-- small amethyst -->
		<item id="2800" chance="100000"/><!-- star herb -->
	</loot>
</monster>
