<?xml version="1.0" encoding="UTF-8"?>
<monster name="Captain Jones" nameDescription="Captain Jones" race="undead" experience="825" speed="210" manacost="0">
	<health now="800" max="800"/>
	<look type="196" corpse="6071"/>
	<targetchange interval="5000" chance="8"/>
	<strategy attack="100" defense="0"/>
	<flags>
		<flag summonable="0"/>
		<flag attackable="1"/>
		<flag hostile="1"/>
		<flag illusionable="1"/>
		<flag convinceable="0"/>
		<flag pushable="0"/>
		<flag canpushitems="1"/>
		<flag canpushcreatures="0"/>
		<flag staticattack="90"/>
		<flag targetdistance="1"/>
		<flag runonhealth="0"/>
	</flags>
	<attacks>
		<attack name="melee" interval="2000" skill="28" attack="50" poison="100"/>
		<attack name="death" interval="2000" chance="18" range="1" target="1" min="-30" max="-100">
			<attribute key="shootEffect" value="death"/>
			<attribute key="areaEffect" value="smallclouds"/>
		</attack>
		<attack name="outfit" interval="2000" chance="9" range="7" radius="1" target="1" monster="skeleton" duration="10000">
			<attribute key="shootEffect" value="death"/>
			<attribute key="areaEffect" value="smallclouds"/>
		</attack>
	</attacks>
	<defenses armor="20" defense="25">
		<defense name="healing" interval="2000" chance="15" min="25" max="45">
			<attribute key="areaEffect" value="blueshimmer"/>
		</defense>
	</defenses>
	<elements>
		<element holyPercent="-25"/>
	</elements>
	<immunities>
		<immunity paralyze="1"/>
		<immunity physical="1"/>
		<immunity death="1"/>
		<immunity earth="1"/>
		<immunity lifedrain="1"/>
	</immunities>
	<voices interval="2000" chance="5">
		<voice sentence="Yooh Ho Hooh Ho!"/>
		<voice sentence="Hell is waiting for you!"/>
		<voice sentence="It's alive!"/>
		<voice sentence="The curse! Aww the curse!"/>
		<voice sentence="You will not get my treasure!"/>
	</voices>
	<loot>
		<item id="2148" countmax="150" chance="100000"/><!-- gold coin -->
		<item id="10601" chance="100000"/><!-- tattered piece of robe -->
		<item id="2165" chance="25000"/><!-- stealth ring -->
		<item id="2488" chance="4500"/><!-- crown legs -->
		<item id="2383" chance="12000"/><!-- spike sword -->
		<item id="8871" chance="6200"/><!-- focus cape -->
	</loot>
</monster>
