<?xml version="1.0" encoding="UTF-8"?>
<monster name="Chikhaton" nameDescription="Chikathon" race="blood" experience="20000" speed="340" manacost="0">
	<health now="20000" max="20000"/>
	<look type="361" corpse="12282"/>
	<targetchange interval="2000" chance="3"/>
	<strategy attack="100" defense="0"/>
	<flags>
		<flag summonable="0"/>
		<flag attackable="1"/>
		<flag hostile="1"/>
		<flag illusionable="1"/>
		<flag convinceable="0"/>
		<flag pushable="0"/>
		<flag canpushitems="1"/>
		<flag canpushcreatures="1"/>
		<flag targetdistance="1"/>
		<flag staticattack="90"/>
		<flag runonhealth="0"/>
	</flags>
	<attacks>
		<attack name="melee" interval="2000" skill="140" attack="160"/>
		<attack name="physical" interval="2000" chance="15" range="7" min="-0" max="-600">
			<attribute key="shootEffect" value="largerock"/>
			<attribute key="areaEffect" value="explosionarea"/>
		</attack>
	</attacks>
	<defenses armor="44" defense="59">
		<defense name="healing" interval="2000" chance="11" min="400" max="900">
			<attribute key="areaEffect" value="fire"/>
		</defense>
		<defense name="speed" interval="2000" chance="9" speedchange="570" duration="10000">
			<attribute key="areaEffect" value="redshimmer"/>
		</defense>
	</defenses>
	<elements>
		<element physicalPercent="50"/>
		<element firePercent="30"/>
		<element icePercent="10"/>
		<element earthPercent="20"/>
		<element energyPercent="-10"/>
		<element holyPercent="-5"/>
	</elements>
	<immunities>
		<immunity paralyze="1"/>
		<immunity invisible="1"/>
	</immunities>
	<voices interval="2000" chance="5">
		<voice sentence="Vae victis."/>
		<voice sentence="I am power."/>
		<voice sentence="You will regret your mistake."/>
	</voices>
	<loot>
	</loot>
</monster>
