<?xml version="1.0" encoding="UTF-8"?>
<monster name="Cocoon" nameDescription="a cocoon" race="undead" experience="20000" speed="0" manacost="0">
	<health now="15000" max="15000"/>
	<look typeex="12292" corpse="12329"/>
	<targetchange interval="2000" chance="5"/>
	<strategy attack="100" defense="0"/>
	<flags>
		<flag summonable="0"/>
		<flag attackable="1"/>
		<flag hostile="1"/>
		<flag illusionable="0"/>
		<flag convinceable="0"/>
		<flag pushable="0"/>
		<flag canpushitems="1"/>
		<flag canpushcreatures="1"/>
		<flag targetdistance="1"/>
		<flag staticattack="90"/>
		<flag runonhealth="0"/>
	</flags>
	<attacks>
		<attack name="melee" interval="2000" skill="190" attack="300"/>
		<attack name="poison" interval="2000" chance="22" range="7" radius="1" target="1" min="-100" max="-250">
			<attribute key="shootEffect" value="earth"/>
			<attribute key="areaEffect" value="plantattack"/>
		</attack>
	</attacks>
	<defenses armor="22" defense="35"/>
	<elements>
	</elements>
	<immunities>
		<immunity name="physical"/>
		<immunity name="death"/>
		<immunity name="holy"/>
		<immunity name="ice"/>
		<immunity name="energy"/>
		<immunity name="fire"/>
		<immunity name="poison"/>
		<immunity name="drown"/>
		<immunity name="lifedrain"/>
		<immunity name="paralyze"/>
		<immunity name="drunk"/>
		<immunity name="invisible"/>
	</immunities>
	<voices interval="2000" chance="5">
		<voice sentence="I ONLY WANT THE BEST FOR YOU, DON'T YOU SEE?" yell="1"/>
		<voice sentence="GO AWAY!" yell="1"/>
		<voice sentence="GET OFF ME!" yell="1"/>
		<voice sentence="STOP THAT, YOU FOOLS!" yell="1"/>
	</voices>
	<loot>
	</loot>
</monster>