<?xml version="1.0" encoding="UTF-8"?>
<monster name="Cublarc The Plunderer" nameDescription="Cublarc the Plunderer" race="blood" experience="400" speed="470" manacost="0">
	<health now="400" max="400"/>
	<look type="342" corpse="11254"/>
	<targetchange interval="5000" chance="8"/>
	<strategy attack="100" defense="0"/>
	<flags>
		<flag summonable="0"/>
		<flag attackable="1"/>
		<flag hostile="1"/>
		<flag illusionable="0"/>
		<flag convinceable="0"/>
		<flag pushable="0"/>
		<flag canpushitems="1"/>
		<flag canpushcreatures="1"/>
		<flag targetdistance="4"/>
		<flag staticattack="90"/>
		<flag runonhealth="0"/>
	</flags>
	<attacks>
		<attack name="melee" interval="2000" skill="40" attack="70"/>
		<attack name="physical" interval="2000" chance="50" range="7" min="-0" max="-100">
			<attribute key="shootEffect" value="arrow"/>
		</attack>
		<attack name="poisoncondition" interval="2000" chance="20" range="7" min="-140" max="-140">
			<attribute key="shootEffect" value="poisonarrow"/>
		</attack>
	</attacks>
	<defenses armor="20" defense="45">
		<defense name="speed" interval="2000" chance="7" speedchange="704" duration="15000">
			<attribute key="areaEffect" value="redshimmer"/>
		</defense>
	</defenses>
	<elements>
		<element holyPercent="10"/>
		<element earthPercent="-10"/>
	</elements>
	<immunities>
		<immunity invisible="1"/>
	</immunities>
	<voices interval="2000" chance="5">
		<voice sentence="Grrrrrr"/>
		<voice sentence="Orc arga Huummmak!"/>
	</voices>
	<loot>
		<item id="2666" chance="24190"/> <!-- meat -->
		<item id="11338" chance="6450"/> <!-- disgusting trophy -->
		<item id="2148" countmax="80" chance="59680"/> <!-- gold coin -->
		<item id="2456" chance="3230"/> <!-- bow -->
		<item id="8857" chance="3230"/> <!-- silkweaver bow -->
		<item id="11113" chance="1610"/><!-- orc tooth -->
		<item id="2428" chance="22580"/> <!-- orcish axe -->
		<item id="11324" chance="9680"/> <!-- shaggy tail -->
	</loot>
</monster>