<?xml version="1.0" encoding="UTF-8"?>
<monster name="Deathstrike" nameDescription="Deathstrike" race="undead" experience="40000" speed="580" manacost="0">
	<health now="200000" max="200000"/>
	<look type="500" corpse="18387"/>
	<targetchange interval="5000" chance="8"/>
	<strategy attack="100" defense="0"/>
	<flags>
		<flag summonable="0"/>
		<flag attackable="1"/>
		<flag hostile="1"/>
		<flag illusionable="0"/>
		<flag convinceable="0"/>
		<flag pushable="0"/>
		<flag canpushitems="1"/>
		<flag canpushcreatures="1"/>
		<flag targetdistance="1"/>
		<flag staticattack="90"/>
		<flag runonhealth="2000"/>
	</flags>
	<attacks>
		<attack name="melee" interval="2000" skill="190" attack="200"/>
		<attack name="drunk" interval="2000" chance="40" range="7" radius="6" target="0" duration="25000">
			<attribute key="areaEffect" value="yellowspark"/>
		</attack>
		<attack name="death" interval="2000" chance="10" range="7" radius="1" target="1" min="-200" max="-400">
			<attribute key="shootEffect" value="death"/>
			<attribute key="areaEffect" value="mortarea"/>
		</attack>
		<attack name="energy" interval="2000" chance="12" range="7" radius="5" target="1" min="-400" max="-600">
			<attribute key="shootEffect" value="energyball"/>
			<attribute key="areaEffect" value="energy"/>
		</attack>
		<attack name="deathstrike freeze" interval="2000" chance="12" range="7"/>
		<attack name="deathstrike manadrain" interval="2000" chance="17" min="-200" max="-800"/>
		<attack name="fire" interval="2000" chance="17" length="4" spread="0" min="-500" max="-1200">
			<attribute key="areaEffect" value="fire"/>
		</attack>
        	<attack name="deathstrike paralyze" interval="2000" chance="20"/>
	</attacks>
	<defenses armor="82" defense="98">
		<defense name="healing" interval="2000" chance="35" min="2000" max="6000">
			<attribute key="areaEffect" value="blueshimmer"/>
		</defense>
		<defense name="healing" interval="2000" chance="10" min="20000" max="30000">
			<attribute key="areaEffect" value="blueshimmer"/>
		</defense>
		<defense name="invisible" interval="2000" chance="25" duration="2000">
			<attribute key="areaEffect" value="blueshimmer"/>
		</defense>
	</defenses>
	<elements>
		<element firePercent="50"/>
		<element physicalPercent="40"/>
		<element holyPercent="20"/>
		<element deathPercent="50"/>
		<element icePercent="40"/>
	</elements>
	<immunities>
		<immunity paralyze="1"/>
		<immunity lifedrain="1"/>
		<immunity earth="1"/>
		<immunity invisible="1"/>
	</immunities>
	<voices interval="2000" chance="5">
		<voice sentence="Deeestructiooon!"/>
		<voice sentence="Maaahhhrrr!"/>
		<voice sentence="I am carnage incarnate!"/>
		<voice sentence="I've seen the light! And it was all engulfing fire!"/>
		<voice sentence="Taaake... this!"/>
	</voices>
	<loot>
		<item id="18430" chance="100000"/><!-- Deathstrike's snippet -->
		<item id="18454" chance="10740"/><!-- mycological bow -->
		<item id="18465" chance="10740"/><!-- shiny blade -->
		<item id="18449" chance="1750"/><!-- decorative ribbon -->
		<item id="18453" chance="11570"/><!-- crystal crossbow -->
		<item id="18451" chance="10740"/><!-- crystalline axe -->
		<item id="18450" chance="10740"/><!-- crystalline sword -->
		<item id="18452" chance="7440"/><!-- mycological mace -->
	</loot>
</monster>