<?xml version="1.0" encoding="UTF-8"?>
<monster name="Deathbine" nameDescription="Deathbine" race="venom" experience="340" speed="116" manacost="0">
	<health now="525" max="525"/>
	<look type="120" corpse="6047"/>
	<targetchange interval="5000" chance="8"/>
	<strategy attack="100" defense="0"/>
	<flags>
		<flag summonable="0"/>
		<flag attackable="1"/>
		<flag hostile="1"/>
		<flag illusionable="0"/>
		<flag convinceable="0"/>
		<flag pushable="0"/>
		<flag canpushitems="1"/>
		<flag canpushcreatures="1"/>
		<flag targetdistance="1"/>
		<flag staticattack="90"/>
		<flag runonhealth="0"/>
	</flags>
	<attacks>
		<attack name="melee" interval="2000" skill="30" attack="50" poison="100"/>
		<attack name="poison" interval="2000" chance="11" range="7" min="-60" max="-90">
			<attribute key="shootEffect" value="poison"/>
			<attribute key="areaEffect" value="greenspark"/>
		</attack>
		<attack name="carniphila paralyze" interval="2000" chance="15" range="7"/>
		<attack name="poison" interval="2000" chance="12" radius="3" target="0" min="-40" max="-130">
			<attribute key="areaEffect" value="poison"/>
		</attack>
	</attacks>
	<defenses armor="26" defense="10"/>
	<elements>
		<element energyPercent="10"/>
		<element icePercent="35"/>
		<element firePercent="-20"/>
	</elements>
	<immunities>
		<immunity earth="1"/>
		<immunity invisible="1"/>
	</immunities>
	<loot>
		<item id="11217" chance="100000"/><!-- carniphila seeds -->
		<item id="2792" chance="91180"/><!-- dark mushroom -->
		<item id="2152" countmax="5" chance="100000"/><!-- platinum coin -->
		<item id="7732" chance="85290"/><!-- seeds -->
		<item id="2804" chance="100000"/><!-- shadow herb -->
		<item id="2149" countmax="5" chance="100000"/><!-- small emerald -->
		<item id="13307" chance="2940"/><!-- swee smelling bait -->
		<item id="8912" chance="55880"/><!-- springsprout rod -->
		<item id="7887" chance="58820"/><!-- terra amulet -->
		<item id="7886" chance="58820"/><!-- terra boots -->
		<item id="5015" chance="5880"/><!-- mandrake -->
	</loot>
</monster>
