<?xml version="1.0" encoding="UTF-8"?>
<monster name="Dementor" nameDescription="a dementor" race="undead" experience="25475" speed="400" manacost="0">
	<health now="5930" max="5930"/>
	<look type="300" corpse="10324"/>
	<targetchange interval="5000" chance="10"/>
	<strategy attack="100" defense="0"/>
	<flags>
		<flag summonable="0"/>
		<flag attackable="1"/>
		<flag hostile="1"/>
		<flag illusionable="0"/>
		<flag convinceable="0"/>
		<flag pushable="0"/>
		<flag canpushitems="1"/>
		<flag canpushcreatures="1"/>
		<flag targetdistance="1"/>
		<flag staticattack="90"/>
		<flag runonhealth="0"/>
	</flags>
	<attacks>
		<attack name="melee" interval="1200" min="-0" max="-120"/>
		<attack name="physical" interval="1500" chance="30" range="7" min="-0" max="-30">
			<attribute key="shootEffect" value="suddendeath"/>
			<attribute key="areaEffect" value="mortarea"/>
		</attack>
		<attack name="death" interval="1500" chance="30" range="7" radius="4" target="1" min="-12" max="-20">
			<attribute key="shootEffect" value="fire"/>
			<attribute key="areaEffect" value="redspark"/>
		</attack>
		<attack name="physical" interval="1500" chance="40" lenght="8" spread="3" min="-20" max="-30">
			<attribute key="shootEffect" value="suddendeath"/>
			<attribute key="areaEffect" value="mortarea"/>
		</attack>
	</attacks>
	<defenses armor="50" defense="50">
		<defense name="healing" interval="1000" chance="25" min="80" max="120">
			<attribute key="areaEffect" value="blueshimmer"/>
		</defense>
	</defenses>
	<elements>
		<element earthPercent="40"/>
		<element icePercent="25"/>
		<element energyPercent="-10"/>
		<element holyPercent="-10"/>
		<element firePercent="-10"/>
	</elements>
	<immunities>
		<immunity death="1"/>
		<immunity drown="1"/>
		<immunity lifedrain="1"/>
		<immunity invisible="1"/>
	</immunities>
	<voices interval="5000" chance="10">
		<voice sentence="Since you didn't eat your spinach Bogey comes to get you!" yell="1"/>
		<voice sentence="Too bad you did not eat your lunch, now I have to punish you!" yell="1"/>
		<voice sentence="Even if you beat me, I'll hide in your closet until you one day drop your guard!" yell="1"/>
		<voice sentence="You better had believe in me!" yell="1"/>
		<voice sentence="I'll take you into the darkness ... forever!" yell="1"/>
	</voices>
	<summons maxSummons="2">
		<summon name="demon skeleton" interval="4000" chance="40" max="2"/>
	</summons>
</monster>