<?xml version="1.0" encoding="UTF-8"?>
<monster name="Demodras" nameDescription="Demodras" race="blood" experience="6000" speed="234" manacost="0">
	<health now="4500" max="4500"/>
	<look type="204" corpse="5984"/>
	<targetchange interval="2000" chance="5"/>
	<strategy attack="70" defense="10"/>
	<flags>
		<flag summonable="0"/>
		<flag attackable="1"/>
		<flag hostile="1"/>
		<flag illusionable="0"/>
		<flag convinceable="0"/>
		<flag pushable="0"/>
		<flag canpushitems="1"/>
		<flag canpushcreatures="1"/>
		<flag targetdistance="1"/>
		<flag staticattack="90"/>
		<flag runonhealth="300"/>
	</flags>
	<attacks>
		<attack name="melee" interval="2000" skill="90" attack="60"/>
		<attack name="fire" interval="2000" chance="20" range="7" radius="4" target="1" min="-230" max="-400">
			<attribute key="shootEffect" value="fire"/>
			<attribute key="areaEffect" value="firearea"/>
		</attack>
		<attack name="firefield" interval="2000" chance="10" range="7" radius="6" target="1">
			<attribute key="shootEffect" value="fire"/>
		</attack>
		<attack name="fire" interval="2000" chance="20" length="8" spread="3" min="-250" max="-550">
			<attribute key="areaEffect" value="firearea"/>
		</attack>
	</attacks>
	<defenses armor="45" defense="70">
		<defense name="healing" interval="2000" chance="25" min="400" max="700">
			<attribute key="areaEffect" value="blueshimmer"/>
		</defense>
	</defenses>
	<elements>
		<element icePercent="-5"/>
		<element physicalPercent="5"/>
		<element energyPercent="30"/>
	</elements>
	<immunities>
		<immunity paralyze="1"/>
		<immunity fire="1"/>
		<immunity earth="1"/>
		<immunity invisible="1"/>
	</immunities>
	<summons maxSummons="2">
		<summon name="Dragon" interval="2000" chance="17" max="2"/>
	</summons>
	<voices interval="2000" chance="5">
		<voice sentence="I WILL SET THE WORLD ON FIRE!" yell="1"/>
		<voice sentence="I WILL PROTECT MY BROOD!" yell="1"/>
		<voice sentence="ZCHHHHH" yell="1"/>
	</voices>
	<loot>
		<item id="5919" chance="100000"/><!-- dragon claw -->
		<item id="2672" countmax="10" chance="75230"/><!-- dragon ham -->
		<item id="7591" countmax="1" chance="8260"/><!-- great health potion -->
		<item id="7590" countmax="1" chance="9170"/><!-- great mana potion -->
		<item id="2152" countmax="10" chance="99080"/><!-- platinum coin -->
		<item id="2033" chance="5500"/><!-- golden mug -->
		<item id="1976" chance="11010"/><!-- gemmed book -->
		<item id="2177" chance="920"/><!-- life crystal -->
		<item id="2498" chance="588"/><!-- royal helmet -->
		<item id="2492" chance="1830"/><!-- dragon scale mail -->
		<item id="2547" countmax="8" chance="17430"/><!-- power bolt -->
		<item id="2796" countmax="7" chance="26610"/><!-- green mushroom -->
		<item id="2392" chance="1830"/><!-- fire sword -->
		<item id="2146" countmax="1" chance="12840"/><!-- small sapphire -->
		<item id="2167" chance="11010"/><!-- energy ring -->
		<item id="7365" countmax="5" chance="4590"/><!-- onyx arrow -->
		<item id="5948" countmax="1" chance="14680"/><!-- red dragon leather -->
	</loot>
</monster>
