<?xml version="1.0" encoding="UTF-8"?>
<monster name="Devovorga" nameDescription="Devovorga" race="blood" experience="0" speed="590" manacost="0">
	<health now="100000" max="100000"/>
	<look type="354" corpse="0"/>
	<targetchange interval="5000" chance="8"/>
	<strategy attack="100" defense="0"/>
	<flags>
		<flag summonable="0"/>
		<flag attackable="1"/>
		<flag hostile="1"/>
		<flag illusionable="0"/>
		<flag convinceable="0"/>
		<flag pushable="0"/>
		<flag canpushitems="1"/>
		<flag canpushcreatures="1"/>
		<flag targetdistance="1"/>
		<flag staticattack="90"/>
		<flag runonhealth="0"/>
	</flags>
	<attacks>
		<attack name="melee" interval="2000" skill="110" attack="100"/>
		<attack name="death" interval="2000" chance="14" range="1" radius="1" target="1" min="-50" max="-160">
			<attribute key="shootEffect" value="death"/>
			<attribute key="areaEffect" value="smallclouds"/>
		</attack>
		<attack name="lifedrain" interval="2000" chance="14" range="7" radius="1" target="1" min="-50" max="-250">
			<attribute key="shootEffect" value="death"/>
			<attribute key="areaEffect" value="smallclouds"/>
		</attack>
		<attack name="energy" interval="2000" chance="20" range="7" min="-60" max="-150">
			<attribute key="shootEffect" value="energy"/>
			<attribute key="areaEffect" value="rednote"/>
		</attack>
	</attacks>
	<defenses armor="22" defense="35">
		<defense name="healing" interval="2000" chance="50" min="100000" max="100000">
			<attribute key="areaEffect" value="blueshimmer"/>
		</defense>
	</defenses>
	<immunities>
		<immunity name="poison"/>
		<immunity name="drown"/>
		<immunity name="lifedrain"/>
		<immunity name="paralyze"/>
		<immunity name="drunk"/>
		<immunity name="invisible"/>
	</immunities>
	<voices interval="2000" chance="5">
		<voice sentence="My soul, power, hatred, knowledge and fury are far away."/>
		<voice sentence="I tried to save you, but there's no use."/>
		<voice sentence="See how weak you are?"/>
		<voice sentence="Slurp!"/>
	</voices>
	<loot>
	</loot>
</monster>