<?xml version="1.0" encoding="UTF-8"?>
<monster name="Dharalion" nameDescription="Dharalion" race="blood" experience="570" speed="224" manacost="0">
	<health now="380" max="380"/>
	<look type="203" corpse="6011"/>
	<targetchange interval="2000" chance="7"/>
	<strategy attack="10" defense="20"/>
	<flags>
		<flag summonable="0"/>
		<flag attackable="1"/>
		<flag hostile="1"/>
		<flag illusionable="0"/>
		<flag convinceable="0"/>
		<flag pushable="0"/>
		<flag canpushitems="1"/>
		<flag canpushcreatures="1"/>
		<flag targetdistance="4"/>
		<flag staticattack="90"/>
		<flag runonhealth="0"/>
	</flags>
	<attacks>
		<attack name="melee" interval="2000" skill="30" attack="28"/>
		<attack name="manadrain" interval="2000" chance="14" range="7" min="-30" max="-70">
			<attribute key="areaEffect" value="redshimmer"/>
		</attack>
		<attack name="energy" interval="2000" chance="13" range="7" min="-70" max="-95">
			<attribute key="shootEffect" value="energy"/>
			<attribute key="areaEffect" value="energy"/>
		</attack>
		<attack name="death" interval="2000" chance="10" range="7" min="-80" max="-155">
			<attribute key="shootEffect" value="death"/>
			<attribute key="areaEffect" value="smallclouds"/>
		</attack>
		<attack name="dharalion skill reducer" interval="2000" chance="13" range="7"/>
	</attacks>
	<defenses armor="15" defense="39">
		<defense name="healing" interval="2000" chance="20" min="90" max="120">
			<attribute key="areaEffect" value="blueshimmer"/>
		</defense>
		<defense name="speed" interval="2000" chance="7" speedchange="352" duration="10000">
			<attribute key="areaEffect" value="redshimmer"/>
		</defense>
	</defenses>
    <elements>
        <element deathPercent="95"/>
        <element energyPercent="95"/>
        <element icePercent="20"/>
        <element holyPercent="-10"/>
    </elements>
	<immunities>
		<immunity fire="1"/>
		<immunity poison="1"/>
		<immunity lifedrain="1"/>
		<immunity outfit="1"/>
		<immunity drunk="1"/>
		<immunity invisible="1"/>
	</immunities>
	<summons maxSummons="2">
		<summon name="Demon skeleton" interval="2000" chance="6" max="2"/>
	</summons>
	<voices interval="2000" chance="5">
		<voice sentence="Feel my wrath!"/>
		<voice sentence="No one will stop my ascension!"/>
		<voice sentence="My powers are divine!"/>
		<voice sentence="You desecrated this temple!"/>
	</voices>
	<loot>
		<item id="10552" chance="86490"/><!-- elvish talisman -->
		<item id="12421" chance="81080"/><!-- elven astral observer -->
		<item id="7590" chance="16220"/><!-- great mana potion -->
		<item id="2148" countmax="100" chance="97300"/><!-- gold coin -->
		<item id="2260" chance="21620"/><!-- blank rune -->
		<item id="2682" chance="27030"/><!-- melon -->
		<item id="2802" countmax="1" chance="10810"/><!-- sling herb -->
		<item id="2177" chance="16220"/><!-- life crystal -->
		<item id="2689" countmax="1" chance="16220"/><!-- bread -->
		<item id="2652" chance="2700"/><!-- green tunic -->
		<item id="2154" chance="37840"/><!-- yellow gem -->
		<item id="2198" chance="18920"/><!-- elven amulet -->
		<item id="3957" chance="10810"/><!-- cornucopia -->
		<item id="5922" chance="100000"/><!-- holy orchid -->
	</loot>
</monster>
