<?xml version="1.0" encoding="UTF-8"?>
<monster name="Diblis The Fair" nameDescription="Diblis The Fair" race="undead" experience="1800" speed="274" manacost="0">
    <health now="1500" max="1500"/>
    <look type="287" corpse="8937"/>
    <targetchange interval="5000" chance="10"/>
    <strategy attack="100" defense="0"/>
    <flags>
        <flag summonable="0"/>
        <flag attackable="1"/>
        <flag hostile="1"/>
        <flag illusionable="0"/>
        <flag convinceable="0"/>
        <flag pushable="0"/>
        <flag canpushitems="1"/>
        <flag canpushcreatures="1"/>
        <flag targetdistance="1"/>
        <flag staticattack="90"/>
        <flag runonhealth="500"/>
    </flags>
    <attacks>
        <attack name="melee" interval="2000" skill="90" attack="60"/>
	<attack name="drunk" interval="2000" chance="20" range="7" duration="5000">
		<attribute key="areaEffect" value="hearts"/>
	</attack>
	<attack name="lifedrain" interval="2000" chance="24" range="7" min="-50" max="-250">
		<attribute key="shootEffect" value="death"/>
		<attribute key="areaEffect" value="smallclouds"/>
	</attack>
	<attack name="elder bonelord paralyze" interval="2000" chance="12" range="7"/>
    </attacks>
    <defenses armor="30" defense="30">
        <defense name="healing" interval="2000" chance="12" min="50" max="235">
            <attribute key="areaEffect" value="redspark"/>
        </defense>
        <defense name="invisible" interval="2000" chance="25" duration="6000">
            <attribute key="areaEffect" value="blueshimmer"/>
        </defense>
        <defense name="outfit" interval="2000" chance="14" monster="bat" duration="4000">
            <attribute key="areaEffect" value="poff"/>
        </defense>
        <defense name="diblis the fair summon" interval="2000" chance="20"/>
    </defenses>
    <elements>
        <element physicalPercent="40"/>
        <element energyPercent="20"/>
        <element icePercent="5"/>
        <element holyPercent="-5"/>
        <element firePercent="-10"/>
    </elements>
    <immunities>
        <immunity lifedrain="1"/>
        <immunity death="1"/>
        <immunity poison="1"/>
        <immunity invisible="1"/>
    </immunities>
    <voices interval="2000" chance="5">
        <voice sentence="Not in my face you barbarian!"/>
        <voice sentence="I envy you to be slain by someone as beautiful as me."/>
        <voice sentence="I will drain your ugly corpses of the last drop of blood."/>
        <voice sentence="My brides will feast on your souls!"/>
    </voices>
    <loot>
        <item id="12405" chance="100000"/><!-- blood preservation -->
        <item id="2148" chance="100000" countmax="96"/><!-- gold coin -->
        <item id="2152" chance="8000" countmax="5"/><!-- platinum coin -->
        <item id="2229" chance="12000"/><!-- skull -->
        <item id="9020" chance="100000" /><!-- vampire lord token -->
        <item id="2534" chance="7000"/><!-- vampire shield -->
        <item id="8903" chance="1500"/><!-- spellbook of lost souls -->
        <item id="7588" chance="2000"/><!-- strong health potion -->
        <item id="2214" chance="9000"/><!-- ring of healing -->
        <item id="2144" chance="3500" countmax="1"/><!-- black pearl -->
    </loot>
</monster>
