<?xml version="1.0" encoding="UTF-8" ?>
<monster name="Dire Penguin" nameDescription="a dire penguin" race="blood" experience="119" speed="174" manacost="0">
	<health now="173" max="173"/>
	<look type="250" corpse="7334"/>
	<targetchange interval="2000" chance="0"/>
	<strategy attack="100" defense="0"/>
	<flags>
		<flag summonable="0"/>
		<flag attackable="1"/>
		<flag hostile="1"/>
		<flag illusionable="0"/>
		<flag convinceable="0"/>
		<flag pushable="0"/>
		<flag canpushitems="1"/>
		<flag canpushcreatures="0"/>
		<flag staticattack="90"/>
		<flag targetdistance="1"/>
		<flag runonhealth="0"/>
	</flags>
	<attacks>
		<attack name="melee" interval="2000" skill="30" attack="40"/>
		<attack name="physical" interval="2000" chance="20" range="7" min="-0" max="-35">
			<attribute key="shootEffect" value="snowball"/>
			<attribute key="areaEffect" value="explosionarea"/>
		</attack>
		<attack name="dire penguin paralyze" interval="2000" chance="11"/>
	</attacks>
	<defenses armor="10" defense="10">
		<defense name="speed" interval="2000" chance="9" speedchange="248" duration="3000">
			<attribute key="areaEffect" value="redshimmer"/>
		</defense>
	</defenses>
	<elements>
		<element energyPercent="-5"/>
		<element firePercent="50"/>
		<element earthPercent="50"/>
	</elements>
	<immunities>
		<immunity lifedrain="1"/>
		<immunity paralyze="1"/>
		<immunity outfit="1"/>
		<immunity invisible="1"/>
	</immunities>
	<voices interval="2000" chance="5">
		<voice sentence="Grrrrrr"/>
	</voices>
	<loot>
		<item id="2148" countmax="10" chance="80000"/><!-- gold coin -->
		<item id="2667" countmax="4" chance="8000"/><!-- fish -->
		<item id="7159" chance="7000"/><!-- green perch -->
		<item id="7158" chance="8000"/><!-- rainbow trout -->
		<item id="2434" chance="500"/><!-- dragon hammer -->
	</loot>
</monster>
