<?xml version="1.0" encoding="UTF-8"?>
<monster name="Diseased Fred" nameDescription="a diseased Fred" race="venom" experience="300" speed="250" manacost="0">
	<health now="1100" max="1100"/>
	<look type="299" corpse="8951"/>
	<targetchange interval="60000" chance="0"/>
	<strategy attack="100" defense="0"/>
	<flags>
		<flag summonable="0"/>
		<flag attackable="1"/>
		<flag hostile="1"/>
		<flag illusionable="0"/>
		<flag convinceable="0"/>
		<flag pushable="0"/>
		<flag canpushitems="1"/>
		<flag staticattack="90"/>
		<flag lightlevel="0"/>
		<flag lightcolor="0"/>
		<flag targetdistance="1"/>
		<flag runonhealth="40"/>
	</flags>
	<attacks>
		<attack name="melee" interval="2000" skill="62" attack="50" poison="80"/>
		<attack name="lifedrain" interval="2000" chance="19" range="7" min="-50" max="-140" target="1">
			<attribute key="areaEffect" value="redshimmer"/>
		</attack>
		<attack name="poison" interval="2000" chance="8" radius="3" target="0" min="-100" max="-175">
			<attribute key="areaEffect" value="poison"/>
		</attack>
		<attack name="diseased paralyze" interval="2000" chance="11"/>
	</attacks>
	<defenses armor="10" defense="15">
		<defense name="healing" interval="2000" chance="6" min="45" max="145">
			<attribute key="areaEffect" value="redshimmer"/>
		</defense>
	</defenses>
	<elements>
		<element physicalPercent="15"/>
		<element icePercent="15"/>
		<element energyPercent="15"/>
		<element holyPercent="15"/>
		<element deathPercent="55"/>
		<element firePercent="15"/>
	</elements>
	<immunities>
		<immunity paralyze="1"/>
		<immunity earth="1"/>
		<immunity invisible="1"/>
	</immunities>
	<voices interval="2000" chance="5">
		<voice sentence="You will suffer the same fate as I do!"/>
		<voice sentence="The pain! The pain!"/>
		<voice sentence="Stay away! I am contagious!"/>
		<voice sentence="The plague will get you!"/>
	</voices>
	<loot>
		<item id="2148" countmax="23" chance="52000"/><!-- gold coin -->
	</loot>
</monster>
