<?xml version="1.0" encoding="UTF-8"?>
<monster name="Diseased Dan" nameDescription="a diseased Dan" race="venom" experience="300" speed="250" manacost="0">
	<health now="800" max="800"/>
	<look type="299" corpse="8951"/>
	<targetchange interval="60000" chance="0"/>
	<strategy attack="100" defense="0"/>
	<flags>
		<flag summonable="0"/>
		<flag attackable="1"/>
		<flag hostile="1"/>
		<flag illusionable="0"/>
		<flag convinceable="0"/>
		<flag pushable="0"/>
		<flag canpushitems="1"/>
		<flag staticattack="90"/>
		<flag lightlevel="0"/>
		<flag lightcolor="0"/>
		<flag targetdistance="1"/>
		<flag runonhealth="40"/>
	</flags>
	<attacks>
		<attack name="melee" interval="2000" skill="62" attack="50" poison="60"/>
		<attack name="lifedrain" interval="2000" chance="15" radius="3" target="0" min="-200" max="-250">
			<attribute key="areaEffect" value="poison"/>
		</attack>
		<attack name="poisoncondition" interval="2000" chance="13" radius="4" target="1" min="-350" max="-620">
			<attribute key="areaEffect" value="poison"/>
		</attack>
		<attack name="diseased paralyze" interval="2000" chance="11"/>
	</attacks>
	<defenses armor="10" defense="15">
		<defense name="healing" interval="2000" chance="25" min="50" max="85">
			<attribute key="areaEffect" value="redshimmer"/>
		</defense>
	</defenses>
	<elements>
		<element physicalPercent="-5"/>
		<element energyPercent="-10"/>
		<element icePercent="-5"/>
		<element earthPercent="20"/>
		<element holyPercent="-5"/>
		<element deathPercent="5"/>
		<element firePercent="85"/>
	</elements>
	<immunities>
		<immunity paralyze="1"/>
		<immunity invisible="1"/>
	</immunities>
	<voices interval="2000" chance="5">
		<voice sentence="Where... Where am I?"/>
		<voice sentence="Is that you, Tom?"/>
		<voice sentence="Phew, what an awful smell ... oh, that's me."/>
	</voices>
	<loot>
		<item id="2148" countmax="25" chance="38890"/><!-- gold coin -->
	</loot>
</monster>
