<?xml version="1.0" encoding="UTF-8"?>
<monster name="Energized Raging Mage" nameDescription="an energized raging mage" race="blood" experience="0" speed="210" manacost="0">
	<health now="3500" max="3500"/>
	<look type="416" corpse="0"/>
	<targetchange interval="5000" chance="30"/>
	<strategy attack="90" defense="10"/>
	<flags>
		<flag summonable="0"/>
		<flag attackable="1"/>
		<flag hostile="1"/>
		<flag illusionable="0"/>
		<flag convinceable="0"/>
		<flag pushable="0"/>
		<flag canpushitems="1"/>
		<flag canpushcreatures="1"/>
		<flag targetdistance="1"/>
		<flag staticattack="90"/>
		<flag runonhealth="750"/>
	</flags>
  	<script>
		<event name="raging mage"/>
	</script>
	<attacks>
		<attack name="melee" interval="2000" skill="40" attack="40"/>
    		<attack name="fire" interval="2000" chance="18" range="7" target="1" radius="3" min="-75" max="-185">
      			<attribute key="areaEffect" value="firearea" />
      			<attribute key="shootEffect" value="fire" />
    		</attack>
    		<attack name="energy" interval="2000" chance="25" range="7" target="1" radius="3" min="-80" max="-185">
      			<attribute key="shootEffect" value="energyball" />
    		</attack>
		<attack name="manadrain" interval="2000" chance="14" range="7" min="-100" max="-210">
			<attribute key="shootEffect" value="ice"/>
			<attribute key="areaEffect" value="icearea"/>
		</attack>
		<attack name="energyfield" interval="2000" chance="20" range="7" radius="2" target="1">
			<attribute key="shootEffect" value="energy"/>
		</attack>
		<attack name="energy" interval="2000" chance="13" length="8" spread="0" min="-100" max="-250">
			<attribute key="areaEffect" value="bigclouds"/>
		</attack>
    		<attack name="raging mage skill reducer 1" interval="2000" chance="8" range="7"/>
    		<attack name="raging mage skill reducer 2" interval="2000" chance="31"/>
	</attacks>
	<defenses armor="20" defense="20">
		<defense name="healing" interval="2000" chance="25" min="170" max="250">
			<attribute key="areaEffect" value="blueshimmer"/>
		</defense>
	</defenses>
	<elements>
		<element physicalPercent="-50"/>
		<element holyPercent="-10"/>
	</elements>
	<immunities>
		<immunity energy="1"/>
		<immunity fire="1"/>
		<immunity outfit="1"/>
		<immunity drunk="1"/>
		<immunity invisible="1"/>
	</immunities>
	<summons maxSummons="1">
		<summon name="golden servant" interval="2000" chance="10"/>
	</summons>
	<voices interval="2000" chance="5">
		<voice sentence="Behold the all permeating powers I draw from this gate!!"/>
		<voice sentence="ENERGY!!" yell="1"/>
		<voice sentence="I FEEL, I FEEEEEL... OMNIPOTENCE!!" yell="1"/>
	</voices>
	<loot>
	</loot>
</monster>
