<?xml version="1.0" encoding="UTF-8"?>
<monster name="Esmeralda" nameDescription="Esmeralda" race="blood" experience="600" speed="230" manacost="0">
	<health now="800" max="800"/>
	<look type="305" corpse="9871"/>
	<targetchange interval="5000" chance="8"/>
	<strategy attack="100" defense="0"/>
	<flags>
		<flag summonable="0"/>
		<flag attackable="1"/>
		<flag hostile="1"/>
		<flag illusionable="0"/>
		<flag convinceable="0"/>
		<flag pushable="0"/>
		<flag canpushitems="1"/>
		<flag canpushcreatures="1"/>
		<flag targetdistance="1"/>
		<flag staticattack="90"/>
		<flag runonhealth="0"/>
	</flags>
	<attacks>
		<attack name="melee" interval="2000" skill="60" attack="50" poison="100"/>
		<attack name="earth" interval="2000" chance="30" range="7" min="-40" max="-110">
			<attribute key="shootEffect" value="poison"/>
            		<attribute key="areaEffect" value="poison"/>
		</attack>
		<attack name="poisoncondition" interval="2000" chance="22" length="5" spread="0" min="-100" max="-100">
			<attribute key="areaEffect" value="poison"/>
		</attack>
		<attack name="poisoncondition" interval="2000" chance="15" radius="3" min="-80" max="-80">
			<attribute key="areaEffect" value="poison"/>
		</attack>
		<attack name="lifedrain" interval="2000" chance="25" range="7" radius="3" target="0" min="-30" max="-110">
			<attribute key="areaEffect" value="redshimmer"/>
		</attack>
        	<attack name="mutated rat paralyze" interval="2000" chance="12" range="7"/>
	</attacks>
	<defenses armor="30" defense="30">
		<defense name="healing" interval="2000" chance="9" min="25" max="55">
			<attribute key="areaEffect" value="greenspark"/>
		</defense>
	</defenses>
	<elements>
		<element firePercent="-10"/>
	</elements>
	<immunities>
		<immunity death="1"/>
		<immunity earth="1"/>
		<immunity paralyze="1"/>
		<immunity lifedrain="1"/>
		<immunity drunk="1"/>
		<immunity drown="1"/>
		<immunity invisible="1"/>
	</immunities>
	<voices interval="2000" chance="5">
		<voice sentence="Fcccccchhhhhh"/>
	</voices>
	<loot>
		<item id="2148" countmax="170" chance="100000" /><!-- gold coin -->
		<item id="10585" chance="100000" /><!-- mutated rat tail -->
		<item id="2152" countmax="4" chance="94830" /><!-- platinum coin -->
		<item id="2214" chance="100000" /><!-- ring of healing -->
		<item id="2147" countmax="3" chance="70690" /><!-- small ruby -->
		<item id="2528" chance="34480" /><!-- tower shield -->
		<item id="2381" chance="31030" /><!-- halberd -->
		<item id="2438" chance="25860" /><!-- epee -->
		<item id="2476" chance="51720" /><!-- knight armor -->
		<item id="7884" chance="8620" /><!-- terra mantle -->
		<item id="2799" chance="6900" /><!-- stone herb -->
	</loot>
</monster>
