<?xml version="1.0" encoding="UTF-8"?>
<monster name="Fahim The Wise" nameDescription="Fahim the Wise" race="blood" experience="1500" speed="250" manacost="0">
	<health now="2000" max="2000"/>
	<look type="104" corpse="6033"/>
	<targetchange interval="5000" chance="8"/>
	<strategy attack="100" defense="0"/>
	<flags>
		<flag summonable="0"/>
		<flag attackable="1"/>
		<flag hostile="1"/>
		<flag illusionable="0"/>
		<flag convinceable="0"/>
		<flag pushable="0"/>
		<flag canpushitems="1"/>
		<flag canpushcreatures="0"/>
		<flag targetdistance="1"/>
		<flag staticattack="90"/>
		<flag runonhealth="0"/>
	</flags>
	<attacks>
		<attack name="melee" interval="2000" skill="55" attack="40"/>
		<attack name="fire" interval="2000" chance="35" range="7" min="-190" max="-260">
			<attribute key="shootEffect" value="fire"/>
			<attribute key="areaEffect" value="fireattack"/>
		</attack>
		<attack name="energy" interval="2000" chance="12" range="7" min="-65" max="-120">
			<attribute key="shootEffect" value="energy"/>
		</attack>
		<attack name="lifedrain" interval="2000" chance="11" range="1" min="-45" max="-105">
			<attribute key="shootEffect" value="death"/>
			<attribute key="areaEffect" value="redshimmer"/>
		</attack>
		<attack name="djinn paralyze" interval="2000" chance="4" range="7"/>
		<attack name="drunk" interval="2000" chance="20" range="7" duration="15000">
			<attribute key="shootEffect" value="energy"/>
			<attribute key="areaEffect" value="teleport"/>
		</attack>
		<attack name="outfit" interval="2000" chance="17" range="7" monster="rabbit" duration="20000">
			<attribute key="areaEffect" value="blueshimmer"/>
		</attack>
		<attack name="djinn electrify 2" interval="2000" chance="17"/>
	</attacks>
	<defenses armor="22" defense="15">
		<defense name="healing" interval="2000" chance="13" min="150" max="180">
			<attribute key="areaEffect" value="blueshimmer"/>
		</defense>
	</defenses>
	<elements>
		<element firePercent="90"/>
		<element earthPercent="70"/>
		<element energyPercent="60"/>
		<element holyPercent="30"/>
		<element icePercent="-15"/>
		<element deathPercent="-10"/>
	</elements>
	<immunities>
		<immunity paralyze="1"/>
		<immunity invisible="1"/>
	</immunities>
	<summons maxSummons="3">
		<summon name="blue djinn" interval="2000" chance="10" max="3"/>
	</summons>
	<voices interval="2000" chance="5">
		<voice sentence="Hail Gabel and all the Marid!"/>
		<voice sentence="You should know better than to be an enemy of the Marid"/>
	</voices>
	<loot>
		<item id="2677" countmax="21" chance="40000"/><!-- blueberry -->
		<item id="7732" chance="7500"/><!-- seeds -->
		<item id="2148" countmax="118" chance="95000"/><!-- gold coin -->
		<item id="12442" chance="67500"/><!-- noble turban -->
		<item id="12426" chance="100000"/><!-- jewelled belt -->
		<item id="7378" countmax="3" chance="57500"/><!-- royal spear -->
		<item id="2146" countmax="2" chance="15000"/><!-- small sapphire -->
		<item id="7589" countmax="3" chance="42500"/><!-- strong mana potion -->
		<item id="5912" countmax="4" chance="100000"/><!-- blue piece of cloth -->
		<item id="2663" chance="32500"/><!-- mystic turban -->
	 	<item id="7900" chance="5000"/><!-- magma monocle -->
		<item id="2158" chance="2500"/><!-- blue gem -->
	</loot>
</monster>
