<?xml version="1.0" encoding="UTF-8"?>
<monster name="Fernfang" nameDescription="Fernfang" race="blood" experience="600" speed="270" manacost="0">
	<health now="400" max="400"/>
	<look type="206" corpse="20566"/>
	<targetchange interval="2000" chance="7"/>
	<strategy attack="70" defense="20"/>
	<flags>
		<flag summonable="0"/>
		<flag attackable="1"/>
		<flag hostile="1"/>
		<flag illusionable="0"/>
		<flag convinceable="0"/>
		<flag pushable="0"/>
		<flag canpushitems="1"/>
		<flag canpushcreatures="1"/>
		<flag targetdistance="4"/>
		<flag staticattack="90"/>
		<flag runonhealth="0"/>
	</flags>
	<attacks>
		<attack name="melee" interval="2000" skill="50" attack="40"/>
		<attack name="manadrain" interval="2000" chance="25" range="7" min="-25" max="-45">
			<attribute key="areaEffect" value="redshimmer"/>
		</attack>
		<attack name="holy" interval="2000" chance="15" range="7" min="-70" max="-180">
			<attribute key="shootEffect" value="smallholy"/>
			<attribute key="areaEffect" value="holydamage"/>
		</attack>
	</attacks>
	<defenses armor="25" defense="50">
		<defense name="healing" interval="2000" chance="14" min="90" max="120">
			<attribute key="areaEffect" value="blueshimmer"/>
		</defense>
		<defense name="speed" interval="2000" chance="7" speedchange="432" duration="10000">
			<attribute key="areaEffect" value="redshimmer"/>
		</defense>
		<defense name="outfit" interval="2000" chance="5" monster="war wolf" duration="14000">
			<attribute key="areaEffect" value="blueshimmer"/>
		</defense>
	</defenses>
	<elements>
		<element icePercent="70"/>
		<element earthPercent="50"/>
	</elements>
	<immunities>
		<immunity invisible="1"/>
	</immunities>
	<summons maxSummons="3">
		<summon name="War Wolf" interval="2000" chance="13" max="3"/>
	</summons>
	<voices interval="2000" chance="5">
		<voice sentence="You desecrated this place!"/>
		<voice sentence="I will cleanse this isle!"/>
		<voice sentence="Grrrrrrr"/>
		<voice sentence="Yoooohhuuuu!" yell="1"/>
	</voices>
	<loot>
		<item id="10563" chance="100000"/><!-- book of prayers -->
		<item id="2148" countmax="71" chance="100000"/><!-- gold coin -->
		<item id="2152" countmax="3" chance="90000"/><!-- platinum coin -->
		<item id="1949" chance="10000"/><!-- scroll -->
		<item id="2642" chance="3000"/><!-- sandals -->
		<item id="2015" chance="10000"/><!-- brown flask -->
		<item id="2032" chance="3000"/><!-- bowl -->
		<item id="2044" chance="20000"/><!-- lamp -->
		<item id="2802" chance="3000"/><!-- sling herb -->
		<item id="2800" chance="90000"/><!-- star herb -->
		<item id="2747" chance="3000"/><!-- grave flower -->
		<item id="2035" chance="3000"/><!-- plate -->
		<item id="2689" countmax="1" chance="20000"/><!-- bread -->
		<item id="2401" chance="10000"/><!-- staff -->
		<item id="2401" chance="10000"/><!-- staff -->
		<item id="2260" chance="10000"/><!-- blank rune -->
		<item id="2193" chance="3000"/><!-- ankh -->
		<item id="12449" chance="40000"/><!-- safety pin -->
		<item id="12448" chance="50000"/><!-- rope belt -->
		<item id="2177" chance="10000"/><!-- life crystal -->
		<item id="2166" chance="30000"/><!-- power ring -->
		<item id="2129" chance="3000"/><!-- wolf tooth chain -->
		<item id="2220" chance="3000"/><!-- dirty fur -->
		<item id="2652" chance="10000"/><!-- green tunic -->
		<item id="2154" chance="30000"/><!-- yellow gem -->
		<item id="5786" chance="5000"/><!-- wooden whistle -->
		<item id="7589" chance="10000"/><!-- strong mana potion -->
	</loot>
</monster>
