<?xml version="1.0" encoding="UTF-8"?>
<monster name="Ferumbras" nameDescription="Ferumbras" race="venom" experience="12000" speed="390" manacost="0">
	<health now="50000" max="50000"/>
	<look type="229" corpse="6078"/>
	<targetchange interval="5000" chance="8"/>
	<strategy attack="100" defense="0"/>
	<flags>
		<flag summonable="0"/>
		<flag attackable="1"/>
		<flag hostile="1"/>
		<flag illusionable="0"/>
		<flag convinceable="0"/>
		<flag pushable="0"/>
		<flag canpushitems="1"/>
		<flag canpushcreatures="1"/>
		<flag targetdistance="1"/>
		<flag staticattack="90"/>
		<flag runonhealth="2500"/>
	</flags>
	<attacks>
		<attack name="melee" interval="2000" skill="90" attack="200"/>
		<attack name="poisoncondition" interval="2000" chance="20" radius="6" target="0" min="-250" max="-520">
			<attribute key="areaEffect" value="poison"/>
		</attack>
		<attack name="ferumbras electrify" interval="2000" chance="18"/>
		<attack name="manadrain" interval="2000" chance="16" radius="6" target="0" min="-225" max="-410">
			<attribute key="areaEffect" value="redshimmer"/>
		</attack>
		<attack name="lifedrain" interval="2000" chance="21" radius="6" target="0" min="-200" max="-450">
			<attribute key="areaEffect" value="poff"/>
		</attack>
		<attack name="ferumbras soulfire" interval="2000" chance="20" range="7"/>
		<attack name="lifedrain" interval="2000" chance="17" length="8" spread="0" min="-590" max="-1050">
			<attribute key="areaEffect" value="greenspark"/>
		</attack>
	</attacks>
	<defenses armor="100" defense="120">
		<defense name="healing" interval="2000" chance="23" min="600" max="2490">
			<attribute key="areaEffect" value="greenshimmer"/>
		</defense>
		<defense name="healing" interval="2000" chance="3" min="20000" max="35000">
			<attribute key="areaEffect" value="greenshimmer"/>
		</defense>
		<defense name="speed" interval="2000" chance="14" speedchange="700" duration="7000">
			<attribute key="areaEffect" value="blueshimmer"/>
		</defense>
		<defense name="invisible" interval="2000" chance="10" duration="9000">
			<attribute key="areaEffect" value="blueshimmer"/>
		</defense>
	</defenses>
	<elements>
		<element firePercent="90"/>
		<element holyPercent="20"/>
	</elements>
	<immunities>
		<immunity lifedrain="1"/>
		<immunity paralyze="1"/>
		<immunity outfit="1"/>
		<immunity drunk="1"/>
		<immunity invisible="1"/>
	</immunities>
	<summons maxSummons="3">
		<summon name="Demon2" interval="2000" chance="11" max="3"/>
	</summons>
	<voices interval="2000" chance="5">
		<voice sentence="NO ONE WILL STOP ME THIS TIME!" yell="1"/>
		<voice sentence="THE POWER IS MINE!" yell="1"/>
		<voice sentence="I returned from death and you dream about defeating me?"/>
		<voice sentence="Witness the first seconds of my eternal world domination!"/>
		<voice sentence="Even in my weakened state I will crush you all!"/>
		<voice sentence="I came, I see, I will win!"/>
		<voice sentence="The powers of darkness are with me!"/>
	</voices>
	<loot>
		<item id="5903" chance="100000"/><!-- Ferumbras' hat -->
		<item id="2148" countmax="184" chance="97960"/><!-- gold coin -->
		<item id="2152" countmax="58" chance="8160"/><!-- platinum coin -->
		<item id="9971" countmax="2" chance="75510"/><!-- gold ingot -->
		<item id="5944" countmax="9" chance="8160"/><!-- soul orb -->
		<item id="2522" chance="26530"/><!-- great shield -->
		<item id="8903" chance="26530"/><!-- spellbook of lost souls -->
		<item id="2466" chance="24490"/><!-- golden armor -->
		<item id="2470" chance="22450"/><!-- golden legs -->
		<item id="8902" chance="22450"/><!-- spellbook of mind control -->
		<item id="8868" chance="22450"/><!-- velvet mantle -->
		<item id="2520" chance="20410"/><!-- demon shield -->
		<item id="8885" chance="20410"/><!-- divine plate -->
		<item id="7894" chance="20410"/><!-- magma legs -->
		<item id="2542" chance="20410"/><!-- tempest shield -->
		<item id="2127" chance="18370"/><!-- emerald bangle -->
		<item id="7896" chance="18370"/><!-- glacier kilt -->
		<item id="7895" chance="18370"/><!-- lightning legs -->
		<item id="2539" chance="18370"/><!-- phoenix shield -->
		<item id="8918" chance="18370"/><!-- spellbook of dark mysteries -->
		<item id="7885" chance="18370"/><!-- terra legs -->
		<item id="8930" chance="16330"/><!-- emerald sword -->
		<item id="7405" chance="16330"/><!-- havoc blade -->
		<item id="7451" chance="16330"/><!-- shadow sceptre -->
		<item id="2149" countmax="100" chance="16330"/><!-- small emerald -->
		<item id="7632" countmax="10" chance="14290"/><!-- brown giant shimmering pearl -->
		<item id="7633" countmax="10" chance="14290"/><!-- blue giant shimmering pearl -->
		<item id="2472" chance="14290"/><!-- magic plate armor -->
		<item id="2514" chance="14290"/><!-- mastermind shield -->
		<item id="7417" chance="14290"/><!-- runed sword -->
		<item id="8904" chance="14290"/><!-- spellscroll of prophecies -->
		<item id="7427" chance="12240"/><!-- chaos mace -->
		<item id="8926" chance="12240"/><!-- demonwing axe -->
		<item id="8869" chance="12240"/><!-- greenwood coat -->
		<item id="2146" countmax="98" chance="12240"/><!-- small sapphire -->
		<item id="2143" countmax="88" chance="12240"/><!-- white pearl -->
		<item id="2144" countmax="42" chance="12240"/><!-- black pearl -->
		<item id="7407" chance="10200"/><!-- haunted blade -->
		<item id="8924" chance="10200"/><!-- hellforged axe -->
		<item id="8928" chance="10200"/><!-- obsidian truncheon -->
		<item id="7411" chance="10200"/><!-- ornamented axe -->
		<item id="7410" chance="10200"/><!-- queen's sceptre -->
		<item id="2150" countmax="76" chance="10200"/><!-- small amethyst -->
		<item id="9970" countmax="87" chance="10200"/><!-- small topaz -->
		<item id="2147" countmax="49" chance="10200"/><!-- small ruby -->
		<item id="2145" countmax="90" chance="10200"/><!-- small diamond -->
		<item id="2153" chance="10000"/><!-- violet gem -->
		<item id="2154" chance="10000"/><!-- yellow gem -->
		<item id="2155" chance="10000"/><!-- green gem -->
		<item id="2156" chance="10000"/><!-- red gem -->
		<item id="2158" chance="10000"/><!-- blue gem -->
		<item id="1986" chance="7000"/><!-- red tome -->
		<item id="7382" chance="8160"/><!-- demonrage sword -->
		<item id="7422" chance="8160"/><!-- jade hammer -->
		<item id="7423" chance="8160"/><!-- skullcrusher -->
		<item id="7416" chance="5000"/><!-- bloody edge -->
		<item id="7418" chance="5000"/><!-- nightmare blade -->
		<item id="7403" chance="5000"/><!-- berserker -->
		<item id="7414" chance="5000"/><!-- abyss hammer -->
		<item id="7435" chance="5000"/><!-- impaler -->
		<item id="2415" chance="3000"/><!-- great axe -->
		<item id="7388" chance="5000"/><!-- vile axe -->
	</loot>
</monster>
