<?xml version="1.0" encoding="UTF-8"?>
<monster name="Flameborn" nameDescription="Flameborn" experience="2550" speed="344" race="blood" manacost="0">
	<health now="3500" max="3500"/>
	<strategy attack="100" defense="0"/>
	<targetchange speed="0" chance="8"/>
	<look type="322" corpse="9923"/>
	<flags>
		<flag summonable="0"/>
		<flag attackable="1"/>
		<flag hostile="1"/>
		<flag illusionable="0"/>
		<flag convinceable="0"/>
		<flag pushable="0"/>
		<flag canpushitems="1"/>
		<flag canpushcreatures="1"/>
		<flag targetdistance="1"/>
		<flag staticattack="90"/>
		<flag runonhealth="0"/>
	</flags>
	<attacks>
		<attack name="melee" interval="2000" skill="60" attack="100"/>
		<attack name="fire" interval="2000" chance="13" range="7" target="1" radius="1" min="-125" max="-310">
			<attribute key="shootEffect" value="fire"/>
			<attribute key="areaEffect" value="fireattack"/>
		</attack>
		<attack name="hellspawn soulfire" interval="2000" chance="10" range="7"/>
	</attacks>
	<defenses armor="50" defense="55">
		<defense name="speed" interval="2000" chance="9" speedchange="476" duration="3000">
			<attribute key="areaEffect" value="redshimmer"/>
		</defense>
	</defenses>
	<elements>
		<element physicalPercent="20"/>
		<element energyPercent="10"/>
		<element firePercent="40"/>
		<element earthPercent="80"/>
		<element deathPercent="-5"/>
		<element icePercent="-10"/>
		<element holyPercent="30"/>
	</elements>
	<immunities>
		<immunity paralyze="1"/>
		<immunity invisible="1"/> 
	</immunities> 
	<loot>
		<item id="6500" chance="36070"/><!-- demonic essence -->
		<item id="13298" chance="4920"/><!-- carrot on a stick -->
		<item id="7368" countmax="5" chance="9860"/><!-- assassin stars -->
		<item id="2152" countmax="14" chance="99400"/><!-- platinum coin -->
		<item id="7591" chance="75410"/><!-- great health potion -->
		<item id="8473" chance="77050"/><!-- ultimate health potion -->
		<item id="2788" countmax="2" chance="67210"/><!-- red mushroom -->
		<item id="11221" chance="100000"/><!-- hellspawn tail -->
		<item id="2477" chance="68850"/><!-- knight legs -->
		<item id="2519" chance="29510"/><!-- crown shield -->
		<item id="9970" countmax="4" chance="44260"/><!-- small topaz -->
		<item id="7452" chance="6560"/><!-- spiked squelcher -->
		<item id="2475" chance="21310"/><!-- warrior helmet -->
		<item id="7439" chance="37700"/><!-- berserk potion -->
		<item id="9969" chance="21310"/><!-- black skull -->
		<item id="7421" chance="3280"/><!-- onyx fail -->
		<item id="9949" chance="1640"/><!-- dracoyle statue -->
	</loot>
</monster>
