<?xml version="1.0" encoding="UTF-8"?>
<monster name="Fleabringer" nameDescription="Fleabringer" race="blood" experience="100" speed="410" manacost="0">
<health now="265" max="265"/>
<look type="341" corpse="11250"/>
<targetchange interval="2000" chance="10"/>
<strategy attack="100" defense="0"/>
	<flags>
		<flag summonable="0"/>
		<flag attackable="1"/>
		<flag hostile="1"/>
		<flag illusionable="0"/>
		<flag convinceable="0"/>
		<flag pushable="0"/>
		<flag canpushitems="1"/>
		<flag canpushcreatures="0"/>
		<flag targetdistance="1"/>
		<flag staticattack="90"/>
		<flag runonhealth="0"/>
	</flags>
	<attacks>
		<attack name="melee" interval="2000" skill="36" attack="50"/>
	</attacks>
	<defenses armor="1" defense="3"/>
	<voices interval="2000" chance="5">
		<voice sentence="Gnarllll!"/>
		<voice sentence="Grrrrrr!"/>
	</voices>
	<loot>
		<item id="2148" countmax="50" chance="48390" /><!-- gold -->
		<item id="2666" countmax="3" chance="40990" /><!-- meat -->
		<item id="3976" countmax="3" chance="49480" /><!-- worm -->
		<item id="11324" chance="100000" /><!-- shaggy tail -->
	</loot>
</monster>
