<?xml version="1.0" encoding="UTF-8"?>
<monster name="Fleshslicer" nameDescription="Fleshslicer" race="venom" experience="5500" speed="390" manacost="0">
	<health now="5700" max="5700"/>
	<look type="457" corpse="15296"/>
	<targetchange interval="2000" chance="5"/>
	<strategy attack="100" defense="0"/>
	<flags>
		<flag summonable="0"/>
		<flag attackable="1"/>
		<flag hostile="1"/>
		<flag illusionable="0"/>
		<flag convinceable="0"/>
		<flag pushable="0"/>
		<flag canpushitems="1"/>
		<flag canpushcreatures="1"/>
		<flag staticattack="90"/>
		<flag targetdistance="1"/>
		<flag runonhealth="0"/>
	</flags>
	<attacks>
		<attack name="melee" interval="2000" skill="95" attack="60" poison="220"/>
		<attack name="poison" interval="2000" chance="21" length="8" spread="3" target="0" min="-150" max="-310">
			<attribute key="areaEffect" value="redspark"/>
		</attack>
		<attack name="poison" interval="2000" chance="10" range="7" radius="3" target="1" min="-150" max="-415">
			<attribute key="shootEffect" value="greenstar"/>
			<attribute key="areaEffect" value="greenbubble"/>
		</attack>
	</attacks>
	<defenses armor="11" defense="11">
		<defense name="speed" interval="2000" chance="9" speedchange="1766" duration="5000">
			<attribute key="areaEffect" value="yellowspark"/>
		</defense>
		<defense name="healing" interval="2000" chance="22" min="150" max="220">
			<attribute key="areaEffect" value="blueshimmer"/>
		</defense>
		<defense name="healing" interval="2000" chance="35" min="5" max="15">
			<attribute key="areaEffect" value="bluebubble"/>
		</defense>
	</defenses>
	<elements>
		<element deathPercent="10"/>
		<element firePercent="10"/>
		<element holyPercent="-10"/>
		<element energyPercent="-10"/>
		<element icePercent="-10"/>
	</elements>
	<immunities>
		<immunity earth="1"/>
		<immunity paralyze="1"/>
		<immunity invisible="1"/>
	</immunities>
	<voices interval="2000" chance="5">
		<voice sentence="Eeeeeeyyyyh!"/>
		<voice sentence="Iiiiieeeeeeh!"/>
	</voices>
	<loot>
		<item id="15486" countmax="2" chance="100000"/> <!-- compound eye -->
		<item id="7632" chance="9090"/><!-- giant shimmering pearl -->
		<item id="7633" chance="9090"/><!-- giant shimmering pearl -->
		<item id="6300" chance="9090"/> <!-- death ring -->
		<item id="15489" chance="3000"/><!-- calopteryx cape -->
		<item id="2148" countmax="175" chance="100000"/> <!-- gold coin -->
		<item id="16096" chance="72730"/><!-- dung ball(quest) -->
		<item id="16096" chance="72730"/><!-- dung ball(quest) -->
		<item id="15485" chance="100000"/> <!-- spidris mandible -->
		<item id="7590" countmax="2" chance="72730"/> <!-- great mana potion -->
		<item id="2152" countmax="5" chance="100000"/> <!-- platinum coin -->
		<item id="15492" chance="3000"/><!-- hive scythe -->
		<item id="8473" countmax="2" chance="27270"/> <!-- ultimate health potion -->
		<item id="2147" countmax="5" chance="18180"/> <!-- small ruby -->
		<item id="2143" countmax="5" chance="36360"/> <!-- white pearl -->
		<item id="7413" chance="9090"/><!-- titan axe -->
		<item id="3964" chance="27270"/><!-- ripper lance -->
		<item id="2153" chance="3000"/><!-- violet gem -->
		<item id="15491" chance="3000"/><!-- carapace shield -->
	</loot>
</monster>
