<?xml version="1.0" encoding="UTF-8"?>
<monster name="Fury Of The Emperor" nameDescription="fury of the emperor" race="undead" experience="450" speed="320" manacost="0">
<health now="45000" max="45000"/>
<look type="351" corpse="12317"/>
  <targetchange interval="2000" chance="3" />
  <strategy attack="100" defense="0" />
  <flags>
    <flag summonable="0" />
    <flag attackable="1" />
    <flag hostile="1" />
    <flag illusionable="0" />
    <flag convinceable="0" />
    <flag pushable="0" />
    <flag canpushitems="1" />
    <flag canpushcreatures="1" />
    <flag targetdistance="1" />
    <flag staticattack="90" />
    <flag runonhealth="0" />
  </flags>
  <attacks>
    <attack name="melee" interval="2000" skill="161" attack="100" />
    <attack name="lifedrain" interval="2000" chance="13" length="8" spread="3" min="-375" max="-740">
      <attribute key="areaEffect" value="purpleenergy" />
    </attack>
    <attack name="fire" interval="2000" chance="11" length="8" spread="0" min="-310" max="-725"/>
    <attack name="physical" interval="2000" chance="10" range="7" min="-0" max="-550">
      <attribute key="shootEffect" value="suddendeath" />
      <attribute key="areaEffect" value="explosionarea" />
    </attack>
    <attack name="manadrain" interval="2000" chance="19" radius="6" target="0" min="-160" max="-480">
      <attribute key="areaEffect" value="redshimmer" />
    </attack>
  </attacks>
  <defenses armor="45" defense="35" >
    <defense name="healing" interval="2000" chance="9" min="275" max="720">
      <attribute key="areaEffect" value="greenshimmer" />
    </defense>
    <defense name="emperor summon" interval="2000" chance="22"/>
  </defenses>
  <elements>
    <element firePercent="10" />
    <element icePercent="50" />
    <element physicalPercent="-10" />
    <element holyPercent="-15" />
    <element energyPercent="-10" />
  </elements>
  <immunities>
    <immunity paralyze="1" />
    <immunity invisible="1" />
    <immunity death="1" />
    <immunity lifedrain="1" />
    <immunity earth="1" />
    <immunity drunk="1" />
  </immunities>
	<voices interval="2000" chance="5">
		<voice sentence="YOU DON'T EVEN UNDERSTAND WHOM YOU ARE SERVING!" yell="1"/>
		<voice sentence="FLEE AND NEVER RETURN!" yell="1"/>
		<voice sentence="YOU HAVE BEEN USED AND FOOLED!" yell="1"/>
		<voice sentence="YOU HAVE SEALED YOUR DOOMED FATE!" yell="1"/>
		<voice sentence="I WILL STOP YOU ONCE AND FOR ALL!" yell="1"/>
	</voices>
</monster>