<?xml version="1.0" encoding="UTF-8"?>
<monster name="General Murius" nameDescription="General Murius" race="blood" experience="450" speed="210" manacost="0">
	<health now="550" max="550"/>
	<look type="202" corpse="5983"/>
	<targetchange interval="2000" chance="5"/>
	<strategy attack="70" defense="20"/>
	<flags>
		<flag summonable="0"/>
		<flag attackable="1"/>
		<flag hostile="1"/>
		<flag illusionable="0"/>
		<flag convinceable="0"/>
		<flag pushable="0"/>
		<flag canpushitems="1"/>
		<flag canpushcreatures="1"/>
		<flag targetdistance="1"/>
		<flag staticattack="90"/>
		<flag runonhealth="0"/>
	</flags>
	<attacks>
		<attack name="melee" interval="2000" skill="70" attack="55"/>
		<attack name="physical" interval="2000" chance="11" range="7" min="-0" max="-85">
			<attribute key="shootEffect" value="bolt"/>
		</attack>
		<attack name="physical" interval="2000" chance="10" radius="3" target="0" min="-0" max="-65">
			<attribute key="areaEffect" value="blackspark"/>
		</attack>
	</attacks>
	<defenses armor="26" defense="52">
		<defense name="healing" interval="2000" chance="14" min="25" max="75">
			<attribute key="areaEffect" value="blueshimmer"/>
		</defense>
		<defense name="speed" interval="2000" chance="6" speedchange="410" duration="8000">
			<attribute key="areaEffect" value="redshimmer"/>
		</defense>
	</defenses>
	<immunities>
		<immunity invisible="1"/>
	</immunities>
	<summons maxSummons="4">
		<summon name="Minotaur Archer" interval="2000" chance="14" max="2"/>
		<summon name="Minotaur Guard" interval="2000" chance="11" max="2"/>
	</summons>
	<voices interval="2000" chance="5">
		<voice sentence="Feel the power of the Mooh'Tah!"/>
		<voice sentence="You will get what you deserve!"/>
		<voice sentence="For the king!"/>
		<voice sentence="Guards!"/>
	</voices>
	<loot>
		<item id="2148" countmax="90" chance="80000"/><!-- gold coin -->
		<item id="2152" countmax="3" chance="80000"/><!-- gold coin -->
		<item id="5878" chance="100000"/><!-- minotaur leather -->
		<item id="12428" chance="100000"/><!-- minotaur horn -->
		<item id="7401" chance="40000"/><!-- minotaur trophy -->
		<item id="2513" chance="40000"/><!-- battle shield -->
		<item id="2465" chance="60000"/><!-- brass armor -->
		<item id="2648" chance="40000"/><!-- chain legs -->
		<item id="2387" chance="60000"/><!-- double axe -->
		<item id="7363" countmax="7" chance="40000"/><!-- piercing bolt -->
		<item id="2547" countmax="7" chance="30000"/><!-- power bolt -->
		<item id="2666" chance="20000"/><!-- meat -->
		<item id="7588" chance="20000"/><!-- strong health potion -->
		<item id="2502" chance="6000"/><!-- dwarven helmet -->
	</loot>
</monster>
