<?xml version="1.0" encoding="UTF-8"?>
<monster name="Gnomevil" nameDescription="Gnomevil" race="blood" experience="45000" speed="430" manacost="0">
	<health now="250000" max="250000"/>
	<look type="504" corpse="18443"/>
	<targetchange interval="5000" chance="8"/>
	<strategy attack="100" defense="0"/>
	<flags>
		<flag summonable="0"/>
		<flag attackable="1"/>
		<flag hostile="1"/>
		<flag illusionable="0"/>
		<flag convinceable="0"/>
		<flag pushable="0"/>
		<flag canpushitems="1"/>
		<flag canpushcreatures="1"/>
		<flag targetdistance="1"/>
		<flag staticattack="90"/>
		<flag runonhealth="2000"/>
	</flags>
	<attacks>
		<attack name="melee" interval="2000" skill="160" attack="100"/>
		<attack name="gnomevil electrify" interval="2000" chance="20"/>
		<attack name="gnomevil drunk" interval="2000" chance="13"/>
		<attack name="physical" interval="2000" chance="22" range="7" radius="1" target="1" min="-0" max="-750">
			<attribute key="shootEffect" value="largerock"/>
			<attribute key="areaEffect" value="explosionarea"/>
		</attack>
		<attack name="ice" interval="2000" chance="18" range="7" radius="1" target="1" min="-250" max="-750">
			<attribute key="shootEffect" value="snowball"/>
			<attribute key="areaEffect" value="icearea"/>
		</attack>
		<attack name="poison" interval="2000" chance="14" range="7" radius="1" target="1" min="-250" max="-750">
			<attribute key="shootEffect" value="whirlwindclub"/>
			<attribute key="areaEffect" value="carniphila"/>
		</attack>
		<attack name="manadrain" interval="2000" chance="15" radius="4" target="0" min="-200" max="-800">
			<attribute key="areaEffect" value="redshimmer"/>
		</attack>
		<attack name="gnomevil skill reducer 1" interval="2000" chance="11"/>
		<attack name="gnomevil skill reducer 2" interval="2000" chance="11"/>
		<attack name="deathstrike manadrain" interval="2000" chance="20" min="-200" max="-800"/>
		<attack name="gnomevil soulfire" interval="2000" chance="20"/>
	</attacks>
	<defenses armor="77" defense="92">
		<defense name="healing" interval="2000" chance="35" min="1000" max="2000">
			<attribute key="areaEffect" value="blueshimmer"/>
		</defense>
		<defense name="healing" interval="2000" chance="11" min="10000" max="15000">
			<attribute key="areaEffect" value="blueshimmer"/>
		</defense>
		<defense name="invisible" interval="2000" chance="25" duration="2000">
			<attribute key="areaEffect" value="smoke"/>
		</defense>
	</defenses>
	<elements>
		<element firePercent="50"/>
		<element physicalPercent="20"/>
		<element holyPercent="50"/>
		<element icePercent="50"/>
	</elements>
	<immunities>
		<immunity paralyze="1"/>
		<immunity earth="1"/>
		<immunity energy="1"/>
		<immunity invisible="1"/>
	</immunities>
	<voices interval="2000" chance="5">
		<voice sentence="No more Mr. Nicegnome!"/>
		<voice sentence="Taste the power of the dark side!"/>
		<voice sentence="I've seen the light! And it was all engulfing fire!"/>
		<voice sentence="Tatatata!!!"/>
		<voice sentence="I'm feeling grrrreat!"/>
	</voices>
	<loot>
		<item id="18495" chance="100000"/><!-- Gnomevil's hat -->
		<item id="18454" chance="8380"/><!-- mycological bow -->
		<item id="18465" chance="8120"/><!-- shiny blade -->
		<item id="18449" chance="1780"/><!-- decorative ribbon -->
		<item id="18453" chance="8880"/><!-- crystal crossbow -->
		<item id="18451" chance="8120"/><!-- crystalline axe -->
		<item id="18450" chance="12940"/><!-- crystalline sword -->
		<item id="18452" chance="9640"/><!-- mycological mace -->
	</loot>
</monster>