<?xml version="1.0" encoding="UTF-8"?>
<monster name="Gorgo" nameDescription="Gorgo" race="blood" experience="7000" speed="250" manacost="0">
	<health now="4500" max="4500"/>
	<look type="330" corpse="10524"/>
	<targetchange interval="2000" chance="8"/>
	<strategy attack="100" defense="0"/>
	<flags>
		<flag summonable="0"/>
		<flag attackable="1"/>
		<flag hostile="1"/>
		<flag illusionable="0"/>
		<flag convinceable="0"/>
		<flag pushable="0"/>
		<flag canpushitems="1"/>
		<flag canpushcreatures="1"/>
		<flag targetdistance="1"/>
		<flag staticattack="90"/>
		<flag runonhealth="340"/>
	</flags>
	<attacks>
		<attack name="melee" interval="2000" skill="45" attack="80" poison="840"/>
		<attack name="earth" interval="2000" chance="7" length="8" spread="3" min="-250" max="-500">
			<attribute key="areaEffect" value="carniphila"/>
		</attack>
		<attack name="lifedrain" interval="2000" chance="20" range="7" min="-85" max="-226"> 
			<attribute key="shootEffect" value="poison"/>
			<attribute key="areaeffect" value="carniphila"/>
		</attack>
		<attack name="lifedrain" interval="2000" chance="20" range="7" min="-64" max="-170"> 
			<attribute key="shootEffect" value="poison"/>
			<attribute key="areaeffect" value="carniphila"/>
		</attack>
		<attack name="lifedrain" interval="2000" chance="20" range="7" min="-48" max="-128"> 
			<attribute key="shootEffect" value="poison"/>
			<attribute key="areaeffect" value="carniphila"/>
		</attack>
		<attack name="lifedrain" interval="2000" chance="20" range="7" min="-36" max="-96"> 
			<attribute key="shootEffect" value="poison"/>
			<attribute key="areaeffect" value="carniphila"/>
		</attack>
		<attack name="lifedrain" interval="2000" chance="20" range="7" min="-27" max="-72"> 
			<attribute key="shootEffect" value="poison"/>
			<attribute key="areaeffect" value="carniphila"/>
		</attack>
		<attack name="lifedrain" interval="2000" chance="20" range="7" min="-20" max="-54"> 
			<attribute key="shootEffect" value="poison"/>
			<attribute key="areaeffect" value="carniphila"/>
		</attack>
		<attack name="medusa paralyze" interval="2000" chance="9" range="7"/>
		<attack name="outfit" interval="2000" chance="11" range="7" monster="clay guardian" duration="4000"/> 
	</attacks>
	<defenses armor="38" defense="47">
		<defense name="healing" interval="2000" chance="25" min="150" max="300">
			<attribute key="areaEffect" value="greenshimmer"/>
		</defense>
	</defenses>
	<elements>
		<element icePercent="20"/>
		<element firePercent="-5"/>
		<element energyPercent="-10"/>
	</elements>
	<immunities>
		<immunity earth="1"/>
		<immunity paralyze="1"/>
		<immunity invisible="1"/>
	</immunities>
	<voices interval="2000" chance="5">
		<voice sentence="You will make sssuch a fine ssstatue!"/>
		<voice sentence="There isss no chhhanccce of essscape"/>
		<voice sentence="Are you tired or why are you moving thhat ssslow *chuckle*"/>
		<voice sentence="Jussst look at me!"/>
	</voices>
	<loot>
		<item id="7590" countmax="2" chance="86670"/><!-- great mana potion -->
		<item id="2152" countmax="20" chance="100000"/><!-- platinum coin -->
		<item id="11226" chance="100000"/><!-- strand of medusa hair -->
		<item id="2536" chance="100000"/><!-- medusa shield -->
		<item id="8473" countmax="2" chance="60000"/><!-- ultimate health potion -->
		<item id="2149" countmax="4" chance="46670"/><!-- small emerald -->
		<item id="7887" chance="46670"/><!-- terra amulet -->
		<item id="10219" chance="60000"/><!-- sacred tree amulet -->
		<item id="7884" chance="46670"/><!-- terra mantle -->
		<item id="7413" chance="33330"/><!-- titan axe -->
		<item id="7885" chance="33330"/><!-- terra legs -->
	</loot>
</monster>
