<?xml version="1.0" encoding="UTF-8"?>
<monster name="Grandfather Tridian" nameDescription="Grandfather Tridian" race="blood" experience="1400" speed="226" manacost="0">
	<health now="1800" max="1800"/>
	<look type="193" corpse="20391"/>
	<targetchange interval="5000" chance="8"/>
	<strategy attack="100" defense="0"/>
	<flags>
		<flag summonable="0"/>
		<flag attackable="1"/>
		<flag hostile="1"/>
		<flag illusionable="0"/>
		<flag convinceable="0"/>
		<flag pushable="0"/>
		<flag canpushitems="1"/>
		<flag canpushcreatures="1"/>
		<flag staticattack="90"/>
		<flag targetdistance="4"/>
		<flag runonhealth="0"/>
	</flags>
	<attacks>
		<attack name="melee" interval="2000" skill="36" attack="50" poison="100"/>
		<attack name="lifedrain" interval="2000" chance="17" range="1" radius="1" target="1" min="-70" max="-185">
			<attribute key="areaEffect" value="holyarea"/>
		</attack>
		<attack name="drunk" interval="2000" chance="15" range="7" radius="1" target="1" duration="10000">
			<attribute key="shootEffect" value="holy"/>
			<attribute key="areaEffect" value="holydamage"/>
		</attack>
        	<attack name="grandfather tridian paralyze" interval="2000" chance="16" range="7"/>
	</attacks>
	<defenses armor="15" defense="20">
		<defense name="healing" interval="2000" chance="35" min="50" max="140">
			<attribute key="areaEffect" value="blueshimmer"/>
		</defense>
		<defense name="invisible" interval="2000" chance="15" duration="5000">
			<attribute key="areaEffect" value="yellowbubble"/>
		</defense>
	</defenses>
	<elements>
		<element holyPercent="20"/>
		<element icePercent="10"/>
		<element physicalPercent="35"/>
		<element energyPercent="-7"/>
		<element deathPercent="-5"/>
	</elements>
	<immunities>
		<immunity paralyze="1"/>
		<immunity invisible="1"/>
	</immunities>
	<voices interval="2000" chance="5">
		<voice sentence="I will bring peace to your misguided soul!"/>
		<voice sentence="Your intrusion can't be tolerated!"/>
	</voices>
	<summons maxSummons="2">
		<summon name="Crypt Shambler" interval="2000" chance="10"/>
		<summon name="Ghost" interval="2000" chance="10"/>
	</summons>
	<loot>
		<item id="5801" chance="15000"/><!-- jewelled backpack -->
		<item id="2148" countmax="80" chance="80000"/><!-- gold coin -->
		<item id="2114" chance="10000"/><!-- piggy bank -->
		<item id="6087" chance="100000"/><!-- music sheet 1st verse -->
		<item id="6088" chance="30000"/><!-- music sheet 2nd verse -->
		<item id="6089" chance="10000"/><!-- music sheet 3rd verse -->
		<item id="6090" chance="3000"/><!-- music sheet 4th verse -->
		<item id="7589" chance="10000"/><!-- strong mana potion -->
		<item id="5810" chance="10000"/><!-- pirate voodoo doll -->
		<item id="2436" chance="5000"/><!-- skull staff -->
		<item id="2789" chance="10000"/><!-- brown mushroom -->
		<item id="2187" chance="20000"/><!-- wand of inferno -->
		<item id="8922" chance="3000"/><!-- wand of voodoo -->
		<item id="5669" chance="2500"/><!-- mysterious voodoo skull -->
		<item id="2656" chance="7000"/><!-- blue robe -->
		<item id="7426" chance="7000"/><!-- amber staff -->
	</loot>
</monster>
