<?xml version="1.0" encoding="UTF-8"?>
<monster name="Gravelord Oshuran" nameDescription="Gravelord Oshuran" race="undead" experience="2400" speed="250" manacost="0">
	<health now="3100" max="3100"/>
	<look type="99" head="95" body="116" legs="119" feet="115" corpse="6028"/>
	<targetchange interval="5000" chance="8"/>
	<strategy attack="100" defense="0"/>
	<flags>
		<flag summonable="0"/>
		<flag attackable="1"/>
		<flag hostile="1"/>
		<flag illusionable="0"/>
		<flag convinceable="0"/>
		<flag pushable="0"/>
		<flag canpushitems="1"/>
		<flag canpushcreatures="1"/>
		<flag targetdistance="1"/>
		<flag staticattack="90"/>
		<flag runonhealth="150"/>
	</flags>
	<attacks>
		<attack name="melee" interval="2000" skill="40" attack="30" poison="300"/>
		<attack name="lifedrain" interval="2000" chance="10" range="7" target="1" min="-150" max="-250">
			<attribute key="shootEffect" value="death"/>
			<attribute key="areaEffect" value="redshimmer"/>
		</attack>
		<attack name="lich paralyze" interval="2000" chance="11" range="7"/>
		<attack name="lifedrain" interval="2000" chance="17" radius="4" target="0" min="-150" max="-250">
			<attribute key="areaEffect" value="redshimmer"/>
		</attack>
		<attack name="lifedrain" interval="2000" chance="9" length="8" spread="0" min="-180" max="-300">
			<attribute key="areaEffect" value="redshimmer"/>
		</attack>
		<attack name="poisoncondition" interval="2000" chance="9" length="8" spread="0" min="-300" max="-560">
			<attribute key="areaEffect" value="greenspark"/>
		</attack>
	</attacks>
	<defenses armor="20" defense="20">
		<defense name="healing" interval="2000" chance="17" min="80" max="170">
			<attribute key="areaEffect" value="redshimmer"/>
		</defense>
	</defenses>
	<elements>
		<element energyPercent="80"/>
		<element holyPercent="-10"/>
	</elements>
	<immunities>
		<immunity death="1"/>
		<immunity earth="1"/>
		<immunity lifedrain="1"/>
		<immunity paralyze="1"/>
		<immunity invisible="1"/>
	</immunities>
	<summons maxSummons="4">
		<summon name="Bonebeast" interval="2000" chance="17" max="4"/>
	</summons>
	<voices interval="2000" chance="5">
		<voice sentence="Your mortality is disgusting!"/>
	</voices>
	<loot>
		<item id="2144" countmax="3" chance="10000"/><!-- black pearl -->
		<item id="2656" chance="2500"/><!-- blue robe -->
		<item id="2148" countmax="115" chance="100000"/><!-- gold coin -->
		<item id="2143" chance="10000"/><!-- white pearl -->
		<item id="7589" countmax="2" chance="15000"/><!-- strong mana potion -->
		<item id="2214" chance="5000"/><!-- ring of healing -->
		<item id="7893" chance="3500"/><!-- lightning boots -->
		<item id="2175" chance="15000"/><!-- spellbook -->
		<item id="8904" chance="1500"/><!-- spellscroll of prophecies -->
	</loot>
</monster>
