<?xml version="1.0" encoding="UTF-8"?>
<monster name="Groam" nameDescription="Groam" race="blood" experience="180" speed="190" manacost="0">
	<health now="400" max="400"/>
	<look type="413" corpse="13839"/>
	<targetchange interval="2000" chance="50"/>
	<strategy attack="100" defense="0"/>
	<flags>
		<flag summonable="0"/>
		<flag attackable="1"/>
		<flag hostile="1"/>
		<flag illusionable="0"/>
		<flag convinceable="0"/>
		<flag pushable="0"/>
		<flag canpushitems="1"/>
		<flag canpushcreatures="1"/>
		<flag staticattack="90"/>
		<flag targetdistance="1"/>
		<flag runonhealth="0"/>
	</flags>
	<attacks>
		<attack name="melee" interval="2000" skill="40" attack="40"/>
		<attack name="physical" interval="2000" chance="11" range="7" target="1" min ="-0" max="-110">
			<attribute key="shootEffect" value="spear"/>
			<attribute key="areaEffect" value="bluebubble"/>
		</attack>
	</attacks>
	<defenses armor="12" defense="20"/>
	<elements>
		<element earthPercent="-20"/>
		<element energyPercent="-20"/>
		<element physicalPercent="-20"/>
		<element deathPercent="-20"/>
	</elements>
	<immunities>
		<immunity ice="1" />
		<immunity paralyze="1" />
		<immunity drown="1" />
		<immunity fire="1" />
	</immunities>
	<elements>
		<element earthPercent="-20"/>
		<element energyPercent="-20"/>
		<element physicalPercent="-20"/>
		<element deathPercent="-20"/>
	</elements>
	<loot>
		<item id="2148" countmax="71" chance="100000"/> <!-- gold coin -->
		<item id="3965" countmax="4" chance="28570"/> <!-- hunting spear -->
		<item id="2168" chance="42860"/> <!-- life ring -->
		<item id="2149" chance="5000"/> <!-- small emerald -->
		<item id="9809" chance="5000"/><!-- rusty armor -->
		<item id="13870" chance="7000"/><!-- eye of a deepling -->
		<item id="9930" chance="6200"/><!-- rust remover -->
		<item id="5895" chance="2500"/><!-- fish fin -->
	</loot>
</monster>
