<?xml version="1.0" encoding="UTF-8"?>
<monster name="Hellgorak" nameDescription="Hellgorak" race="fire" experience="10000" speed="330" manacost="0">
	<health now="30000" max="30000"/>
	<look type="12" head="19" body="77" legs="3" feet="80" corpse="8721"/>
	<targetchange interval="2000" chance="10"/>
	<strategy attack="100" defense="0"/>
	<flags>
		<flag summonable="0"/>
		<flag attackable="1"/>
		<flag hostile="1"/>
		<flag illusionable="0"/>
		<flag convinceable="0"/>
		<flag pushable="0"/>
		<flag canpushitems="1"/>
		<flag canpushcreatures="1"/>
		<flag targetdistance="1"/>
		<flag staticattack="90"/>
		<flag runonhealth="0"/>
	</flags>
	<attacks>
		<attack name="melee" interval="2000" skill="150" attack="100"/>
		<attack name="energy" interval="2000" chance="12" length="8" spread="0" min="-250" max="-820">
			<attribute key="areaEffect" value="purpleenergy"/>
		</attack>
		<attack name="manadrain" interval="2000" chance="9" radius="5" target="0" min="-90" max="-500">
			<attribute key="areaEffect" value="stun"/>
		</attack>
		<attack name="manadrain" interval="2000" chance="11" range="7" target="1" min="-250" max="-420">
			<attribute key="shootEffect" value="energyball"/>
			<attribute key="areaEffect" value="teleport"/>
		</attack>
		<attack name="energy" interval="2000" chance="8" range="7" target="1" min="-200" max="-400">
			<attribute key="shootEffect" value="energy"/>
			<attribute key="areaEffect" value="purpleenergy"/>
		</attack>
		<attack name="fire" interval="2000" chance="15" radius="4" range="7" target="1" min="-120" max="-570">
			<attribute key="shootEffect" value="fire"/>
			<attribute key="areaEffect" value="firearea"/>
		</attack>
		<attack name="hellgorak skill reducer" interval="2000" chance="11"/>
	</attacks>
	<defenses armor="70" defense="65">
		<defense name="healing" interval="2000" chance="27" min="350" max="470">
			<attribute key="areaEffect" value="blueshimmer"/>
		</defense>
		<defense name="healing" interval="2000" chance="8" min="1450" max="1700">
			<attribute key="areaEffect" value="yellowenergy"/>
		</defense>
		<defense name="speed" interval="2000" chance="12" speedchange="542" duration="6000">
			<attribute key="areaEffect" value="redshimmer"/>
		</defense>
	</defenses>
	<elements>
		<element icePercent="98"/>
		<element energyPercent="98"/>
		<element earthPercent="98"/>
		<element holyPercent="98"/>
		<element deathPercent="98"/>
		<element firePercent="98"/>
		<element physicalPercent="98"/>
		<element drownPercent="-205"/>
	</elements>
	<immunities>
		<immunity lifedrain="1"/>
		<immunity paralyze="1"/>
		<immunity invisible="1"/>
	</immunities>
	<voices interval="2000" chance="5">
		<voice sentence="I'll sacrifice yours souls to seven!"/>
		<voice sentence="I'm bad news for you mortals!"/>
		<voice sentence="No man can defeat me!"/>
		<voice sentence="Your puny skills are no match for me."/>
		<voice sentence="I smell your fear. Delicious!"/>
	</voices>
	<loot>
		<item id="2148" countmax="200" chance="100000"/><!-- gold coin -->
		<item id="9813" chance="49920"/><!-- rusty legs -->
		<item id="8473" countmax="2" chance="41750"/><!-- ultimate health potion -->
		<item id="8901" chance="31010"/><!-- spellbook of warding -->
		<item id="9810" chance="30560"/><!-- rusty armor -->
		<item id="3962" chance="29950"/><!-- beastslayer axe -->
		<item id="2152" countmax="30" chance="21790"/><!-- platinum coin -->
		<item id="8472" countmax="1" chance="21180"/><!-- great spirit potion -->
		<item id="7591" chance="20570"/><!-- great health potion -->
		<item id="2487" chance="19670"/><!-- crown armor -->
		<item id="7590" chance="16190"/><!-- great mana potion -->
		<item id="2144" countmax="25" chance="14070"/><!-- black pearl -->
		<item id="2143" countmax="25" chance="13920"/><!-- white pearl -->
		<item id="7456" chance="12860"/><!-- noble axe -->
		<item id="2145" countmax="25" chance="12860"/><!-- small diamond -->
		<item id="2147" countmax="5" chance="13010"/><!-- small ruby -->
		<item id="2125" chance="12710"/><!-- crystal necklace -->
		<item id="2150" countmax="25" chance="12410"/><!-- small amethyst -->
		<item id="2133" chance="11800"/><!-- ruby necklace -->
		<item id="2146" countmax="25" chance="11650"/><!-- small sapphire -->
		<item id="7894" chance="11350"/><!-- magma legs -->
		<item id="9970" countmax="25" chance="11200"/><!-- small topaz -->
		<item id="2149" countmax="25" chance="10740"/><!-- small emerald -->
		<item id="2645" chance="10740"/><!-- steel boots -->
		<item id="8871" chance="10590"/><!-- focus cape -->
		<item id="2488" chance="10140"/><!-- crown legs -->
		<item id="8870" chance="10140"/><!-- spirit cloak -->
		<item id="2130" chance="9680"/><!-- golden amulet -->
		<item id="2477" chance="9530"/><!-- knight legs -->
		<item id="5954" countmax="2" chance="9230"/><!-- demon horn -->
		<item id="8902" chance="8770"/><!-- spellbook of mind control -->
		<item id="8903" chance="8620"/><!-- spellbook of lost souls -->
		<item id="2179" chance="8320"/><!-- stone skin amulet -->
		<item id="2656" chance="8170"/><!-- blue robe -->
		<item id="2466" chance="2870"/><!-- golden armor -->
		<item id="7412" chance="2720"/><!-- butcher's axe -->
		<item id="7388" chance="1970"/><!-- vile axe -->
		<item id="8904" chance="1360"/><!-- spellscroll of prophecies -->
		<item id="7453" chance="610"/><!-- executioner -->
		<item id="8926" chance="450"/><!-- demonwing axe -->
		<item id="2470" chance="450"/><!-- golden legs -->
		<item id="8879" chance="450"/><!-- voltage armor -->
		<item id="8918" chance="300"/><!-- spellbook of dark mysteries -->
		<item id="2136" chance="150"/><!-- demonbone amulet -->
		<item id="2415" chance="100"/><!-- great axe -->
	</loot>
</monster>
