<?xml version="1.0" encoding="UTF-8"?>
<monster name="Hide" nameDescription="Hide" race="venom" experience="240" speed="214">
	<health now="500" max="500"/>
	<look type="219" corpse="6060"/>
	<targetchange interval="5000" chance="8"/>
	<strategy attack="100" defense="0"/>
	<flags>
		<flag summonable="0"/>
		<flag attackable="1"/>
		<flag hostile="1"/>
		<flag illusionable="0"/>
		<flag convinceable="0"/>
		<flag pushable="0"/>
		<flag canpushitems="1"/>
		<flag canpushcreatures="0"/>
		<flag targetdistance="1"/>
		<flag staticattack="90"/>
		<flag runonhealth="0"/>
	</flags>
	<attacks>
		<attack name="melee" interval="2000" skill="60" attack="40" poison="80"/>
		<attack name="physical" interval="2000" chance="10" target="1" range="1">
			<attribute key="shootEffect" value="poison"/>
			<attribute key="areaEffect" value="carniphila"/>
		</attack>
		<attack name="poisoncondition" interval="2000" chance="9" target="1" range="7" min="-100" max="-100">
			<attribute key="shootEffect" value="poison"/>
			<attribute key="areaEffect" value="greenbubble"/>
		</attack>
	</attacks>
	<defenses armor="25" defense="40">
		<defense name="speed" interval="2000" chance="10" speedchange="356" duration="3000">
			<attribute key="areaEffect" value="redshimmer"/>
		</defense>
	</defenses>
	<elements>
		<element energyPercent="10"/>
		<element firePercent="-15"/>
		<element icePercent="-15"/>
		<element physicalPercent="40"/>
	</elements>
	<immunities>
		<immunity outfit="1"/>
		<immunity drunk="1"/>
		<immunity invisible="1"/>
		<immunity earth="1"/>
	</immunities>
	<loot>
		<item id="2152" countmax="8" chance="72220" /> <!-- platinum coin -->
		<item id="5879" countmax="2" chance="61110" /> <!-- spider silk -->
		<item id="7903" chance="33330" /> <!-- terra hood -->
		<item id="2457" chance="66670" /> <!-- steel helmet -->
		<item id="2477" chance="44440" /> <!-- knight legs -->
		<item id="2169" chance="94400" /> <!-- time ring -->
	</loot>
</monster>
