<?xml version="1.0" encoding="UTF-8"?>
<monster name="High Templar Cobrass" nameDescription="High Templar Cobrass" race="blood" experience="515" speed="174" manacost="0">
	<health now="410" max="410"/>
	<look type="113" corpse="4251"/>
	<targetchange interval="5000" chance="8"/>
	<strategy attack="100" defense="0"/>
	<flags>
		<flag summonable="0"/>
		<flag attackable="1"/>
		<flag hostile="1"/>
		<flag illusionable="1"/>
		<flag convinceable="0"/>
		<flag pushable="0"/>
		<flag canpushitems="1"/>
		<flag canpushcreatures="0"/>
		<flag targetdistance="1"/>
		<flag staticattack="90"/>
		<flag runonhealth="0"/>
	</flags>
	<attacks>
		<attack name="melee" interval="2000" skill="30" attack="50"/>
	</attacks>
	<defenses armor="16" defense="19"/>
	<elements>
		<element energyPercent="20"/>
		<element icePercent="10"/>
		<element firePercent="-10"/>
	</elements>
	<immunities>
		<immunity earth="1"/>
	</immunities>
	<voices interval="2000" chance="5">
		<voice sentence="Hissss!"/>
	</voices>
	<loot>
		<item id="2148" countmax="100" chance="100000"/><!-- gold coin -->
		<item id="2457" chance="8000"/><!-- steel helmet -->
		<item id="2463" chance="12000"/><!-- plate armor -->
		<item id="5876" chance="100000"/><!-- lizard leather -->
		<item id="3963" chance="6000"/><!-- templar scytheblade -->
		<item id="2149" chance="14000"/><!-- small emerald -->
		<item id="7618" chance="25000"/><!-- health potion -->
		<item id="5881" chance="100000"/><!-- lizard scale -->
		<item id="3975" chance="8000"/><!-- salamander shield -->
	</loot>
</monster>
