<?xml version="1.0" encoding="UTF-8"?>
<monster name="Hirintror" nameDescription="Hirintror" race="undead" experience="30500" speed="190" manacost="0">
	<health now="10500" max="10500"/>
	<look type="261" corpse="7282"/>
	<targetchange interval="2000" chance="5"/>
	<strategy attack="100" defense="0"/>
	<flags>
		<flag summonable="0"/>
		<flag attackable="1"/>
		<flag hostile="1"/>
		<flag illusionable="0"/>
		<flag convinceable="0"/>
		<flag pushable="0"/>
		<flag canpushitems="1"/>
		<flag staticattack="90"/>
		<flag lightlevel="0"/>
		<flag lightcolor="0"/>
		<flag targetdistance="1"/>
		<flag runonhealth="0"/>
	</flags>
  	<script>
		<event name="monster heal2"/>
	</script>
	<attacks>
		<attack name="melee" interval="2000" skill="140" attack="40"/>
		<attack name="hirintror freeze" interval="2000" chance="15"/>
		<attack name="ice" interval="2000" chance="15" range="7" target="1" radius="3" min="-75" max="-150">
			<attribute key="shootEffect" value="ice"/>
			<attribute key="areaEffect" value="yellowspark"/>
		</attack>
		<attack name="ice golem paralyze" interval="2000" chance="11"/>
		<attack name="hirintror skill reducer" interval="2000" chance="10"/>
	</attacks>
	<defenses armor="25" defense="26">
		<defense name="hirintror summon" interval="2000" chance="18"/>
	</defenses>
	<elements>
		<element physicalPercent="30"/>
		<element energyPercent="-20"/>
	</elements>
	<immunities>
		<immunity paralyze="1"/>
		<immunity holy="1"/>
		<immunity death="1"/>
		<immunity fire="1"/>
		<immunity ice="1"/>
		<immunity drunk="1"/>
		<immunity invisible="1"/>
	</immunities>
	<voices interval="2000" chance="5">
		<voice sentence="Srk."/>
		<voice sentence="Krss!"/>
		<voice sentence="snirr!"/>
		<voice sentence="Chrrk! Krk!"/>
	</voices>
	<loot>
		<item id="10578" chance="33330"/><!-- frosty heart -->
		<item id="2144" chance="16670"/><!-- black pearl -->
		<item id="21696" chance="1500"/><!-- icicle bow -->
		<item id="21697" chance="1500"/><!-- runic ice shield -->
		<item id="2148" countmax="60" chance="83330"/><!-- gold coin -->
		<item id="2152" countmax="2" chance="66670"/><!-- platinum coin -->
		<item id="7441" chance="16670"/><!-- ice cube -->
		<item id="7588" countmax="3" chance="16670"/><!-- strong health potion -->
		<item id="7589" countmax="3" chance="83330"/><!-- strong mana potion -->
		<item id="2145" countmax="5" chance="16670"/><!-- small diamond -->
		<item id="2396" chance="16670"/><!-- ice rapier -->
		<item id="5912" chance="16670"/><!-- blue piece of cloth -->
		<item id="2146" chance="33330"/><!-- small sapphire -->
		<item id="7449" chance="16670"/><!-- crystal sword -->
		<item id="2479" chance="33330"/><!-- strange helmet -->
		<item id="7290" chance="16670"/><!-- shard -->
		<item id="7902" chance="33330"/><!-- glacier mask -->
		<item id="7892" chance="33330"/><!-- glacier shoes -->
	</loot>
</monster>
