<?xml version="1.0" encoding="UTF-8"?>
<monster name="Horestis" nameDescription="Horestis" race="undead" experience="3500" speed="340" manacost="0">
	<health now="6000" max="6000"/>
	<look type="87" corpse="6031"/>
	<targetchange interval="5000" chance="8"/>
	<strategy attack="100" defense="0"/>
	<flags>
		<flag summonable="0"/>
		<flag attackable="1"/>
		<flag hostile="1"/>
		<flag illusionable="0"/>
		<flag convinceable="0"/>
		<flag pushable="0"/>
		<flag canpushitems="1"/>
		<flag canpushcreatures="1"/>
		<flag targetdistance="1"/>
		<flag staticattack="90"/>
		<flag runonhealth="0"/>
	</flags>
	<attacks>
		<attack name="melee" interval="2000" skill="82" attack="100" poison="320"/>
		<attack name="drunk" interval="2000" chance="12" radius="4" target="0" duration="4000">
			<attribute key="areaEffect" value="greenbubble"/>
		</attack>
		<attack name="death" interval="2000" chance="12" range="7" min="-200" max="-750">
			<attribute key="shootEffect" value="suddendeath"/>
			<attribute key="areaEffect" value="mortarea"/>
		</attack>
		<attack name="horestis paralyze" interval="2000" chance="9" range="7"/>
		<attack name="poisoncondition" interval="2000" chance="9" length="8" spread="3" min="-700" max="-880">
			<attribute key="areaEffect" value="poison"/>
		</attack>
		<attack name="lifedrain" interval="2000" chance="18" length="7" spread="0" min="-400" max="-500">
			<attribute key="areaEffect" value="smallclouds"/>
		</attack>
	</attacks>
	<defenses armor="25" defense="30">
		<defense name="healing" interval="2000" chance="20" min="200" max="400">
			<attribute key="areaEffect" value="blueshimmer"/>
		</defense>
	</defenses>
	<elements>
		<element earthPercent="50"/>
		<element energyPercent="5"/>
		<element icePercent="35"/>
		<element physicalPercent="10"/>
		<element holyPercent="-10"/>
		<element firePercent="-5"/>
	</elements>
	<immunities>
		<immunity lifedrain="1"/>
		<immunity death="1"/>
		<immunity paralyze="1"/>
		<immunity invisible="1"/>
	</immunities>
	<summons maxSummons="4">
		<summon name="Sandstone Scorpion" interval="2000" chance="9" max="4"/>
	</summons>
	<voices interval="2000" chance="5">
		<voice sentence="I might be dead but I'm not gone!"/>
		<voice sentence="Feel the power of the ages!"/>
		<voice sentence="Receive a lesson of the past!"/>
		<voice sentence="Feel my eternal wrath!"/>
	</voices>
	<loot>
		<item id="13472" chance="17500"/><!-- pharaoh banner -->
		<item id="2148" countmax="243" chance="95000"/><!-- gold coin -->
		<item id="13739" chance="12500"/><!-- hieroglyph banner -->
		<item id="7590" countmax="5" chance="10000"/><!-- great mana potion -->
		<item id="7591" countmax="5" chance="5000"/><!-- great health potion -->
		<item id="2152" countmax="5" chance="37500"/><!-- platinum coin -->
		<item id="9813" chance="2500"/><!-- rusty legs -->
		<item id="13498" chance="100000"/><!-- scorpion sceptre -->
		<item id="2159" countmax="5" chance="15000"/><!-- scarab coin -->
		<item id="2134" chance="5000"/><!-- silver brooch -->
		<item id="11207" chance="500"/><!-- mini mummy -->
		<item id="2446" chance="500"/><!-- pharaoh sword -->
		<item id="2447" chance="500"/><!-- twin axe -->
	</loot>
</monster>
