<?xml version="1.0" encoding="UTF-8"?>
<monster name="Inky" nameDescription="Inky" race="blood" experience="250" speed="440" manacost="0">
	<health now="600" max="600"/>
	<look type="46" corpse="6065"/>
	<targetchange interval="5000" chance="8"/>
	<strategy attack="100" defense="0"/>
	<flags>
		<flag summonable="0"/>
		<flag attackable="1"/>
		<flag hostile="1"/>
		<flag illusionable="0"/>
		<flag convinceable="0"/>
		<flag pushable="0"/>
		<flag canpushitems="1"/>
		<flag canpushcreatures="0"/>
		<flag staticattack="90"/>
		<flag targetdistance="1"/>
		<flag runonhealth="0"/>
	</flags>
	<attacks>
		<attack name="melee" interval="2000" skill="65" attack="40" poison="24"/>
		<attack name="lifedrain" interval="2000" chance="15" radius="3" target="0" min="-50" max="-90">
			<attribute key="areaEffect" value="blackspark"/>
		</attack>
		<attack name="quara constrictor electrify" interval="2000" chance="12" range="1"/>
		<attack name="quara constrictor freeze" interval="2000" chance="10"/>
		<attack name="ice" interval="2000" chance="12" range="7" radius="4" target="0" min="-40" max="-70">
			<attribute key="areaEffect" value="iceattack"/>
		</attack>
	</attacks>
	<defenses armor="15" defense="15"/>
	<elements>
		<element earthPercent="90"/>
		<element energyPercent="-5"/>
	</elements>
	<immunities>
		<immunity ice="1"/>
		<immunity fire="1"/>
		<immunity lifedrain="1"/>
		<immunity paralyze="1"/>
		<immunity drown="1"/>
	</immunities>
	<voices interval="2000" chance="5">
		<voice sentence="Gaaahhh!"/>
		<voice sentence="Gluh! Gluh!"/>
		<voice sentence="Tssss!"/>
		<voice sentence="Boohaa!"/>
	</voices>
	<loot>
		<item id="2148" countmax="13" chance="15000"/><!-- gold coin -->
	</loot>
</monster>
