<?xml version="1.0" encoding="UTF-8"?>
<monster name="Jaul" nameDescription="Jaul" race="blood" experience="30000" speed="440" manacost="0">
	<health now="90000" max="90000"/>
	<look type="444" corpse="15220"/>
	<targetchange interval="5000" chance="8"/>
	<strategy attack="100" defense="0"/>
	<flags>
		<flag summonable="0"/>
		<flag attackable="1"/>
		<flag hostile="1"/>
		<flag illusionable="0"/>
		<flag convinceable="0"/>
		<flag pushable="0"/>
		<flag canpushitems="1"/>
		<flag canpushcreatures="1"/>
		<flag targetdistance="1"/>
		<flag staticattack="90"/>
		<flag runonhealth="1000"/>
	</flags>
	<attacks>
		<attack name="melee" interval="2000" skill="190" attack="200" poison="400"/>
		<attack name="fire" interval="2000" chance="8" length="8" spread="0" min="-500" max="-1000">
			<attribute key="areaEffect" value="fire"/>
		</attack>
		<attack name="fire" interval="2000" chance="17" range="7" radius="7" target="1" min="-100" max="-1000">
			<attribute key="shootEffect" value="fire"/>
			<attribute key="areaEffect" value="firearea"/>
		</attack>
		<attack name="death" interval="2000" chance="10" length="8" spread="0" min="-300" max="-800">
			<attribute key="areaEffect" value="mortarea"/>
		</attack>
		<attack name="ice" interval="2000" chance="5" length="8" spread="0" min="-1000" max="-2000">
			<attribute key="areaEffect" value="icearea"/>
		</attack>
		<attack name="lifedrain" interval="2000" chance="5" length="8" spread="3" min="-500" max="-1000">
			<attribute key="areaEffect" value="watersplash"/>
		</attack>
		<attack name="manadrain" interval="2000" chance="16" radius="8" target="0" min="-200" max="-800">
			<attribute key="areaEffect" value="mortarea"/>
		</attack>
		<attack name="poison" interval="2000" chance="42" radius="3" target="0" min="-300" max="-600">
			<attribute key="areaEffect" value="explosionarea"/>
		</attack>
        	<attack name="jaul paralyze" interval="2000" chance="15" range="7"/>
	</attacks>
	<defenses armor="38" defense="55">
		<defense name="healing" interval="2000" chance="40" min="1000" max="2900">
			<attribute key="areaEffect" value="blueshimmer"/>
		</defense>
		<defense name="healing" interval="2000" chance="8" min="14500" max="16000">
			<attribute key="areaEffect" value="blueshimmer"/>
		</defense>
	</defenses>
	<elements>
		<element deathPercent="15"/>
	</elements>
	<immunities>
		<immunity paralyze="1"/>
		<immunity fire="1"/>
		<immunity earth="1"/>
		<immunity invisible="1"/>
	</immunities>
	<voices interval="2000" chance="5">
		<voice sentence="DIE!! KENH!!" yell="1"/>
		<voice sentence="QJELL AFAR GOU JEY!!" yell="1"/>
	</voices>
	<loot>
		<item id="15406" chance="15090"/><!-- ornate chestplate -->
		<item id="15407" chance="30190"/><!-- depth lorica -->
		<item id="15408" chance="27670"/><!-- depth galea -->
		<item id="15410" chance="20130"/><!-- depth calcei -->
		<item id="15412" chance="21380"/><!-- ornate legs -->
		<item id="15413" chance="42770"/><!-- ornate shield -->
		<item id="15414" chance="20130"/><!-- ornate mace -->
		<item id="15404" chance="22010"/><!-- deepling axe -->
	</loot>
</monster>