<?xml version="1.0" encoding="UTF-8"?>
<monster name="Jesse The Wicked" nameDescription="Jesse the Wicked" race="blood" experience="180" speed="200" manacost="0">
	<health now="280" max="280"/>
	<look type="134" head="95" body="95" legs="95" feet="132" addons="3" corpse="20434"/>
	<targetchange interval="2000" chance="15"/>
	<strategy attack="100" defense="0"/>
	<flags>
		<flag summonable="0"/>
		<flag attackable="1"/>
		<flag hostile="1"/>
		<flag illusionable="0"/>
		<flag convinceable="0"/>
		<flag pushable="0"/>
		<flag canpushitems="1"/>
		<flag canpushcreatures="1"/>
		<flag targetdistance="1"/>
		<flag staticattack="90"/>
		<flag runonhealth="0"/>
	</flags>
	<attacks>
		<attack name="melee" interval="2000" skill="30" attack="70"/>
	</attacks>
	<defenses armor="15" defense="44"/>
	<elements>
		<element earthPercent="20"/>
		<element physicalPercent="10"/>
		<element firePercent="-5"/>
		<element deathPercent="-5"/>
	</elements>
	<immunities>
		<immunity invisible="1"/>
	</immunities>
	<voices interval="2000" chance="5">
		<voice sentence="Let us leave safely and maybe we'll give you a few coins."/>
	</voices>
	<loot>
		<item id="14903" chance="100000"/><!-- bag with stolen gold -->
		<item id="2152" countmax="100" chance="50000"/><!-- platinum coin coin -->
	</loot>
</monster>
