<?xml version="1.0" encoding="UTF-8"?>
<monster name="Kerberos" nameDescription="Kerberos" race="blood" experience="10000" speed="360" manacost="0">
	<health now="11000" max="11000"/>
	<look type="240" corpse="6332"/>
	<targetchange interval="5000" chance="8"/>
	<strategy attack="100" defense="0"/>
	<flags>
		<flag summonable="0"/>
		<flag attackable="1"/>
		<flag hostile="1"/>
		<flag illusionable="1"/>
		<flag convinceable="0"/>
		<flag pushable="0"/>
		<flag canpushitems="1"/>
		<flag canpushcreatures="1"/>
		<flag targetdistance="1"/>
		<flag staticattack="90"/>
		<flag runonhealth="0"/>
	</flags>
	<attacks>
		<attack name="melee" interval="2000" skill="70" attack="130" poison="420"/>
		<attack name="poison" interval="2000" chance="8" length="8" spread="3" min="-300" max="-700">
			<attribute key="areaEffect" value="carniphila"/>
		</attack>
		<attack name="death" interval="2000" chance="10" range="7" min="-395" max="-505">
			<attribute key="shootEffect" value="suddendeath"/>
			<attribute key="areaEffect" value="mortarea"/>
		</attack>
		<attack name="fire" interval="2000" chance="10" range="7" min="-100" max="-450">
			<attribute key="shootEffect" value="fire"/>
			<attribute key="areaEffect" value="firearea"/>
		</attack>
		<attack name="fire" interval="2000" chance="8" length="8" spread="3" min="-50" max="-665">
			<attribute key="areaEffect" value="firearea"/>
		</attack>
		<attack name="lifedrain" interval="2000" chance="8" length="8" spread="3" min="-250" max="-600">
			<attribute key="areaEffect" value="redshimmer"/>
		</attack>
		<attack name="poison" interval="2000" chance="10" range="7" min="-100" max="-550">
			<attribute key="shootEffect" value="poison"/>
			<attribute key="areaEffect" value="greenbubble"/>
		</attack>
	</attacks>
	<defenses armor="45" defense="55">
		<defense name="healing" interval="2000" chance="15" min="400" max="700">
			<attribute key="areaEffect" value="greenspark"/>
		</defense>
		<defense name="speed" interval="2000" chance="10" speedchange="608" duration="4000">
			<attribute key="areaEffect" value="redshimmer"/>
		</defense>
	</defenses>
	<elements>
		<element earthPercent="20"/>
		<element energyPercent="10"/>
		<element icePercent="-5"/>
		<element holyPercent="-25"/>
	</elements>
	<immunities>
		<immunity paralyze="1"/>
		<immunity fire="1"/>
		<immunity outfit="1"/>
		<immunity lifedrain="1"/>
		<immunity drunk="1"/>
		<immunity invisible="1"/>
	</immunities>
	<voices interval="2000" chance="5">
		<voice sentence="GROOOOWL!"/>
		<voice sentence="GRRRRR!"/>
	</voices>
	<loot>
		<item id="2144" countmax="5" chance="96880"/><!-- black pearl -->
		<item id="6558" chance="100000"/><!-- concentrated demonic blood -->
		<item id="6558" chance="15000"/><!-- concentrated demonic blood -->
		<item id="6500" countmax="3" chance="62500"/><!-- demonic essence -->
		<item id="4873" chance="65630"/><!-- explorer brooch -->
		<item id="2392" chance="46880"/><!-- fire sword -->
		<item id="9971" countmax="5" chance="100000"/><!-- gold ingot -->
		<item id="2466" chance="31250"/><!-- golden armor -->
		<item id="7590" countmax="3" chance="96880"/><!-- great mana potion -->
		<item id="2155" chance="50000"/><!-- green gem -->
		<item id="10554" chance="100000"/><!-- hellhound slobber -->
		<item id="2430" chance="68750"/><!-- knight axe -->
		<item id="7453" chance="3130"/><!-- executioner -->
		<item id="6553" chance="6250"/><!-- ruthless axe -->
		<item id="7890" chance="96880"/><!-- magma amulet -->
		<item id="2152" countmax="18" chance="100000"/><!-- platinum coin -->
	</loot>
</monster>
