<?xml version="1.0" encoding="UTF-8"?>
<monster name="Koshei The Deathless" nameDescription="Koshei the Deathless" race="undead" experience="0" speed="210" manacost="0">
	<health now="3000" max="3000"/>
	<look type="99" head="95" body="116" legs="119" feet="115" corpse="8271"/>
	<targetchange interval="5000" chance="8"/>
	<strategy attack="100" defense="0"/>
	<flags>
		<flag summonable="0"/>
		<flag attackable="1"/>
		<flag hostile="1"/>
		<flag illusionable="0"/>
		<flag convinceable="0"/>
		<flag pushable="0"/>
		<flag canpushitems="1"/>
		<flag canpushcreatures="1"/>
		<flag targetdistance="1"/>
		<flag staticattack="90"/>
		<flag runonhealth="0"/>
	</flags>
	<attacks>
		<attack name="melee" interval="2000" skill="50" attack="40" poison="400"/>
		<attack name="lifedrain" interval="2000" chance="9" range="1" min="-60" max="-250">
			<attribute key="areaEffect" value="redshimmer"/>
		</attack>
		<attack name="lifedrain" interval="2000" chance="11" radius="3" target="0" min="-70" max="-135">
			<attribute key="areaEffect" value="redshimmer"/>
		</attack>
		<attack name="lifedrain" interval="2000" chance="9" length="8" spread="0" min="-50" max="-140">
			<attribute key="areaEffect" value="smallclouds"/>
		</attack>
		<attack name="koshei the deathless curse" interval="2000" chance="15" range="1"/>
		<attack name="koshei the deathless paralyze" interval="2000" chance="15" range="7"/>
	</attacks>
	<defenses armor="20" defense="20">
		<defense name="healing" interval="2000" chance="35" min="250" max="350">
			<attribute key="areaEffect" value="redshimmer"/>
		</defense>
	</defenses>
	<elements>
		<element energyPercent="90"/>
		<element icePercent="20"/>
		<element holyPercent="-15"/>
		<element firePercent="-10"/>
		<element physicalPercent="20"/>
	</elements>
	<immunities>
		<immunity death="1"/>
		<immunity earth="1"/>
		<immunity paralyze="1"/>
		<immunity invisible="1"/>
		<immunity lifedrain="1"/>
	</immunities>
	<summons maxSummons="1">
		<summon name="Bonebeast" interval="2000" chance="11" max="1"/>
	</summons>
	<voices interval="2000" chance="5">
		<voice sentence="Your pain will be beyond imagination!"/>
		<voice sentence="You can't defeat me! I will ressurect and take your soul!"/>
		<voice sentence="Death is my ally!"/>
		<voice sentence="Welcome to my domain, visitor!"/>
		<voice sentence="You will be my toy on the other side!"/>
		<voice sentence="What a disgusting smell of life!"/>
		<voice sentence="You will endure agony beyond thy death!"/>
		<voice sentence="Ahhh, your life energy tastes so delicious!"/>
	</voices>
</monster>
