<?xml version="1.0" encoding="UTF-8"?>
<monster name="Kraknaknork" nameDescription="Kraknaknork" race="blood" experience="300" speed="140" manacost="0">
	<health now="80" max="80"/>
	<look type="6" corpse="5978"/>
	<targetchange interval="5000" chance="8"/>
	<strategy attack="100" defense="0"/>
	<flags>
		<flag summonable="0"/>
		<flag attackable="1"/>
		<flag hostile="1"/>
		<flag illusionable="0"/>
		<flag convinceable="0"/>
		<flag pushable="0"/>
		<flag canpushitems="0"/>
		<flag canpushcreatures="0"/>
		<flag targetdistance="4"/>
		<flag staticattack="90"/>
		<flag runonhealth="15"/>
	</flags>
	<attacks>
		<attack name="melee" interval="2000" skill="10" attack="10" poison="100"/>
		<attack name="death" interval="2000" chance="11" range="7" min="-1" max="-8">
			<attribute key="shootEffect" value="death"/>
			<attribute key="areaEffect" value="mortarea"/>
		</attack>
		<attack name="lifedrain" interval="2000" chance="10" range="1" min="-1" max="-10">
			<attribute key="shootEffect" value="death"/>
			<attribute key="areaEffect" value="mortarea"/>
		</attack>
		<attack name="kraknaknork ice wave" interval="2000" chance="9" min="-1" max="-15"/>
		<attack name="kraknaknork poison wave" interval="2000" chance="9" min="-1" max="-10"/>
		<attack name="kraknaknork explosion wave" interval="2000" chance="9" min="-1" max="-15"/>
		<attack name="kraknaknork paralyze" interval="2000" chance="15" range="7"/>
		<attack name="outfit" interval="2000" chance="10" monster="Sheep" duration="3000">
			<attribute key="areaEffect" value="blueshimmer"/>
		</attack>
	</attacks>
	<defenses armor="3" defense="6"/>
	<immunities>
		<immunity invisible="1"/>
	</immunities>
	<voices interval="2000" chance="5">
		<voice sentence="KRAK ORC DEMON" yell="1"/>
		<voice sentence="???!!!"/>
		<voice sentence="Grak brrretz gulu."/>
	</voices>
	<summons maxSummons="1">
		<summon name="weakened demon" interval="2000" chance="14" max="1"/>
	</summons>
	<loot>
		<item id="2148" countmax="15" chance="95000"/><!-- gold coin -->
		<item id="12435" chance="500"/><!-- orc leather -->
	</loot>
</monster>
