<?xml version="1.0" encoding="UTF-8"?>
<monster name="Latrivan" nameDescription="Latrivan" race="fire" experience="10000" speed="390" manacost="0">
	<health now="25000" max="25000"/>
	<look type="12" head="118" body="33" legs="118" feet="91" corpse="8721"/>
	<targetchange interval="5000" chance="8"/>
	<strategy attack="80" defense="20"/>
	<flags>
		<flag summonable="0"/>
		<flag attackable="1"/>
		<flag hostile="1"/>
		<flag illusionable="0"/>
		<flag convinceable="0"/>
		<flag pushable="0"/>
		<flag canpushitems="1"/>
		<flag canpushcreatures="1"/>
		<flag targetdistance="1"/>
		<flag staticattack="90"/>
		<flag runonhealth="600"/>
	</flags>
	<attacks>
		<attack name="melee" interval="2000" skill="80" attack="100"/>
		<attack name="fire" interval="2000" chance="11" length="12" spread="0" min="-350" max="-550">
			<attribute key="areaEffect" value="fireattack"/>
		</attack>
		<attack name="twins skill reducer" interval="2000" chance="11"/>
		<attack name="drunk" interval="2000" chance="9" length="13" spread="0" duration="5000">
			<attribute key="areaEffect" value="poff"/>
		</attack>
		<attack name="death" interval="2000" chance="12" length="5" spread="2" min="-300" max="-400">
			<attribute key="areaEffect" value="mortarea"/>
		</attack>
		<attack name="death" interval="2000" chance="15" range="7" target="1" min="-450" max="-600">
			<attribute key="shootEffect" value="death"/>
			<attribute key="areaEffect" value="smallclouds"/>
		</attack>
		<attack name="poisoncondition" interval="2000" chance="12" length="10" spread="0" min="-400" max="-900">
			<attribute key="areaEffect" value="poison"/>
		</attack>
		<attack name="fire" interval="2000" chance="17" radius="4" target="0" min="-150" max="-200">
			<attribute key="areaEffect" value="fireattack"/>
		</attack>
	</attacks>
	<defenses armor="48" defense="54">
		<defense name="healing" interval="2000" chance="9" min="450" max="550">
			<attribute key="areaEffect" value="blueshimmer"/>
		</defense>
	</defenses>
	<elements>
		<element icePercent="-10"/>
		<element holyPercent="15"/>
		<element physicalPercent="20"/>
		<element firePercent="-5"/>
	</elements>
	<immunities>
		<immunity death="1"/>
		<immunity invisible="1"/>
		<immunity drunk="1"/>
		<immunity paralyze="1"/>
	</immunities>
	<voices interval="2000" chance="5">
		<voice sentence="I might reward you for killing my brother ~ with a swift dead!" yell="1"/>
		<voice sentence="Colateral damage is so fun!" yell="1"/>
		<voice sentence="Golgordan you fool!" yell="1"/>
		<voice sentence="We are the brothers of fear!" yell="1"/>
	</voices>
	<loot>
		<item id="2148" countmax="273" chance="100000"/><!-- gold coin -->
		<item id="2152" countmax="6" chance="3000"/><!-- platinum coin -->
		<item id="2179" chance="5560"/><!-- gold ring -->
		<item id="7591" chance="61110"/><!-- great health potion -->
		<item id="2214" chance="27780"/><!-- ring of healing -->
		<item id="2150" countmax="15" chance="5560"/><!-- small amethyst -->
		<item id="2462" chance="5560"/><!-- devil helmet -->
		<item id="2162" chance="16670"/><!-- magic light wand -->
		<item id="2144" countmax="28" chance="22220"/><!-- black pearl -->
		<item id="7365" countmax="7" chance="3000"/><!-- onyx arrow -->
		<item id="2200" chance="2000"/><!-- protection amulet -->
		<item id="2402" chance="5560"/><!-- silver dagger -->
		<item id="2387" chance="22220"/><!-- double axe -->
		<item id="2167" chance="5560"/><!-- energy ring -->
		<item id="2432" chance="5560"/><!-- fire axe -->
		<item id="9971" chance="11110"/><!-- gold ingot -->
		<item id="2170" chance="11110"/><!-- silver amulet -->
		<item id="2146" countmax="9" chance="16670"/><!-- small sapphire -->
		<item id="2197" chance="5560"/><!-- stone skin amulet -->
		<item id="2520" chance="11110"/><!-- demon shield -->
		<item id="6500" chance="11110"/><!-- demonic essence -->
		<item id="2393" chance="11110"/><!-- giant sword -->
		<item id="2436" chance="3000"/><!-- skull staff -->
		<item id="2151" countmax="13" chance="4000"/><!-- talon -->
		<item id="2149" countmax="4" chance="22220"/><!-- small emerald -->
		<item id="2158" chance="5560"/><!-- blue gem -->
		<item id="6300" chance="27780"/><!-- death ring -->
		<item id="2195" chance="2000"/><!-- boots of haste-->
		<item id="2164" chance="5560"/><!-- might ring -->
		<item id="2182" chance="5560"/><!-- snakebite rod -->
		<item id="2185" chance="3000"/><!-- necrotic rod -->
		<item id="2514" chance="3000"/><!-- mastermind shield -->
		<item id="2470" chance="11110"/><!-- golden legs -->
		<item id="7440" chance="3000"/><!-- mastermind potion -->
		<item id="2188" chance="3000"/><!-- wand of decay -->
		<item id="2165" chance="5560"/><!-- stealth ring -->
		<item id="2396" chance="16670"/><!-- ice rapier -->
	</loot>
</monster>
