<?xml version="1.0" encoding="UTF-8"?>
<monster name="Lersatio" nameDescription="Lersatio" race="undead" experience="2500" speed="300" manacost="0">
    <health now="1645" max="1645"/>
    <look type="287" corpse="8937"/>
    <targetchange interval="5000" chance="10"/>
    <strategy attack="100" defense="0"/>
    <flags>
        <flag summonable="0"/>
        <flag attackable="1"/>
        <flag hostile="1"/>
        <flag illusionable="0"/>
        <flag convinceable="0"/>
        <flag pushable="0"/>
        <flag canpushitems="1"/>
        <flag canpushcreatures="1"/>
        <flag targetdistance="1"/>
        <flag staticattack="90"/>
        <flag runonhealth="0"/>
    </flags>
    <attacks>
        <attack name="melee" interval="2000" skill="90" attack="50"/>
	<attack name="lifedrain" interval="2000" chance="24" range="7" min="-50" max="-250">
		<attribute key="shootEffect" value="death"/>
		<attribute key="areaEffect" value="redshimmer"/>
	</attack>
	<attack name="physical" interval="2000" chance="24" range="7" min="-0" max="-120">
		<attribute key="shootEffect" value="sniperarrow"/>
	</attack>
	<attack name="elder bonelord paralyze" interval="2000" chance="12" range="7"/>
    </attacks>
    <defenses armor="30" defense="30">
        <defense name="healing" interval="2000" chance="12" min="50" max="100">
            <attribute key="areaEffect" value="redspark"/>
        </defense>
        <defense name="lersatio summon" interval="2000" chance="21"/>
        <defense name="invisible" interval="2000" chance="15" duration="6000">
            <attribute key="areaEffect" value="blueshimmer"/>
        </defense>
    </defenses>
    <elements>
        <element physicalPercent="50"/>
        <element energyPercent="20"/>
        <element icePercent="10"/>
        <element holyPercent="-5"/>
        <element firePercent="-10"/>
    </elements>
    <immunities>
        <immunity lifedrain="1"/>
        <immunity earth="1"/>
        <immunity death="1"/>
        <immunity invisible="1"/>
    </immunities>
    <voices interval="2000" chance="5">
        <voice sentence="The monsters in the mirrors will come eat your dreams."/>
        <voice sentence="Your pitiful life has come to an end"/>
        <voice sentence="One day I will see my pretty face in a mirror again."/>
    </voices>
    <loot>
        <item id="12405" chance="88890"/><!-- blood preservation -->
        <item id="2148" chance="100000" countmax="100"/><!-- gold coin -->
        <item id="2152" chance="9280" countmax="5"/><!-- platinum coin -->
        <item id="2534" chance="610"/><!-- vampire shield -->
        <item id="7419" chance="300"/><!-- dreaded cleaver -->
        <item id="7588" chance="22530"/><!-- strong health potion -->
        <item id="2214" chance="12020"/><!-- ring of healing -->
        <item id="2144" chance="1830" countmax="1"/><!-- black pearl -->
    </loot>
</monster>
