<?xml version="1.0" encoding="UTF-8"?>
<monster name="Lethal Lissy" nameDescription="Lethal Lissy" race="blood" experience="500" speed="250" manacost="0">
	<health now="1450" max="1450"/>
	<look type="155" head="77" body="0" legs="76" feet="115" addons="3" corpse="20438"/>
	<targetchange interval="60000" chance="0"/>
	<strategy attack="100" defense="0"/>
	<flags>
		<flag summonable="0"/>
		<flag attackable="1"/>
		<flag hostile="1"/>
		<flag illusionable="0"/>
		<flag convinceable="0"/>
		<flag pushable="0"/>
		<flag canpushitems="1"/>
		<flag canpushcreatures="1"/>
		<flag staticattack="90"/>
		<flag lightlevel="0"/>
		<flag lightcolor="0"/>
		<flag targetdistance="1"/>
		<flag runonhealth="70"/>
	</flags>
	<attacks>
		<attack name="melee" interval="2000" skill="70" attack="40"/>
		<attack name="lethal lissy skill reducer" interval="2000" chance="12"/>
		<attack name="physical" interval="2000" chance="15" target="1" range="7" min="-0" max="-150">
			<attribute key="shootEffect" value="throwingknife"/>
		</attack>
	</attacks>
	<defenses armor="35" defense="50">
		<defense name="healing" interval="2000" chance="10" min="85" max="120">
			<attribute key="areaEffect" value="blueshimmer"/>
		</defense>
	</defenses>
	<immunities>
		<immunity invisible="1"/>
	</immunities>
	<summons maxSummons="4">
		<summon name="Pirate Cutthroat" interval="2000" chance="4"/>
	</summons>
	<loot>
		<item id="6100" chance="100000"/><!-- lethal lissy's shirt -->
		<item id="2148" countmax="139" chance="100000"/><!-- gold coin -->
		<item id="2476" chance="10000"/><!-- knight armor -->
		<item id="2666" countmax="3" chance="10000"/><!-- meat -->
		<item id="2387" chance="1500"/><!-- double axe -->
		<item id="2463" chance="50000"/><!-- plate armor -->
		<item id="2145" chance="20000"/><!-- small diamond -->
		<item id="2200" chance="5000"/><!-- protection amulet -->
		<item id="2229" countmax="2" chance="80000"/><!-- skull -->
		<item id="10103" chance="10000"/><!-- very old piece of paper -->
		<item id="5926" chance="10000"/><!-- pirate backpack -->
	</loot>
</monster>
