<?xml version="1.0" encoding="UTF-8"?>
<monster name="Leviathan" nameDescription="Leviathan" race="blood" experience="5000" speed="480" manacost="0">
	<health now="6000" max="6000"/>
	<look type="275" corpse="8307"/>
	<targetchange interval="2000" chance="50"/>
	<strategy attack="100" defense="0"/>
	<flags>
		<flag summonable="0"/>
		<flag attackable="1"/>
		<flag hostile="1"/>
		<flag illusionable="0"/>
		<flag convinceable="0"/>
		<flag pushable="0"/>
		<flag canpushitems="1"/>
		<flag staticattack="90"/>
		<flag canpushcreatures="1"/>
		<flag targetdistance="0"/>
		<flag runonhealth="600"/>
	</flags>
	<attacks>
		<attack name="melee" interval="2000" skill="115" attack="80"/>
		<attack name="earth" interval="2000" chance="12" length="8" spread="3" min="-130" max="-460">
			<attribute key="areaEffect" value="smallplants"/>
		</attack>
		<attack name="ice" interval="2000" chance="12" length="9" spread="2" min="-365" max="-495">
			<attribute key="areaEffect" value="iceattack"/>
		</attack>
		<attack name="sea serpent drown" interval="2000" chance="10"/>
	</attacks>
	<defenses armor="20" defense="30">
		<defense name="healing" interval="2000" chance="29" min="300" max="500">
			<attribute key="areaEffect" value="blueshimmer"/>
		</defense>
		<defense name="speed" interval="2000" chance="10" speedchange="820" duration="5000">
			<attribute key="areaEffect" value="groundshaker"/>
		</defense>
	</defenses>
	<elements>
		<element energyPercent="-10"/>
		<element deathPercent="-10"/>
		<element physicalPercent="-15"/>
		<element firePercent="30"/>
	</elements>
	<immunities>
		<immunity ice="1"/>
		<immunity paralyze="1"/>
		<immunity invisible="1"/>
		<immunity drown="1"/>
	</immunities>
	<voices interval="2000" chance="5">
		<voice sentence="CHHHRRRR"/>
		<voice sentence="HISSSS"/>
	</voices>
	<loot>
		<item id="7428" chance="40000"/><!-- bonebreaker -->
		<item id="10220" chance="100000"/><!-- leviathan amulet -->
		<item id="10521" chance="15630"/><!-- moon backpack -->
		<item id="2152" countmax="7" chance="81250"/><!-- platinum coin -->
		<item id="10529" chance="100000"/><!-- sea serpent trophy -->
		<item id="9809" chance="79690"/><!-- rusty armor -->
		<item id="2146" countmax="5" chance="53130"/><!-- small saphire -->
		<item id="7589" chance="46880"/><!-- strong mana potion -->
		<item id="9812" chance="75000"/><!-- rusty legs -->
		<item id="8887" chance="1560"/><!-- frozen plate -->
	</loot>
</monster>
