<?xml version="1.0" encoding="UTF-8"?>
<monster name="Lizard Gate Guardian" nameDescription="a lizard gate guardian" race="blood" experience="2500" speed="272" manacost="0">
	<health now="5000" max="5000"/>
	<look type="343" corpse="11284"/>
	<targetchange interval="5000" chance="8"/>
	<strategy attack="100" defense="0"/>
	<flags>
		<flag summonable="0"/>
		<flag attackable="1"/>
		<flag hostile="1"/>
		<flag illusionable="0"/>
		<flag convinceable="0"/>
		<flag pushable="0"/>
		<flag canpushitems="1"/>
		<flag canpushcreatures="0"/>
		<flag targetdistance="1"/>
		<flag staticattack="90"/>
		<flag runonhealth="0"/>
	</flags>
	<attacks>
   		<attack name="melee" interval="2000" skill="80" attack="80" />
	</attacks>
	<defenses armor="35" defense="35">
		<defense name="healing" interval="2000" chance="10" min="100" max="250">
			<attribute key="areaEffect" value="greenbubble"/>
		</defense>
		<defense name="lizard gate guardian summon" interval="2000" chance="19"/>
	</defenses>
	<elements>
		<element firePercent="10"/>
    		<element energyPercent="20" />
		<element icePercent="10"/>
	</elements>
	<immunities>
		<immunity earth="1"/>
		<immunity invisible="1"/>
	</immunities>
	<voices interval="2000" chance="5">
	</voices>
	<loot>
		<item id="2148" countmax="118" chance="93840" /><!-- gold coin -->
		<item id="2152" countmax="3" chance="48900" /><!-- platinum coin -->
		<item id="5881" chance="12720" /><!-- lizard scale -->
		<item id="8473" chance="7040" /><!-- ultimate health potion -->
		<item id="11304" chance="4200"/> <!-- zaoan legs -->
		<item id="5876" chance="14470" /><!-- lizard leather -->
		<item id="11301" chance="2500"/> <!-- zaoan armor -->
		<item id="11302" chance="700"/> <!-- zaoan helmet -->
		<item id="11303" chance="3000"/> <!-- zaoan shoes -->
		<item id="11307" chance="400"/> <!-- zaoan sword -->
	</loot>
</monster>