<?xml version="1.0" encoding="UTF-8"?>
<monster name="Lord of the Elements" nameDescription="Lord of the Elements" race="fire" experience="8000" speed="330" manacost="0">
	<health now="8000" max="8000"/>
	<look type="243" corpse="9009"/>
	<targetchange interval="5000" chance="10"/>
	<strategy attack="100" defense="0"/>
	<flags>
		<flag summonable="0"/>
		<flag attackable="1"/>
		<flag hostile="1"/>
		<flag illusionable="0"/>
		<flag convinceable="0"/>
		<flag pushable="0"/>
		<flag canpushitems="1"/>
		<flag canpushcreatures="1"/>
		<flag targetdistance="1"/>
		<flag staticattack="90"/>
		<flag runonhealth="0"/>
	</flags>
	<attacks>
		<attack name="melee" interval="2000" skill="90" attack="60"/>
		<attack name="lord of the elements paralyze" interval="2000" chance="15"/>
		<attack name="lord of the elements skill reducer" interval="2000" chance="10"/>
		<attack name="ice" interval="2000" chance="10" min="-155" max="-725">
			<attribute key="shootEffect" value="shiverarrow"/>
		</attack>
		<attack name="lord of the elements soulfire" interval="2000" chance="15"/>
		<attack name="poisoncondition" interval="2000" chance="13" min="-300" max="-800">
			<attribute key="shootEffect" value="smallearth"/>
			<attribute key="areaEffect" value="carniphila"/>
		</attack>
	</attacks>
	<defenses armor="30" defense="30">
		<defense name="outfit" interval="2000" chance="10" monster="Energy Overlord" duration="3000">
			<attribute key="areaEffect" value="yellowenergy"/>
		</defense>
		<defense name="outfit" interval="2000" chance="10" monster="Fire Overlord" duration="3000">
			<attribute key="areaEffect" value="firearea"/>
		</defense>
		<defense name="outfit" interval="2000" chance="10" monster="Earth Overlord" duration="3000">
			<attribute key="areaEffect" value="smallplants"/>
		</defense>
		<defense name="outfit" interval="2000" chance="10" monster="Ice Overlord" duration="3000">
			<attribute key="areaEffect" value="giantice"/>
		</defense>
		<defense name="lord of the elements summon" interval="2000" chance="26"/>
	</defenses>
	<elements>
		<element icePercent="30"/>
		<element energyPercent="30"/>
		<element firePercent="30"/>
		<element earthPercent="45"/>
		<element physicalPercent="50"/>
	</elements>
	<immunities>
		<immunity holy="1"/>
		<immunity death="1"/>
		<immunity invisible="1"/>
		<immunity paralyze="1"/>
	</immunities>
	<voices interval="2000" chance="5">
		<voice sentence="WHO DARES CALLING ME?"/>
		<voice sentence="I'LL FREEZE YOU THEN I CRUSH YOU!"/>
	</voices>
	<loot>
		<item id="2152" countmax="10" chance="95730"/><!-- platinum coin -->
		<item id="9971" countmax="1" chance="31620"/><!-- gold ingot -->
		<item id="2149" countmax="4" chance="10260"/><!-- small emerald -->
		<item id="2150" countmax="4" chance="7690"/><!-- small amethyst -->
		<item id="2147" countmax="4" chance="8550"/><!-- small ruby -->
		<item id="2146" countmax="4" chance="7690"/><!-- small sapphire -->
		<item id="8882" chance="850"/><!-- earthborn titan armor -->
		<item id="8881" chance="850"/><!-- fireborn giant armor -->
		<item id="8884" chance="850"/><!-- oceanborn leviathan armor -->
	</loot>
</monster>
