<?xml version="1.0" encoding="UTF-8"?>
<monster name="Mad Technomancer" nameDescription="a mad technomancer" race="blood" experience="55" speed="250" manacost="0">
	<health now="1800" max="1800"/>
	<look type="66" corpse="6015"/>
	<targetchange interval="500" chance="25"/>
	<strategy attack="100" defense="0"/>
	<flags>
		<flag summonable="0"/>
		<flag attackable="1"/>
		<flag hostile="1"/>
		<flag illusionable="1"/>
		<flag convinceable="0"/>
		<flag pushable="0"/>
		<flag canpushitems="1"/>
		<flag canpushcreatures="1"/>
		<flag targetdistance="4"/>
		<flag staticattack="90"/>
		<flag runonhealth="220"/>
	</flags>
	<attacks>
		<attack name="melee" interval="2000" skill="10" attack="50"/>
		<attack name="energy" interval="2000" chance="22" range="7" radius="1" target="1" min="-50" max="-200">
			<attribute key="shootEffect" value="energy"/>
			<attribute key="areaEffect" value="energy"/>
		</attack>
		<attack name="manadrain" interval="2000" chance="12" range="7" min="-50" max="-80">
			<attribute key="shootEffect" value="death"/>
			<attribute key="areaEffect" value="redshimmer"/>
		</attack>
	</attacks>
	<defenses armor="15" defense="15">
		<defense name="healing" interval="2000" chance="27" min="90" max="145">
			<attribute key="areaEffect" value="blueshimmer"/>
		</defense>
		<defense name="healing" interval="2000" chance="20" min="0" max="0">
			<attribute key="areaEffect" value="energyarea"/>
		</defense>
	</defenses>
	<elements>
		<element energyPercent="10"/>
		<element holyPercent="10"/>
		<element icePercent="-10"/>
		<element deathPercent="-5"/>
	</elements>
	<immunities>
		<immunity invisible="1"/>
		<immunity earth="1"/>
		<immunity fire="1"/>
	</immunities>
	<voices interval="2000" chance="5">
		<voice sentence="I'm going to make them an offer they can't refuse."/>
		<voice sentence="My masterplan cannot fail!"/>
		<voice sentence="Gentlemen, you can't fight here! This is the War Room!"/>
		<voice sentence="I love the smell of firebombs in the morning."/>
		<voice sentence="Go ahead, make my day."/>
		<voice sentence="They're here!"/>
	</voices>
	<loot>
		<item id="7699" chance="1000000"/><!-- beard -->
	</loot>
</monster>
