<?xml version="1.0" encoding="UTF-8"?>
<monster name="Madareth" nameDescription="Madareth" race="fire" experience="10000" speed="330" manacost="0">
	<health now="75000" max="75000"/>
	<look type="12" head="77" body="78" legs="80" feet="79" corpse="8721"/>
  <targetchange interval="3000" chance="25" />
  <strategy attack="100" defense="0" />
  <flags>
    <flag summonable="0" />
    <flag attackable="1" />
    <flag hostile="1" />
    <flag illusionable="0" />
    <flag convinceable="0" />
    <flag pushable="0" />
    <flag canpushitems="1" />
    <flag canpushcreatures="1" />
    <flag targetdistance="1" />
    <flag staticattack="90" />
    <flag runonhealth="2700" />
  </flags>
  <attacks>
    <attack name="melee" interval="2000" skill="190" attack="200" />
    <attack name="energy" interval="2000" chance="15" range="7" radius="4" target="1" min="-160" max="-660">
      <attribute key="areaEffect" value="energy" />
      <attribute key="shootEffect" value="energyball" />
    </attack>
    <attack name="death" interval="2000" chance="11" length="8" spread="0" min="-500" max="-850">
      <attribute key="areaEffect" value="smallclouds" />
    </attack>
    <attack name="madareth skill reducer" interval="2000" chance="10"/>
    <attack name="manadrain" interval="2000" chance="9" range="7" radius="4" target="1" min="-25" max="-200">
      <attribute key="areaEffect" value="redshimmer" />
      <attribute key="shootEffect" value="explosion" />
    </attack>
    <attack name="manadrain" interval="2000" chance="5" range="7" radius="4" target="1" min="-50" max="-250">
      <attribute key="areaEffect" value="redshimmer" />
      <attribute key="shootEffect" value="explosion" />
    </attack>
  </attacks>
  <defenses armor="45" defense="66">
    <defense name="healing" interval="2000" chance="30" min="250" max="310">
      <attribute key="areaEffect" value="blueshimmer"/>
    </defense>
  </defenses>
  <elements>
    <element firePercent="-5" />
    <element icePercent="5" />
    <element deathPercent="95" />
    <element energyPercent="99" />
  </elements>
  <immunities>
    <immunity invisible="1" />
    <immunity paralyze="1" />
  </immunities>
	<voices interval="2000" chance="5">
		<voice sentence="I am going to play with yourself!" yell="1"/>
		<voice sentence="Feel my wrath!" yell="1"/>
		<voice sentence="No one matches my battle prowess!" yell="1"/>
		<voice sentence="You will all die!" yell="1"/>
	</voices>
	<loot>
		<item id="2148" countmax="100" chance="100000"/><!-- gold coin -->
		<item id="9813" chance="64100"/><!-- rusty legs -->
		<item id="7443" chance="35900"/><!-- bullseye potion -->
		<item id="9810" chance="35900"/><!-- rusty armor -->
		<item id="7591" chance="30770"/><!-- great health potion -->
		<item id="8472" chance="30770"/><!-- great spirit potion -->
		<item id="7440" chance="30770"/><!-- mastermind potion -->
		<item id="7439" chance="20510"/><!-- berserk potion -->
		<item id="6300" chance="20510"/><!-- death ring -->
		<item id="7590" chance="20510"/><!-- great mana potion -->
		<item id="2183" chance="20510"/><!-- hailstorm rod -->
		<item id="2152" countmax="30" chance="20510"/><!-- platinum coin -->
		<item id="2208" chance="17950"/><!-- axe ring -->
		<item id="2072" chance="17950"/><!-- lute -->
		<item id="2377" chance="17950"/><!-- two handed sword -->
		<item id="8473" chance="17950"/><!-- ultimate health potion -->
		<item id="8910" chance="17950"/><!-- underworld rod -->
		<item id="7404" chance="15380"/><!-- assassin dagger -->
		<item id="7418" chance="15380"/><!-- nightmare blade -->
		<item id="2209" chance="12820"/><!-- club ring -->
		<item id="6500" chance="12820"/><!-- demonic essence -->
		<item id="7407" chance="12820"/><!-- haunted blade -->
		<item id="2071" chance="12820"/><!-- lyre -->
		<item id="8912" chance="12820"/><!-- springsprout rod -->
		<item id="8922" chance="12820"/><!-- wand of voodoo -->
		<item id="3953" chance="12820"/><!-- war drum -->
		<item id="7416" chance="10260"/><!-- bloody edge -->
		<item id="7449" chance="10260"/><!-- crystal sword -->
		<item id="2214" chance="10260"/><!-- ring of healing -->
		<item id="2187" chance="10260"/><!-- wand of inferno -->
		<item id="5954" countmax="2" chance="7690"/><!-- demon horn -->
		<item id="7383" chance="7690"/><!-- relic sword -->
		<item id="2169" chance="7690"/><!-- time ring -->
		<item id="8920" chance="7690"/><!-- wand of starstorm -->
		<item id="2079" chance="7690"/><!-- war horn -->
		<item id="3952" chance="5130"/><!-- didgeridoo -->
		<item id="2213" chance="5130"/><!-- dwarven ring -->
		<item id="2396" chance="5130"/><!-- ice rapier -->
		<item id="2168" chance="5130"/><!-- life ring -->
		<item id="7386" chance="5130"/><!-- mercenary sword -->
		<item id="2070" chance="5130"/><!-- wooden flute -->
		<item id="2207" chance="2560"/><!-- sword ring -->
		<item id="2195" chance="1280"/><!-- boots of haste -->
	</loot>
</monster>
