<?xml version="1.0" encoding="UTF-8"?>
<monster name="Mamma Longlegs" nameDescription="Mamma Longlegs" race="venom" experience="2200" speed="298" manacost="0">
	<health now="1800" max="1800"/>
	<look type="208" corpse="5977"/>
	<targetchange interval="5000" chance="8"/>
	<strategy attack="100" defense="0"/>
	<flags>
		<flag summonable="0"/>
		<flag attackable="1"/>
		<flag hostile="1"/>
		<flag illusionable="0"/>
		<flag convinceable="0"/>
		<flag pushable="0"/>
		<flag canpushitems="1"/>
		<flag canpushcreatures="1"/>
		<flag targetdistance="1"/>
		<flag staticattack="90"/>
		<flag runonhealth="0"/>
	</flags>
	<attacks>
		<attack name="melee" interval="2000" skill="90" attack="80" poison="460"/>
		<attack name="poison" interval="2000" chance="18" range="7" min="-100" max="-230">
			<attribute key="shootEffect" value="poison"/>
			<attribute key="areaEffect" value="poison"/>
		</attack>
		<attack name="poisoncondition" interval="2000" chance="18" length="5" spread="3" min="-300" max="-360">
			<attribute key="areaEffect" value="smallplants"/>
		</attack>
		<attack name="mamma longlegs paralyze" interval="2000" chance="14" range="7"/>
		<attack name="poisonfield" interval="2000" chance="10" range="7" radius="4" target="1">
			<attribute key="shootEffect" value="poison"/>
		</attack>
	</attacks>
	<defenses armor="36" defense="47">
		<defense name="healing" interval="2000" chance="17" min="100" max="200">
			<attribute key="areaEffect" value="blueshimmer"/>
		</defense>
		<defense name="speed" interval="2000" chance="14" speedchange="714" duration="6000">
			<attribute key="areaEffect" value="redshimmer"/>
		</defense>
	</defenses>
	<elements>
		<element firePercent="10"/>
		<element energyPercent="15"/>
	</elements>
	<immunities>
		<immunity poison="1"/>
		<immunity lifedrain="1"/>
		<immunity outfit="1"/>
		<immunity drunk="1"/>
		<immunity invisible="1"/>
	</immunities>
	<loot>
		<item id="2148" countmax="100" chance="100000"/><!-- gold coin -->
		<item id="7591" countmax="5" chance="60000"/><!-- great health potion -->
		<item id="2476" chance="4830"/><!-- knight armor -->
		<item id="2152" countmax="10" chance="100000"/><!-- platinum coin -->
		<item id="2457" chance="11030"/><!-- steel helmet -->
		<item id="2169" chance="41380"/><!-- time ring -->
		<item id="2167" chance="28970"/><!-- energy ring -->
		<item id="2165" chance="28970"/><!-- stealth ring -->
		<item id="5879" countmax="1" chance="75860"/><!-- spider silk -->
		<item id="2477" chance="8280"/><!-- knight legs -->
		<item id="2171" chance="5520"/><!-- platinum amulet -->
		<item id="5886" chance="2070"/><!-- spool of yarn -->
		<item id="7419" chance="500"/><!-- dreaded cleaver -->
		<item id="7416" chance="690"/><!-- bloody edge -->
	</loot>
</monster>