<?xml version="1.0" encoding="UTF-8"?>
<monster name="Man in the Cave" nameDescription="man in the cave" race="blood" experience="770" speed="226" manacost="0">
	<health now="485" max="485"/>
	<look type="128" head="77" body="59" legs="20" feet="76" addons="1" corpse="20446"/>
	<targetchange interval="5000" chance="8"/>
	<strategy attack="100" defense="0"/>
	<flags>
		<flag summonable="0"/>
		<flag attackable="1"/>
		<flag hostile="1"/>
		<flag illusionable="0"/>
		<flag convinceable="0"/>
		<flag pushable="0"/>
		<flag canpushitems="1"/>
		<flag canpushcreatures="0"/>
		<flag targetdistance="1"/>
		<flag staticattack="90"/>
		<flag runonhealth="30"/>
	</flags>
	<attacks>
		<attack name="melee" interval="2000" skill="52" attack="20"/>
		<attack name="physical" interval="2000" chance="10" range="7" min="-0" max="-95">
			<attribute key="shootEffect" value="smallstone"/>
		</attack>
	</attacks>
	<defenses armor="14" defense="10">
    		<defense name="healing" interval="2000" chance="7" min="50" max="100">
      			<attribute key="areaEffect" value="greenshimmer"/>
   		</defense>
    		<defense name="man in the cave summon" interval="2000" chance="16"/>
  </defenses>
	<immunities>
		<immunity fire="1"/>
		<immunity lifedrain="1"/>
		<immunity outfit="1"/>
		<immunity drunk="1"/>
		<immunity invisible="1"/>
	</immunities>
	<voices interval="2000" chance="5">
		<voice sentence="THE MONKS ARE MINE" yell="1"/>
		<voice sentence="I will rope you up! All of you!"/>
		<voice sentence="You have been roped up!"/>
		<voice sentence="A MIC to rule them all!"/>
		<voice sentence="Let me put my rope around your neck!"/>
	</voices>
	<loot>
		<item id="7386" chance="55560"/><!-- mercenary sword -->
		<item id="5913" chance="44440"/><!-- brown piece of cloth -->
		<item id="2120" chance="100000"/><!-- rope -->
		<item id="2120" chance="20000"/><!-- rope -->
		<item id="2120" chance="10000"/><!-- rope -->
		<item id="2148" countmax="38" chance="33330"/><!-- gold coin -->
		<item id="2691" chance="4000"/><!-- brown bread -->
		<item id="7290" chance="11110"/><!-- shard -->
		<item id="7463" chance="6666"/><!-- mammoth fur cape -->
		<item id="7458" chance="22220"/><!-- fur cap -->
		<item id="2173" chance="500"/><!-- amulet of loss -->
	</loot>
</monster>
