<?xml version="1.0" encoding="UTF-8"?>
<monster name="Massacre" nameDescription="Massacre" race="blood" experience="20000" speed="430" manacost="0">
	<health now="32000" max="32000"/>
	<look type="244" corpse="6336"/>
	<targetchange interval="2000" chance="5"/>
	<strategy attack="100" defense="0"/>
	<flags>
		<flag summonable="0"/>
		<flag attackable="1"/>
		<flag hostile="1"/>
		<flag illusionable="1"/>
		<flag convinceable="0"/>
		<flag pushable="0"/>
		<flag canpushitems="1"/>
		<flag canpushcreatures="1"/>
		<flag targetdistance="1"/>
		<flag staticattack="90"/>
		<flag runonhealth="0"/>
	</flags>
	<attacks>
		<attack name="melee" interval="2000" skill="160" attack="200"/>
		<attack name="physical" interval="2000" chance="12" range="7" min="-0" max="-1100">
			<attribute key="shootEffect" value="largerock"/>
			<attribute key="areaEffect" value="explosionarea"/>
		</attack>
	</attacks>
	<defenses armor="45" defense="65">
		<defense name="speed" interval="2000" chance="8" speedchange="790" duration="10000">
			<attribute key="areaEffect" value="redshimmer"/>
		</defense>
		<defense name="healing" interval="2000" chance="25" min="600" max="1090">
			<attribute key="areaEffect" value="fire"/>
		</defense>
	</defenses>
  	<elements>
    		<element earthPercent="30" />
    		<element icePercent="10" />
    		<element deathPercent="-10" />
    		<element energyPercent="-7" />
    		<element holyPercent="-3" />
  	</elements>
	<immunities>
		<immunity fire="1"/>
		<immunity lifedrain="1"/>
		<immunity paralyze="1"/>
		<immunity outfit="1"/>
		<immunity drunk="1"/>
		<immunity invisible="1"/>
	</immunities>
	<voices interval="2000" chance="5">
		<voice sentence="HATE! HATE! KILL! KILL!" yell="1"/>
		<voice sentence="GRRAAARRRHH!" yell="1"/>
		<voice sentence="GRRRR!" yell="1"/>
	</voices>
	<loot>
		<item id="2231" chance="5880"/><!-- big bone -->
		<item id="6500" chance="100000"/><!-- demonic essence -->
		<item id="7591" chance="5880"/><!-- great health potion -->
		<item id="7590" chance="5880"/><!-- great mana potion -->
		<item id="2148" countmax="157" chance="94120"/><!-- gold coin -->
		<item id="2522" chance="500"/><!-- great shield -->
		<item id="2666" countmax="9" chance="88240"/><!-- meat -->
		<item id="5022" countmax="7" chance="82350"/><!-- orichalcum pearl -->
		<item id="2221" chance="64710"/><!-- old twig -->
		<item id="2152" countmax="6" chance="58820"/><!-- platinum coin -->
		<item id="6540" chance="100000"/><!-- massacre's shell piece -->
		<item id="5944" chance="100000"/><!-- soul orb -->
		<item id="2452" chance="1000"/><!-- heavy mace -->
		<item id="7403" chance="900"/><!-- berserker -->
		<item id="2466" chance="3500"/><!-- golden armor -->
		<item id="6104" chance="1200"/><!-- jewel case -->
	</loot>
</monster>
