<?xml version="1.0" encoding="UTF-8"?>
<monster name="Mawhawk" nameDescription="Mawhawk" race="blood" experience="9650" speed="540" manacost="0">
	<health now="12600" max="12600"/>
	<look type="595" corpse="22629"/>
	<targetchange interval="5000" chance="8"/>
	<strategy attack="90" defense="10"/>
	<flags>
		<flag summonable="0"/>
		<flag attackable="1"/>
		<flag hostile="1"/>
		<flag illusionable="0"/>
		<flag convinceable="0"/>
		<flag pushable="0"/>
		<flag canpushitems="1"/>
		<flag canpushcreatures="1"/>
		<flag targetdistance="1"/>
		<flag staticattack="90"/>
		<flag runonhealth="0"/>
	</flags>
	<attacks>
		<attack name="melee" interval="2000" skill="160" attack="100"/>
		<attack name="bleedcondition" interval="2000" chance="10" radius="8" target="0" min="-1000" max="-1500">
			<attribute key="areaEffect" value="redspark"/>
		</attack>
		<attack name="lifedrain" interval="2000" chance="10" length="8" spread="3" target="1" min="-200" max="-900">
			<attribute key="areaEffect" value="explosionarea"/>
		</attack>
		<attack name="physical" interval="2000" chance="20" radius="2" target="1" min="-0" max="-600">
			<attribute key="shootEffect" value="largerock"/>
			<attribute key="areaEffect" value="stones"/>
		</attack>
		<attack name="frazzlemaw paralyze" interval="2000" chance="15"/>
		<attack name="mawhawk ue" interval="1000" chance="100" min="-1500" max="-1700"/>
	</attacks>
	<defenses armor="100" defense="120">
		<defense name="healing" interval="2000" chance="44" min="200" max="300">
			<attribute key="areaEffect" value="greenspark"/>
		</defense>
		<defense name="healing" interval="2000" chance="31" min="200" max="300">
			<attribute key="areaEffect" value="blueshimmer"/>
		</defense>
		<defense name="mawhawk summon" interval="2000" chance="7"/>
	</defenses>    
	<elements>			
		<element holyPercent="-5"/>		
		<element firePercent="20"/>
		<element icePercent="15"/>
		<element earthPercent="20"/>
		<element physicalPercent="30"/>
	</elements>
	<immunities>
		<immunity lifedrain="1"/>
		<immunity paralyze="1"/>
		<immunity invisible="1"/>
	</immunities>
	<voices interval="2000" chance="5">
		<voice sentence="MWWWWWWAAAAAAAAH!!!" yell="1"/>
	</voices>    
	<loot>
		<item id="22396" countmax="2" chance="100000"/> <!-- cluster of solace -->
		<item id="22532" chance="100000"/> <!-- frazzle tongue -->
		<item id="22598" countmax="2" chance="100000"/> <!-- unrealized dream -->
		<item id="2148" countmax="101" chance="50000"/> <!-- gold coin -->
		<item id="2152" countmax="25" chance="50000"/> <!-- platinum coin -->
		<item id="2392" chance="15000"/> <!-- fire sword -->
		<item id="5880" chance="25000"/> <!-- iron ore -->
		<item id="5895" chance="25000"/> <!-- fish fin -->
		<item id="5911" chance="15000"/> <!-- red piece of cloth -->
		<item id="5925" chance="15000"/> <!-- hardened bone -->
		<item id="7404" chance="10000"/> <!-- assassin dagger -->
		<item id="7407" chance="10000"/> <!-- haunted blade -->
		<item id="7418" chance="10000"/> <!-- nightmare blade -->
		<item id="18414" countmax="3" chance="30000"/> <!-- violet crystal shard -->
		<item id="18415" countmax="3" chance="30000"/> <!-- green crystal shard -->
		<item id="18416" countmax="5" chance="30000"/> <!-- green crystal splinter -->
		<item id="18417" countmax="5" chance="30000"/> <!-- brown crystal splinter -->
		<item id="18418" countmax="5" chance="30000"/> <!-- blue crystal splinter -->
	</loot>
</monster>