<?xml version="1.0" encoding="UTF-8"?>
<monster name="Merikh The Slaughterer" nameDescription="Merikh the Slaughterer" race="blood" experience="1500" speed="250" manacost="0">
	<health now="2000" max="2000"/>
	<look type="103" corpse="6032"/>
	<targetchange interval="5000" chance="8"/>
	<strategy attack="100" defense="0"/>
	<flags>
		<flag summonable="0"/>
		<flag attackable="1"/>
		<flag hostile="1"/>
		<flag illusionable="0"/>
		<flag convinceable="0"/>
		<flag pushable="0"/>
		<flag canpushitems="1"/>
		<flag canpushcreatures="0"/>
		<flag targetdistance="1"/>
		<flag staticattack="90"/>
		<flag runonhealth="0"/>
	</flags>
	<attacks>
		<attack name="melee" interval="2000" skill="45" attack="40"/>
		<attack name="fire" interval="2000" chance="25" range="7" min="-110" max="-230">
			<attribute key="shootEffect" value="fire"/>
			<attribute key="areaEffect" value="fireattack"/>
		</attack>
		<attack name="energy" interval="2000" chance="12" range="7" min="-65" max="-220">
			<attribute key="shootEffect" value="energy"/>
		</attack>
		<attack name="death" interval="2000" chance="20" range="7" min="-50" max="-150">
			<attribute key="shootEffect" value="death"/>
			<attribute key="areaEffect" value="smallclouds"/>
		</attack>
		<attack name="djinn paralyze" interval="2000" chance="4" range="7"/>
		<attack name="drunk" interval="2000" chance="20" range="7" duration="15000">
			<attribute key="shootEffect" value="energy"/>
			<attribute key="areaEffect" value="teleport"/>
		</attack>
		<attack name="outfit" interval="2000" chance="17" range="7" monster="rat" duration="30000">
			<attribute key="areaEffect" value="blueshimmer"/>
		</attack>
		<attack name="djinn electrify 2" interval="2000" chance="17"/>
	</attacks>
	<defenses armor="15" defense="20">
		<defense name="healing" interval="2000" chance="10" min="50" max="80">
			<attribute key="areaEffect" value="blueshimmer"/>
		</defense>
	</defenses>
	<elements>
		<element firePercent="90"/>
		<element energyPercent="60"/>
		<element earthPercent="10"/>
		<element deathPercent="20"/>
		<element icePercent="-5"/>
		<element holyPercent="-8"/>
	</elements>
	<immunities>
		<immunity paralyze="1"/>
		<immunity invisible="1"/>
	</immunities>
	<summons maxSummons="2">
		<summon name="green djinn" interval="2000" chance="10" max="2"/>
	</summons>
	<voices interval="2000" chance="5">
		<voice sentence="For Malor!"/>
		<voice sentence="Welcome to my slaughterhouse"/>
	</voices>
	<loot>
		<item id="2148" countmax="121" chance="96150"/><!-- gold coin -->
		<item id="12426" chance="100000"/><!-- jewelled belt -->
		<item id="7900" chance="11540"/><!-- magma monocle -->
		<item id="5910" countmax="4" chance="100000"/><!-- green piece of cloth -->
		<item id="11227" chance="65380"/><!-- shiny stone -->
		<item id="7378" countmax="3" chance="46150"/><!-- royal spear -->
		<item id="7589" countmax="3" chance="46150"/><!-- strong mana potion -->
		<item id="12442" chance="65380"/><!-- noble turban -->
		<item id="2663" chance="34620"/><!-- mystic turban -->
		<item id="2442" chance="42310"/><!-- heavy machete -->
		<item id="2149" countmax="3" chance="3850"/><!-- small emerald -->
		<item id="2155" chance="3850"/><!-- green gem -->
	</loot>
</monster>
