<?xml version="1.0" encoding="UTF-8"?>
<monster name="Mooh'tah Master" nameDescription="a Mooh'Tah master" race="blood" experience="0" speed="220" manacost="0">
	<health now="20000" max="20000"/>
	<look type="29" corpse="0"/>
	<strategy attack="100" defense="0"/>
	<flags>
		<flag summonable="0"/>
		<flag attackable="1"/>
		<flag hostile="1"/>
		<flag illusionable="0"/>
		<flag convinceable="0"/>
		<flag pushable="0"/>
    		<flag staticattack="90" />
		<flag canpushitems="1"/>
		<flag targetdistance="1"/>
	</flags>
	<attacks>
		<attack name="melee" interval="2000" skill="90" attack="50"/>
		<attack name="energy" interval="2000" chance="13" length="6" spread="0" min="-100" max="-500">
			<attribute key="areaEffect" value="energy"/>
		</attack>
		<attack name="physical" interval="2000" chance="12" radius="3" target="0" min="-0" max="-100">
			<attribute key="areaEffect" value="explosionarea"/>
		</attack>
		<attack name="physical" interval="2000" chance="16" range="7" target="1" min="-0" max="-50">
			<attribute key="shootEffect" value="whirlwindaxe"/>
		</attack>
		<attack name="mooh'tah master skill reducer" interval="2000" chance="15" range="7"/>
	</attacks>
	<defenses armor="40" defense="48">
		<defense name="healing" interval="2000" chance="40" min="20000" max="20000">
			<attribute key="areaEffect" value="sleep"/>
		</defense>
		<defense name="healing" interval="2000" chance="11" min="20000" max="20000">
			<attribute key="areaEffect" value="bluebubble"/>
		</defense>
	</defenses>
	<immunities>
		<immunity earth="1" />
		<immunity drown="1" />
		<immunity paralyze="1" />
		<immunity lifedrain="1" />
		<immunity invisible="1"/>
	</immunities>
	<elements>
		<element deathPercent="20"/>
		<element energyPercent="30"/>
		<element physicalPercent="10"/>
		<element holyPercent="40"/>
		<element firePercent="30"/>
	</elements>
	<voices interval="2000" chance="5">
		<voice sentence="Kaplar!"/>
		<voice sentence="Kirll Karrrl!"/>
	</voices>
</monster>
