<?xml version="1.0" encoding="UTF-8"?>
<monster name="Mornenion" nameDescription="Mornenion" race="blood" experience="115" speed="220" manacost="0">
	<health now="190" max="190"/>
	<look type="64" corpse="6012"/>
	<targetchange interval="5000" chance="8"/>
	<strategy attack="100" defense="0"/>
	<flags>
		<flag summonable="0"/>
		<flag attackable="1"/>
		<flag hostile="1"/>
		<flag illusionable="0"/>
		<flag convinceable="0"/>
		<flag pushable="0"/>
		<flag canpushitems="1"/>
		<flag canpushcreatures="0"/>
		<flag targetdistance="4"/>
		<flag staticattack="90"/>
		<flag runonhealth="0"/>
	</flags>
	<attacks>
		<attack name="melee" interval="2000" skill="20" attack="20"/>
		<attack name="physical" interval="2000" chance="25" range="7" min="-0" max="-80">
			<attribute key="shootEffect" value="arrow"/>
		</attack>
	</attacks>
	<defenses armor="7" defense="18"/>
	<elements>
		<element holyPercent="20"/>
		<element deathPercent="-10"/>
	</elements>
	<immunities>
		<immunity invisible="1"/>
	</immunities>
	<voices interval="2000" chance="5">
		<voice sentence="Let us leave safely and maybe we'll give you a few coins."/>
	</voices>
	<loot>
		<item id="14903" chance="100000"/><!-- bag with stolen gold -->
		<item id="2152" countmax="100" chance="50000"/><!-- platinum coin coin -->
	</loot>
</monster>
