<?xml version="1.0" encoding="UTF-8"?>
<monster name="Mr. Punish" nameDescription="Mr. Punish" race="blood" experience="9000" speed="400" manacost="0">
	<health now="22000" max="22000"/>
	<look type="234" corpse="6331"/>
	<targetchange interval="2000" chance="5"/>
	<strategy attack="100" defense="0"/>
	<flags>
		<flag summonable="0"/>
		<flag attackable="1"/>
		<flag hostile="1"/>
		<flag illusionable="1"/>
		<flag convinceable="0"/>
		<flag pushable="0"/>
		<flag canpushitems="1"/>
		<flag staticattack="90"/>
		<flag lightlevel="0"/>
		<flag lightcolor="0"/>
		<flag targetdistance="1"/>
		<flag runonhealth="1500"/>
	</flags>
	<attacks>
		<attack name="melee" interval="2000" skill="100" attack="100"/>
		<attack name="physical" interval="2000" chance="15" target="1" range="7" min="-0" max="-725">
			<attribute key="shootEffect" value="throwingknife"/>
		</attack>
		<attack name="dark torturer skill reducer" interval="2000" chance="12"/>
	</attacks>
	<defenses armor="64" defense="72">
		<defense name="healing" interval="2000" chance="15" min="250" max="300">
			<attribute key="areaEffect" value="blueshimmer"/>
		</defense>
	</defenses>
	<elements>
		<element earthPercent="-5"/>
		<element deathPercent="-10"/>
		<element holyPercent="-10"/>
	</elements>
	<immunities>
		<immunity energy="1"/>
		<immunity fire="1"/>
		<immunity ice="1"/>
		<immunity poison="1"/>
		<immunity invisible="1"/>
	</immunities>
	<voices interval="2000" chance="5">
		<voice sentence="I kept my axe sharp, especially for you!"/>
		<voice sentence="Time for a little torturing practice!"/>
		<voice sentence="Scream for me!"/>
	</voices>
	<loot>
		<item id="6500" countmax="1" chance="90910"/><!-- demonic essence -->
		<item id="2148" countmax="158" chance="100000"/><!-- gold coin -->
		<item id="7591" chance="18180"/><!-- great health potion -->
		<item id="7590" chance="21740"/><!-- great mana potion -->
		<item id="6537" chance="100000"/><!-- Mr. Punish's handcuffs -->
		<item id="2152" countmax="3" chance="18180"/><!-- platinum coin -->
		<item id="5944" chance="90910"/><!-- soul orb -->
		<item id="2387" chance="18180"/><!-- double axe -->
		<item id="7368" countmax="3" chance="18180"/><!-- assassin star -->
		<item id="9971" chance="9090"/><!-- gold ingot -->
		<item id="2145" countmax="1" chance="30430"/><!-- small diamond -->
		<item id="5480" chance="9090"/><!-- cat's paw -->
		<item id="6492" chance="9090"/><!-- bat decoration -->
		<item id="5801" chance="18180"/><!-- jewelled backpack -->
		<item id="2443" chance="1000"/><!-- ravager's axe -->
	</loot>
</monster>
