<?xml version="1.0" encoding="UTF-8"?>
<monster name="Mutated Zalamon" nameDescription="mutated Zalamon" race="venom" experience="10000" speed="238" manacost="0">
	<health now="155000" max="155000"/>
	<look type="356" corpse="12385"/>
	<targetchange interval="2000" chance="10"/>
	<strategy attack="100" defense="0"/>
	<flags>
		<flag summonable="0"/>
		<flag attackable="1"/>
		<flag hostile="1"/>
		<flag illusionable="0"/>
		<flag convinceable="0"/>
		<flag pushable="0"/>
		<flag canpushitems="1"/>
		<flag canpushcreatures="1"/>
		<flag targetdistance="1"/>
		<flag runonhealth="0"/>
	</flags>
	<attacks>
		<attack name="melee" interval="2000" skill="90" attack="80"/>
		<attack name="poison" interval="2000" chance="12" range="7" target="1" min="-255" max="-320">
			<attribute key="shootEffect" value="poison"/>
			<attribute key="areaEffect" value="poison"/>
		</attack>
		<attack name="lifedrain" interval="2000" chance="12" range="7" target="1" min="-110" max="-230">
			<attribute key="shootEffect" value="suddendeath"/>
			<attribute key="areaEffect" value="smallclouds"/>
		</attack>
		<attack name="physical" interval="2000" chance="10" target="1" radius="4" min="-300" max="-820">
			<attribute key="shootEffect" value="suddendeath"/>
			<attribute key="areaEffect" value="poison"/>
		</attack>
		<attack name="serpent spawn paralyze" interval="2000" chance="17" range="7"/>
	</attacks>
	<defenses armor="70" defense="65">
		<defense name="healing" interval="2000" chance="9" min="20" max="560">
			<attribute key="areaEffect" value="blueshimmer"/>
		</defense>
		<defense name="outfit" interval="2000" chance="10" monster="Lizard Snakecharmer" duration="10000">
			<attribute key="areaEffect" value="energy"/>
		</defense>
		<defense name="outfit" interval="2000" chance="10" monster="Lizard Abomination" duration="10000">
			<attribute key="areaEffect" value="energy"/>
		</defense>
		<defense name="outfit" interval="2000" chance="10" monster="Serpent Spawn" duration="10000">
			<attribute key="areaEffect" value="energy"/>
		</defense>
		<defense name="outfit" interval="2000" chance="10" monster="Draken Abomination" duration="10000">
			<attribute key="areaEffect" value="energy"/>
		</defense>
		<defense name="outfit" interval="2000" chance="10" monster="Mutated Zalamon" duration="10000">
			<attribute key="areaEffect" value="energy"/>
		</defense>
		<defense name="invisible" interval="2000" chance="10" duration="8000">
			<attribute key="areaEffect" value="redshimmer"/>
		</defense>
	</defenses>
	<elements>
		<element firePercent="-10"/>
		<element energyPercent="-10"/>
		<element physicalPercent="5"/>
		<element icePercent="10"/>
	</elements>
	<immunities>
		<immunity earth="1"/>
		<immunity invisible="1"/>
		<immunity paralyze="1"/>
	</immunities>
	<voices interval="2000" chance="5">
		<voice sentence="YOU ARE NOT ALLOWED TO STOP ME! DIE!" yell="1"/>
	</voices>
</monster>
