<?xml version="1.0" encoding="UTF-8"?>
<monster name="Necropharus" nameDescription="Necropharus" race="blood" experience="1050" speed="200" manacost="0">
	<health now="750" max="750"/>
	<look type="209" corpse="20574"/>
	<targetchange interval="2000" chance="50"/>
	<strategy attack="100" defense="0"/>
	<flags>
		<flag summonable="0"/>
		<flag attackable="1"/>
		<flag hostile="1"/>
		<flag illusionable="0"/>
		<flag convinceable="0"/>
		<flag pushable="0"/>
		<flag canpushitems="1"/>
		<flag canpushcreatures="1"/>
		<flag targetdistance="4"/>
		<flag staticattack="90"/>
		<flag runonhealth="0"/>
	</flags>
	<attacks>
		<attack name="melee" interval="2000" skill="35" attack="45" poison="95"/>
		<attack name="death" interval="2000" chance="20" range="1" min="-70" max="-130">
			<attribute key="shootEffect" value="death"/>
			<attribute key="areaEffect" value="smallclouds"/>
		</attack>
		<attack name="poison" interval="2000" chance="17" range="7" min="-50" max="-145">
			<attribute key="shootEffect" value="poison"/>
			<attribute key="areaEffect" value="poison"/>
		</attack>
	</attacks>
	<defenses armor="55" defense="45">
		<defense name="healing" interval="2000" chance="25" min="70" max="95">
			<attribute key="areaEffect" value="blueshimmer"/>
		</defense>
	</defenses>
	<immunities>
		<immunity poison="1"/>
		<immunity lifedrain="1"/>
		<immunity outfit="1"/>
		<immunity drunk="1"/>
		<immunity invisible="1"/>
	</immunities>
	<summons maxSummons="2">
		<summon name="ghoul" interval="2000" chance="20" max="2"/>
		<summon name="ghost" interval="2000" chance="17" max="1"/>
		<summon name="mummy" interval="2000" chance="14" max="1"/>
	</summons>
	<voices interval="2000" chance="5">
		<voice sentence="You will rise as my servant!"/>
		<voice sentence="Praise to my master Urgith!"/>
	</voices>
	<loot>
		<item id="11237" chance="100000"/><!-- book of necromantic rituals -->
		<item id="2231" countmax="1" chance="10530"/><!-- big bone -->
		<item id="2148" countmax="99" chance="100000"/><!-- gold coin -->
		<item id="2796" countmax="1" chance="15790"/><!-- green mushroom -->
		<item id="2186" chance="15790"/><!-- moonlight rod -->
		<item id="12431" chance="100000"/><!-- necromantic robe -->
		<item id="5809" chance="100000"/><!-- soul stone -->
		<item id="7589" chance="5260"/><!-- strong mana potion -->
		<item id="2449" countmax="1" chance="36840"/><!-- bone club -->
		<item id="2423" chance="57890"/><!-- clerical mace -->
		<item id="2663" chance="5260"/><!-- mystic turban -->
		<item id="2541" chance="10530"/><!-- bone shield -->
		<item id="2229" countmax="1" chance="15790"/><!-- skull -->
		<item id="2436" chance="42110"/><!-- skull staff -->
		<item id="2195" chance="5260"/><!-- boots of haste -->
	</loot>
</monster>
