<?xml version="1.0" encoding="UTF-8"?>
<monster name="Obujos" nameDescription="Obujos" race="blood" experience="20000" speed="390" manacost="0">
	<health now="35000" max="35000"/>
	<look type="445" corpse="15224"/>
	<targetchange interval="5000" chance="8"/>
	<strategy attack="100" defense="0"/>
	<flags>
		<flag summonable="0"/>
		<flag attackable="1"/>
		<flag hostile="1"/>
		<flag illusionable="0"/>
		<flag convinceable="0"/>
		<flag pushable="0"/>
		<flag canpushitems="1"/>
		<flag canpushcreatures="1"/>
		<flag targetdistance="1"/>
		<flag staticattack="90"/>
		<flag runonhealth="1000"/>
	</flags>
	<attacks>
		<attack name="melee" interval="2000" skill="110" attack="200" poison="300"/>
		<attack name="death" interval="2000" chance="25" radius="6" target="1" min="-200" max="-800">
			<attribute key="shootEffect" value="suddendeath"/>
			<attribute key="areaEffect" value="mortarea"/>
		</attack>
		<attack name="poison" interval="2000" chance="35" radius="1" target="1" min="-100" max="-800">
			<attribute key="shootEffect" value="poisonarrow"/>
			<attribute key="areaEffect" value="bubbles"/>
		</attack>
		<attack name="obujos skill reducer 1" interval="2000" chance="13" range="7"/>
		<attack name="obujos skill reducer 2" interval="2000" chance="13" range="7"/>
		<attack name="poisoncondition" interval="2000" chance="22" range="7" radius="1" target="1" min="-300" max="-360">
			<attribute key="shootEffect" value="smallearth"/>
			<attribute key="areaEffect" value="smallplants"/>
		</attack>
		<attack name="ice" interval="2000" chance="9" length="8" spread="0" min="-600" max="-1300">
			<attribute key="areaEffect" value="giantice"/>
		</attack>
		<attack name="lifedrain" interval="2000" chance="16" length="8" spread="3" min="-500" max="-1500">
			<attribute key="areaEffect" value="icetornado"/>
		</attack>
		<attack name="manadrain" interval="2000" chance="23" radius="5" target="1" min="-200" max="-600">
			<attribute key="shootEffect" value="energyball"/>
			<attribute key="areaEffect" value="bigclouds"/>
		</attack>
	</attacks>
	<defenses armor="38" defense="55">
		<defense name="healing" interval="2000" chance="40" min="1000" max="1500">
			<attribute key="areaEffect" value="blueshimmer"/>
		</defense>
	</defenses>
	<elements>
		<element deathPercent="50"/>
	</elements>
	<immunities>
		<immunity paralyze="1"/>
		<immunity earth="1"/>
		<immunity invisible="1"/>
	</immunities>
	<voices interval="2000" chance="5">
		<voice sentence="QJELL KEJH!!" yell="1"/>
		<voice sentence="JN OBU!!" yell="1"/>
	</voices>
	<loot>
		<item id="15411" chance="39130"/><!-- depth scutum -->
		<item id="15412" chance="17830"/><!-- ornate legs -->
		<item id="15404" chance="43040"/><!-- deepling axe -->
	</loot>
</monster>