<?xml version="1.0" encoding="UTF-8"?>
<monster name="Ocyakao" nameDescription="Ocyakao" race="blood" experience="490" speed="176" manacost="0">
	<health now="700" max="700"/>
	<look type="259" corpse="7320"/>
	<targetchange interval="60000" chance="0"/>
	<strategy attack="100" defense="0"/>
	<flags>
		<flag summonable="0"/>
		<flag attackable="1"/>
		<flag hostile="1"/>
		<flag illusionable="0"/>
		<flag convinceable="0"/>
		<flag pushable="0"/>
		<flag canpushitems="1"/>
		<flag staticattack="90"/>
		<flag lightlevel="0"/>
		<flag lightcolor="0"/>
		<flag targetdistance="1"/>
		<flag runonhealth="0"/>
	</flags>
	<attacks>
		<attack name="melee" interval="2000" skill="58" attack="50"/>
		<attack name="physical" interval="2000" chance="15" range="7" radius="1" target="1" min="-0" max="-70">
			<attribute key="shootEffect" value="smallstone"/>
			<attribute key="areaEffect" value="stun"/>
		</attack>
		<attack name="bleedcondition" interval="2000" chance="30" range="7" radius="7" target="1" min="-160" max="-160">
			<attribute key="shootEffect" value="snowball"/>
			<attribute key="areaEffect" value="iceattack"/>
		</attack>
		<attack name="effect" interval="2000" chance="30" range="7" radius="7" target="1">
			<attribute key="shootEffect" value="snowball"/>
			<attribute key="areaEffect" value="icearea"/>
		</attack>
		<attack name="ocyakao freeze" interval="2000" chance="30" range="7"/>
	</attacks>
	<defenses armor="30" defense="30">
    		<defense name="healing" interval="2000" chance="17" min="50" max="60">
      			<attribute key="areaEffect" value="blueshimmer"/>
   		</defense>
	</defenses>
	<elements>
		<element firePercent="40"/>
		<element holyPercent="10"/>
		<element energyPercent="-10"/>
		<element deathPercent="-5"/>
	</elements>
	<immunities>
		<immunity ice="1"/>
	</immunities>
	<voices interval="2000" chance="5">
		<voice sentence="Chiqui!"/>
		<voice sentence="Quatu nguraka!"/>
		<voice sentence="Jinuma jamjam!"/>
		<voice sentence="Chikuva!"/>
		<voice sentence="Kiyosa sipaju!"/>
		<voice sentence="Suvituka siq chuqua!"/>
	</voices>
	<loot>
		<item id="2148" countmin="65" countmax="65" chance="100000"/><!-- gold coin -->
		<item id="2667" countmax="5" chance="100000"/><!-- fish -->
		<item id="2398" chance="25000"/><!-- mace -->
		<item id="2143" chance="100000"/><!-- white pearl -->
		<item id="5909" chance="100000"/><!-- white piece of cloth -->
		<item id="2541" chance="25000"/><!-- bone shield -->
		<item id="7381" chance="12000"/><!-- mammoth whopper -->
		<item id="7441" chance="100000"/><!-- ice cube -->
		<item id="21703" chance="1500"/><!-- eye of the storm -->
		<item id="2669" chance="115000"/><!-- northern pike -->
	</loot>
</monster>
