<?xml version="1.0" encoding="UTF-8"?>
<monster name="Orshabaal" nameDescription="Orshabaal" race="fire" experience="10000" speed="380" manacost="0">
	<health now="22500" max="22500"/>
	<look type="201" corpse="2916"/>
	<targetchange interval="2000" chance="10"/>
	<strategy attack="70" defense="10"/>
	<flags>
		<flag summonable="0"/>
		<flag attackable="1"/>
		<flag hostile="1"/>
		<flag illusionable="0"/>
		<flag convinceable="0"/>
		<flag pushable="0"/>
		<flag canpushitems="1"/>
		<flag staticattack="90"/>
		<flag canpushcreatures="1"/>
		<flag targetdistance="1"/>
		<flag runonhealth="2500"/>
	</flags>
	<attacks>
		<attack name="melee" interval="2000" skill="190" attack="199"/>
		<attack name="manadrain" interval="2000" chance="13" range="7" min="-300" max="-600">
			<attribute key="areaEffect" value="redshimmer"/>
		</attack>
		<attack name="manadrain" interval="2000" chance="6" radius="5" target="0" min="-150" max="-350">
			<attribute key="areaEffect" value="poison"/>
		</attack>
		<attack name="orshabaal skill reducer" interval="2000" chance="6"/>
		<attack name="fire" interval="2000" chance="33" range="7" radius="7" target="1" min="-310" max="-650">
			<attribute key="shootEffect" value="fire"/>
			<attribute key="areaEffect" value="firearea"/>
		</attack>
		<attack name="energy" interval="2000" chance="10" range="1" radius="1" target="1" min="-250" max="-400">
			<attribute key="shootEffect" value="energy"/>
			<attribute key="areaEffect" value="energy"/>
		</attack>
		<attack name="firefield" interval="2000" chance="9" range="7" radius="4" target="1">
			<attribute key="shootEffect" value="fire"/>
		</attack>
		<attack name="lifedrain" interval="2000" chance="14" length="8" spread="0" min="-500" max="-850">
			<attribute key="areaEffect" value="purpleenergy"/>
		</attack>
	</attacks>
	<defenses armor="90" defense="111">
		<defense name="healing" interval="2000" chance="8" min="1500" max="2500">
			<attribute key="areaEffect" value="blueshimmer"/>
		</defense>
		<defense name="healing" interval="2000" chance="17" min="600" max="1000">
			<attribute key="areaEffect" value="blueshimmer"/>
		</defense>
		<defense name="speed" interval="2000" chance="5" speedchange="670" duration="7000">
			<attribute key="areaEffect" value="redshimmer"/>
		</defense>
	</defenses>
	<elements>
		<element deathPercent="50"/>
		<element icePercent="-3"/>
		<element energyPercent="80"/>
		<element holyPercent="-3"/>
	</elements>
	<immunities>
		<immunity lifedrain="1"/>
		<immunity fire="1"/>
		<immunity earth="1"/>
		<immunity paralyze="1"/>
		<immunity invisible="1"/>
	</immunities>
	<summons maxSummons="4">
		<summon name="demon2" interval="2000" chance="10" max="4"/>
	</summons>
	<voices interval="2000" chance="5">
		<voice sentence="PRAISED BE MY MASTERS, THE RUTHLESS SEVEN!" yell="1"/>
		<voice sentence="YOU ARE DOOMED!" yell="1"/>
		<voice sentence="ORSHABAAL IS BACK!" yell="1"/>
		<voice sentence="Be prepared for the day my masters will come for you!"/>
		<voice sentence="SOULS FOR ORSHABAAL!" yell="1"/>
	</voices>
	<loot>
		<item id="6500" countmax="5" chance="100000"/><!-- demonic essence -->
		<item id="2142" countmax="1" chance="3500"/><!-- ancient amulet -->
		<item id="7368" countmax="45" chance="17650"/><!-- assassin star -->
		<item id="8472" countmax="1" chance="11760"/><!-- great spirit potion -->
		<item id="7590" countmax="1" chance="35290"/><!-- great mana potion -->
		<item id="7591" countmax="1" chance="23530"/><!-- great health potion -->
		<item id="8473" countmax="1" chance="29410"/><!-- ultimate health potion -->
		<item id="5954" countmax="2" chance="52940"/><!-- demon horn -->
		<item id="9971" countmax="1" chance="5880"/><!-- gold ingot -->
		<item id="2144" countmax="15" chance="29410"/><!-- black pearl -->
		<item id="2158" countmax="1" chance="23530"/><!-- blue gem -->
		<item id="2195" countmax="1" chance="17650"/><!-- boots of haste -->
		<item id="6300" countmax="1" chance="3500"/><!-- death ring -->
		<item id="2186" countmax="1" chance="3500"/><!-- moonlight rod -->
		<item id="2192" countmax="1" chance="2500"/><!-- crystal ball -->
		<item id="2125" countmax="1" chance="17650"/><!-- crystal necklace -->
		<item id="2124" countmax="1" chance="5500"/><!-- crystal ring -->
		<item id="2520" countmax="1" chance="23530"/><!-- demon shield -->
		<item id="2462" countmax="1" chance="29410"/><!-- devil helmet -->
		<item id="2387" countmax="1" chance="20000"/><!-- double axe -->
		<item id="2434" countmax="1" chance="5880"/><!-- dragon hammer -->
		<item id="2167" countmax="1" chance="13500"/><!-- energy ring -->
		<item id="2432" countmax="1" chance="11760"/><!-- fire axe -->
		<item id="2393" countmax="1" chance="23530"/><!-- giant sword -->
		<item id="2152" countmax="72" chance="100000"/><!-- platinum coin -->
		<item id="2179" countmax="1" chance="8000"/><!-- gold ring -->
		<item id="2470" countmax="1" chance="11760"/><!-- golden legs -->
		<item id="2033" countmax="1" chance="11760"/><!-- golden mug -->
		<item id="2418" countmax="1" chance="5880"/><!-- golden sickle -->
		<item id="2182" countmax="1" chance="3500"/><!-- snakebite rod -->
		<item id="2155" countmax="1" chance="5880"/><!-- green gem -->
		<item id="2188" countmax="1" chance="2500"/><!-- wand of decay -->
		<item id="2396" countmax="1" chance="7500"/><!-- ice rapier -->
		<item id="8890" countmax="1" chance="2500"/><!-- robe of the underworld -->
		<item id="2177" countmax="1" chance="11760"/><!-- life crystal -->
		<item id="2162" countmax="1" chance="5880"/><!-- magic lightwand -->
		<item id="2472" countmax="1" chance="5880"/><!-- magic plate armor -->
		<item id="2514" countmax="1" chance="11760"/><!-- mastermind shield -->
		<item id="2164" countmax="1" chance="5880"/><!-- might ring -->
		<item id="2178" countmax="1" chance="23530"/><!-- mind stone -->
		<item id="2176" countmax="1" chance="11760"/><!-- orb -->
		<item id="2171" countmax="1" chance="11760"/><!-- platinum amulet -->
		<item id="2200" countmax="1" chance="17650"/><!-- protection amulet -->
		<item id="1982" countmax="1" chance="17650"/><!-- purple tome -->
		<item id="2214" countmax="1" chance="29410"/><!-- ring of healing -->
		<item id="2123" countmax="1" chance="3500"/><!-- ring of the sky -->
		<item id="2170" countmax="1" chance="17650"/><!-- silver amulet -->
		<item id="2402" countmax="1" chance="15500"/><!-- silver dagger -->
		<item id="2436" countmax="1" chance="5000"/><!-- skull staff -->
		<item id="2150" countmax="20" chance="17650"/><!-- small amethyst -->
		<item id="2145" countmax="5" chance="23530"/><!-- small diamond -->
		<item id="2149" countmax="10" chance="23530"/><!-- small emerald -->
		<item id="2146" countmax="10" chance="35290"/><!-- small sapphire -->
		<item id="2165" countmax="1" chance="9500"/><!-- stealth ring -->
		<item id="2197" countmax="1" chance="11760"/><!-- stone skin amulet -->
		<item id="2174" countmax="1" chance="17650"/><!-- strange symbol -->
		<item id="2151" countmax="7" chance="17650"/><!-- talon -->
		<item id="2112" countmax="1" chance="14500"/><!-- teddy bear -->
		<item id="2421" countmax="1" chance="2500"/><!-- thunder hammer -->
		<item id="2377" countmax="1" chance="17650"/><!-- two handed sword -->
		<item id="3955" countmax="1" chance="100"/><!-- voodoo doll -->
		<item id="2185" countmax="1" chance="3500"/><!-- necrotic rod -->
		<item id="2143" countmax="15" chance="35290"/><!-- white pearl -->
		<item id="5808" chance="5880"/><!-- orshabaal's brain -->
	</loot>
</monster>
