<?xml version="1.0" encoding="UTF-8"?>
<monster name="Phrodomo" nameDescription="Phrodomo" race="blood" experience="44000" speed="500" manacost="0">
	<health now="80000" max="80000"/>
	<look type="12" head="114" body="80" legs="79" feet="114" addons="0" corpse="12282"/>
	<targetchange interval="5000" chance="8"/>
	<strategy attack="100" defense="0"/>
	<flags>
		<flag summonable="0"/>
		<flag attackable="1"/>
		<flag hostile="1"/>
		<flag illusionable="0"/>
		<flag convinceable="0"/>
		<flag pushable="0"/>
		<flag canpushitems="1"/>
		<flag canpushcreatures="1"/>
		<flag targetdistance="1"/>
		<flag staticattack="90"/>
		<flag runonhealth="0"/>
	</flags>
	<attacks>
		<attack name="melee" interval="2000" skill="190" attack="200"/>
	</attacks>
	<defenses armor="42" defense="57"/>
	<elements>
		<element icePercent="50"/>
		<element physicalPercent="20"/>
		<element deathPercent="30"/>
	</elements>
	<immunities>
		<immunity paralyze="1"/>
		<immunity earth="1"/>
		<immunity energy="1"/>
		<immunity invisible="1"/>
	</immunities>
	<voices interval="2000" chance="5">
		<voice sentence="NOTHING IS STRONGER THAN MY PURE HATRED!"/>
		<voice sentence="MY RANCOUR WILL DEVOUR YOU."/>
		<voice sentence="MORS CERTA, HORA CERTA." yell="1"/>
	</voices>
	<loot>
	</loot>
</monster>