<?xml version="1.0" encoding="UTF-8"?>
<monster name="Pythius The Rotten" nameDescription="Pythius the rotten" race="undead" experience="7000" speed="280" manacost="0">
	<health now="9000" max="9000"/>
	<look type="231" corpse="0"/>
	<targetchange interval="5000" chance="8"/>
	<strategy attack="100" defense="0"/>
	<flags>
		<flag summonable="0"/>
		<flag attackable="1"/>
		<flag hostile="1"/>
		<flag illusionable="1"/>
		<flag convinceable="0"/>
		<flag pushable="0"/>
		<flag canpushitems="1"/>
		<flag canpushcreatures="1"/>
		<flag targetdistance="1"/>
		<flag staticattack="90"/>
		<flag runonhealth="0"/>
	</flags>
	<attacks>
		<attack name="melee" interval="2000" skill="85" attack="100"/>
		<attack name="lifedrain" interval="2000" chance="13" range="7" radius="4" target="1" min="-165" max="-200">
			<attribute key="shootEffect" value="poison"/>
			<attribute key="areaEffect" value="redspark"/>
		</attack>
		<attack name="physical" interval="2000" chance="12" range="7" target="1" min="-0" max="-150">
			<attribute key="shootEffect" value="death"/>
			<attribute key="areaEffect" value="mortarea"/>
		</attack>
		<attack name="pythius the rotten curse" interval="2000" chance="12" range="7"/>
		<attack name="poison" interval="2000" chance="17" range="7" radius="4" target="1" min="-55" max="-155">
			<attribute key="shootEffect" value="poison"/>
			<attribute key="areaEffect" value="poison"/>
		</attack>
		<attack name="earth" interval="2000" chance="12" length="8" spread="3" min="-330" max="-415">
			<attribute key="areaEffect" value="poison"/>
		</attack>
		<attack name="manadrain" interval="2000" chance="16" target="1" range="7" radius="4" min="-85" max="-115">
			<attribute key="areaEffect" value="energy"/>
			<attribute key="shootEffect" value="energy"/>
		</attack>
		<attack name="pythius the rotten paralyze" interval="2000" chance="10" range="7"/>
	</attacks>
	<defenses armor="40" defense="45">
		<defense name="healing" interval="2000" chance="12" min="230" max="250">
			<attribute key="areaEffect" value="redshimmer"/>
		</defense>
		<defense name="pythius the rotten summon" interval="2000" chance="22"/>
	</defenses>
	<elements>
		<element holyPercent="-10"/>
	</elements>
	<immunities>
		<immunity paralyze="1"/>
		<immunity death="1"/>
		<immunity earth="1"/>
		<immunity energy="1"/>
		<immunity invisible="1"/>
	</immunities>
	<voices interval="2000" chance="5">
		<voice sentence="YOU'LL NEVER GET MY TREASURE!" yell="1"/>
		<voice sentence="MINIONS, MEET YOUR NEW BROTHER!" yell="1"/>
		<voice sentence="YOU WILL REGRET THAT YOU ARE BORN!" yell="1"/>
		<voice sentence="YOU MADE A HUGE WASTE!" yell="1"/>
		<voice sentence="I SENSE LIFE" yell="1"/>
		<voice sentence="WHO IS SNEAKING AROUND BEHIND MY TREASURE?" yell="1"/>
		<voice sentence="Another foolish adventurer who tries to beat me."/>
	</voices>
</monster>
