<?xml version="1.0" encoding="UTF-8"?>
<monster name="Raging Mage" nameDescription="a raging mage" race="blood" experience="3250" speed="210" manacost="0">
	<health now="3500" max="3500"/>
	<look type="416" corpse="13834"/>
	<targetchange interval="5000" chance="30"/>
	<strategy attack="90" defense="10"/>
	<flags>
		<flag summonable="0"/>
		<flag attackable="1"/>
		<flag hostile="1"/>
		<flag illusionable="0"/>
		<flag convinceable="0"/>
		<flag pushable="0"/>
		<flag canpushitems="1"/>
		<flag canpushcreatures="1"/>
		<flag targetdistance="1"/>
		<flag staticattack="90"/>
		<flag runonhealth="750"/>
	</flags>
  	<script>
		<event name="raging mage2"/>
	</script>
	<attacks>
		<attack name="melee" interval="2000" skill="40" attack="40"/>
    		<attack name="fire" interval="2000" chance="18" range="7" target="1" radius="3" min="-75" max="-185">
      			<attribute key="areaEffect" value="firearea" />
      			<attribute key="shootEffect" value="fire" />
    		</attack>
    		<attack name="energy" interval="2000" chance="25" range="7" target="1" radius="3" min="-80" max="-185">
      			<attribute key="shootEffect" value="energyball" />
    		</attack>
		<attack name="manadrain" interval="2000" chance="14" range="7" min="-100" max="-210">
			<attribute key="shootEffect" value="ice"/>
			<attribute key="areaEffect" value="icearea"/>
		</attack>
		<attack name="energyfield" interval="2000" chance="20" range="7" radius="2" target="1">
			<attribute key="shootEffect" value="energy"/>
		</attack>
		<attack name="energy" interval="2000" chance="13" length="8" spread="0" min="-100" max="-250">
			<attribute key="areaEffect" value="bigclouds"/>
		</attack>
    		<attack name="raging mage skill reducer 1" interval="2000" chance="8" range="7"/>
    		<attack name="raging mage skill reducer 2" interval="2000" chance="31"/>
	</attacks>
	<defenses armor="20" defense="20">
		<defense name="healing" interval="2000" chance="25" min="170" max="250">
			<attribute key="areaEffect" value="blueshimmer"/>
		</defense>
	</defenses>
	<elements>
		<element deathPercent="15"/>
		<element physicalPercent="-25"/>
	</elements>
	<immunities>
		<immunity energy="1"/>
		<immunity fire="1"/>
		<immunity outfit="1"/>
		<immunity drunk="1"/>
		<immunity invisible="1"/>
	</immunities>
	<summons maxSummons="1">
		<summon name="golden servant" interval="2000" chance="10"/>
	</summons>
	<voices interval="2000" chance="5">
		<voice sentence="Behold the all permeating powers I draw from this gate!!"/>
		<voice sentence="ENERGY!!" yell="1"/>
		<voice sentence="I FEEL, I FEEEEEL... OMNIPOTENCE!!" yell="1"/>
	</voices>
	<loot>
		<item id="7443" countmax="2" chance="6710"/> <!-- bullseye potion -->
		<item id="2792" countmax="4" chance="3660"/> <!-- dark mushroom -->
		<item id="2148" chance="97560" countmax="169"/> <!-- gold coin -->
		<item id="2152" chance="77440" countmax="9"/> <!-- platinum coin -->
		<item id="7590" countmax="5" chance="23170"/> <!-- great mana potion -->
		<item id="7591" countmax="5" chance="26830"/> <!-- great health potion -->
		<item id="7368" chance="1830" countmax="7"/> <!-- assassin star -->
		<item id="12410" chance="4270"/> <!-- luminous orb -->
		<item id="8902" chance="610"/> <!-- spellbook of mind control -->
		<item id="2146" chance="1830" countmax="5"/> <!-- small sapphire -->
		<item id="5911" chance="31100"/> <!-- red piece of cloth -->
		<item id="2123" chance="1830"/> <!-- ring of the sky -->
		<item id="2124" chance="1830"/> <!-- crystal ring -->
		<item id="2114" chance="1220"/> <!-- piggy bank -->
		<item id="5741" chance="610"/> <!-- skull helmet -->
		<item id="9958" chance="1220"/> <!-- royal tapestry -->
		<item id="13940" chance="1220"/> <!-- elemental spikes -->
		<item id="2195" chance="610"/> <!-- boots of haste -->
		<item id="9980" chance="610"/> <!-- crystal of power -->
		<item id="2178" chance="9760"/> <!-- mind stone -->
		<item id="2165" chance="4880"/> <!-- stealth ring -->
		<item id="8871" chance="4880"/> <!-- focus cape -->
	</loot>
</monster>
