<?xml version="1.0" encoding="UTF-8"?>
<monster name="Renegade Orc" nameDescription="a renegade orc" race="blood" experience="270" speed="230" manacost="0">
	<health now="450" max="450"/>
	<look type="59" corpse="6001"/>
	<targetchange interval="5000" chance="8"/>
	<strategy attack="100" defense="0"/>
	<flags>
		<flag summonable="0"/>
		<flag attackable="1"/>
		<flag hostile="1"/>
		<flag illusionable="0"/>
		<flag convinceable="0"/>
		<flag pushable="0"/>
		<flag canpushitems="1"/>
		<flag canpushcreatures="1"/>
		<flag targetdistance="1"/>
		<flag staticattack="90"/>
		<flag runonhealth="0"/>
	</flags>
	<attacks>
		<attack name="melee" interval="2000" skill="64" attack="50"/>
		<attack name="physical" interval="2000" chance="17" range="7" min="-0" max="-70">
			<attribute key="shootEffect" value="throwingknife"/>
		</attack>
	</attacks>
	<defenses armor="20" defense="30"/>
	<elements>
		<element energyPercent="20"/>
		<element holyPercent="10"/>
		<element earthPercent="-10"/>
		<element deathPercent="-5"/>
	</elements>
	<immunities>
		<immunity invisible="1"/>
		<immunity fire="1"/>
	</immunities>
	<voices interval="2000" chance="5">
		<voice sentence="Harga puchak muhmak!"/>
	</voices>
	<loot>
		<item id="2148" countmax="35" chance="28010"/><!-- gold coin -->
		<item id="2667" chance="29700"/><!-- fish -->
		<item id="2789" chance="9640"/><!-- brown mushroom -->
		<item id="12435" chance="19510"/><!-- orc leather -->
		<item id="12436" chance="2080"/><!-- skull belt -->
		<item id="2510" chance="10320"/><!-- plate shield -->
		<item id="11113" chance="1030"/><!-- orc tooth -->
		<item id="2410" countmax="4" chance="9950"/><!-- throwing knife -->
		<item id="2419" chance="1860"/><!-- scimitar -->
		<item id="2397" chance="2810"/><!-- longsword -->
		<item id="2478" chance="3130"/><!-- brass legs -->
		<item id="2463" chance="1620"/><!-- plate armor -->
		<item id="7378" chance="2430"/><!-- royal spear -->
		<item id="2207" chance="3920"/><!-- sword ring -->
		<item id="2647" chance="440"/><!-- plate legs -->
		<item id="2413" chance="610"/><!-- broadsword -->
		<item id="7618" chance="550"/><!-- health potion -->
		<item id="2475" chance="180"/><!-- warrior helmet -->
	</loot>
</monster>
