<?xml version="1.0" encoding="UTF-8"?>
<monster name="Robby The Reckless" nameDescription="Robby the Reckless" race="blood" experience="110" speed="198" manacost="0">
	<health now="155" max="155"/>
	<look type="129" head="115" body="132" legs="118" feet="114" addons="1" corpse="20498"/>
	<targetchange interval="5000" chance="8"/>
	<strategy attack="100" defense="0"/>
	<flags>
		<flag summonable="0"/>
		<flag attackable="1"/>
		<flag hostile="1"/>
		<flag illusionable="0"/>
		<flag convinceable="0"/>
		<flag pushable="0"/>
		<flag canpushitems="1"/>
		<flag canpushcreatures="0"/>
		<flag targetdistance="1"/>
		<flag staticattack="90"/>
		<flag runonhealth="0"/>
	</flags>
	<attacks>
		<attack name="melee" interval="2000" skill="50" attack="20"/>
		<attack name="physical" interval="2000" chance="22" range="7" min="-0" max="-70">
			<attribute key="shootEffect" value="arrow"/>
		</attack>
	</attacks>
	<defenses armor="8" defense="10"/>
	<voices interval="2000" chance="5">
		<voice sentence="Let us leave safely and maybe we'll give you a few coins."/>
	</voices>
	<loot>
		<item id="14903" chance="100000"/><!-- bag with stolen gold -->
		<item id="2152" countmax="100" chance="50000"/><!-- platinum coin coin -->
	</loot>
</monster>
