<?xml version="1.0" encoding="UTF-8"?>
<monster name="Ron the Ripper" nameDescription="Ron The Ripper" race="blood" experience="500" speed="244" manacost="0">
	<health now="1500" max="1500"/>
	<look type="151" head="95" body="94" legs="117" feet="59" addons="1" corpse="20502"/>
	<targetchange interval="60000" chance="0"/>
	<strategy attack="100" defense="0"/>
	<flags>
		<flag summonable="0"/>
		<flag attackable="1"/>
		<flag hostile="1"/>
		<flag illusionable="0"/>
		<flag convinceable="0"/>
		<flag pushable="0"/>
		<flag canpushitems="1"/>
		<flag staticattack="90"/>
		<flag lightlevel="0"/>
		<flag lightcolor="0"/>
		<flag targetdistance="1"/>
		<flag runonhealth="250"/>
	</flags>
	<attacks>
		<attack name="melee" interval="2000" skill="90" attack="50"/>
		<attack name="physical" interval="2000" chance="15" target="1" range="7" min="-0" max="-160">
			<attribute key="shootEffect" value="throwingknife"/>
		</attack>
	</attacks>
	<defenses armor="35" defense="50">
		<defense name="healing" interval="2000" chance="11" min="100" max="135">
			<attribute key="areaEffect" value="blueshimmer"/>
		</defense>
	</defenses>
	<voices interval="2000" chance="5">
		<voice sentence="I'll skin ya!" yell="1"/>
		<voice sentence="Muahaha!" yell="1"/>
	</voices>
	<loot>
		<item id="2379" chance="45450"/><!-- dagger -->
		<item id="2148" countmin="43" countmax="128" chance="100000"/><!-- gold coin -->
		<item id="7591" chance="18180"/><!-- great health potion -->
		<item id="5926" chance="18180"/><!-- pirate backpack -->
		<item id="2463" chance="63640"/><!-- plate armor -->
		<item id="2476" chance="18180"/><!-- knight armor -->
		<item id="6101" chance="100000"/><!-- Ron The Ripper's sabre -->
		<item id="2666" chance="18180"/><!-- meat -->
		<item id="2229" countmax="2" chance="81820"/><!-- skull -->
		<item id="10103" chance="27270"/><!-- very old piece of paper -->
		<item id="2145" countmax="1" chance="9090"/><!-- small diamond -->
	</loot>
</monster>
