<?xml version="1.0" encoding="UTF-8"?>
<monster name="Rotspit" nameDescription="Rotspit" race="venom" experience="5800" speed="300" manacost="0">
	<health now="6800" max="6800"/>
	<look type="461" corpse="15392"/>
	<targetchange interval="2000" chance="5"/>
	<strategy attack="100" defense="0"/>
	<flags>
		<flag summonable="0"/>
		<flag attackable="1"/>
		<flag hostile="1"/>
		<flag illusionable="0"/>
		<flag convinceable="0"/>
		<flag pushable="0"/>
		<flag canpushitems="1"/>
		<flag canpushcreatures="1"/>
		<flag staticattack="90"/>
		<flag targetdistance="1"/>
		<flag runonhealth="0"/>
	</flags>
	<attacks>
		<attack name="melee" interval="2000" skill="110" attack="50" poison="180"/>
		<attack name="poison" interval="2000" chance="30" range="7" radius="3" target="1" min="-250" max="-500">
			<attribute key="shootEffect" value="poison"/>
			<attribute key="areaEffect" value="poison"/>
		</attack>
		<attack name="poison" interval="2000" chance="17" length="8" spread="0" target="0" min="-250" max="-500">
			<attribute key="areaEffect" value="greenbubble"/>
		</attack>
        	<attack name="spitter paralyze" interval="2000" chance="12" range="7"/>
	</attacks>
	<defenses armor="11" defense="11">
		<defense name="speed" interval="2000" chance="9" speedchange="1240" duration="5000">
			<attribute key="areaEffect" value="poff"/>
		</defense>
		<defense name="healing" interval="2000" chance="30" min="5" max="15">
			<attribute key="areaEffect" value="bluebubble"/>
		</defense>
	</defenses>
	<elements>
		<element deathPercent="10"/>
		<element firePercent="5"/>
		<element energyPercent="-5"/>
		<element icePercent="-5"/>
	</elements>
	<immunities>
		<immunity earth="1"/>
		<immunity paralyze="1"/>
		<immunity invisible="1"/>
	</immunities>
	<voices interval="2000" chance="5">
		<voice sentence="Spotz!"/>
	</voices>
	<loot>
		<item id="15486" chance="100000"/> <!-- compound eye -->
		<item id="2789" countmax="2" chance="42860"/> <!-- brown mushroom -->
		<item id="2148" countmax="150" chance="100000"/> <!-- gold coin -->
		<item id="16096" chance="64290"/><!-- dung ball(quest) -->
		<item id="16096" chance="25000"/><!-- dung ball(quest) -->
		<item id="2152" countmax="4" chance="71430"/> <!-- platinum coin -->
		<item id="15481" chance="100000"/> <!-- spitter nose -->
		<item id="2149" countmax="4" chance="42860"/> <!-- small emerald -->
		<item id="2150" countmax="4" chance="57140"/> <!-- small amethyst -->
		<item id="7590" countmax="2" chance="50000"/> <!-- great mana potion -->
		<item id="7591" countmax="2" chance="42860"/> <!-- great health potion -->
		<item id="7449" chance="21430"/> <!-- crystal sword -->
	</loot>
</monster>
