<?xml version="1.0" encoding="UTF-8"?>
<monster name="Rottie The Rotworm" nameDescription="Rottie the Rotworm" race="blood" experience="40" speed="116" manacost="0">
	<health now="65" max="65"/>
	<look type="26" corpse="5967"/>
	<targetchange interval="2000" chance="0"/>
	<strategy attack="100" defense="0"/>
	<flags>
		<flag summonable="0"/>
		<flag attackable="1"/>
		<flag hostile="1"/>
		<flag illusionable="0"/>
		<flag convinceable="0"/>
		<flag pushable="0"/>
		<flag canpushitems="0"/>
		<flag canpushcreatures="0"/>
		<flag targetdistance="1"/>
		<flag staticattack="90"/>
		<flag runonhealth="0"/>
	</flags>
	<attacks>
		<attack name="melee" interval="2000" skill="10" attack="25"/>
	</attacks>
	<defenses armor="8" defense="11"/>
	<loot>
		<item id="2148" countmax="27" chance="87500"/><!-- gold coin -->
		<item id="2480" chance="4540"/><!-- legion helmet -->
		<item id="2666" countmax="2" chance="10000"/><!-- meat -->
		<item id="2671" countmax="2" chance="12500"/><!-- ham -->
		<item id="10609" countmax="1" chance="100000"/><!-- lump of dirt -->
		<item id="3976" countmax="3" chance="50000"/><!-- worm -->
		<item id="2398" chance="100000"/><!-- mace -->
		<item id="2376" chance="7000"/><!-- sword -->
		<item id="2412" chance="4000"/><!-- katana -->
		<item id="2530" chance="4000"/><!-- copper shield -->
	</loot>
</monster>
