<?xml version="1.0" encoding="UTF-8"?>
<monster name="Rotworm Queen" nameDescription="Rotworm Queen" race="blood" experience="75" speed="136" manacost="0">
	<health now="105" max="105"/>
	<look type="295" corpse="8947"/>
	<targetchange interval="60000" chance="0"/>
	<strategy attack="100" defense="0"/>
	<flags>
		<flag summonable="0"/>
		<flag attackable="1"/>
		<flag hostile="1"/>
		<flag illusionable="0"/>
		<flag convinceable="0"/>
		<flag pushable="0"/>
		<flag canpushitems="1"/>
		<flag canpushcreatures="0"/>
		<flag staticattack="90"/>
		<flag targetdistance="1"/>
		<flag runonhealth="0"/>
	</flags>
	<attacks>
		<attack name="melee" interval="2000" skill="30" attack="40"/>
	</attacks>
	<defenses armor="10" defense="15"/>
	<elements>
		<element earthPercent="40"/>
		<element firePercent="-20"/>
	</elements>
	<summons maxSummons="3">
		<summon name="Rotworm" interval="2000" chance="18" max="3"/>
	</summons>
	<loot>
		<item id="2148" countmax="86" chance="40000"/><!-- gold coin -->
		<item id="8971" chance="3333"/><!-- gland -->
		<item id="3976" countmax="50" chance="20000"/><!-- worm -->
	</loot>
</monster>
