<?xml version="1.0" encoding="UTF-8"?>
<monster name="Rukor Zad" nameDescription="Rukor Zad" race="blood" experience="380" speed="224" manacost="0">
	<health now="380" max="380"/>
	<look type="152" head="95" body="95" legs="95" feet="95" addons="3" corpse="20578"/>
	<targetchange interval="2000" chance="5"/>
	<strategy attack="70" defense="20"/>
	<flags>
		<flag summonable="0"/>
		<flag attackable="1"/>
		<flag hostile="1"/>
		<flag illusionable="0"/>
		<flag convinceable="0"/>
		<flag pushable="0"/>
		<flag canpushitems="1"/>
		<flag staticattack="90"/>
		<flag canpushcreatures="1"/>
		<flag targetdistance="1"/>
		<flag runonhealth="0"/>
	</flags>
	<attacks>
		<attack name="melee" interval="2000" skill="58" attack="50"/>
		<attack name="physical" interval="2000" chance="13" range="7" min="-0" max="-100">
			<attribute key="shootEffect" value="throwingstar"/>
		</attack>
		<attack name="poisoncondition" interval="2000" chance="13" range="7" min="-160" max="-160">
			<attribute key="shootEffect" value="poisonarrow"/>
		</attack>
		<attack name="drunk" interval="2000" chance="10" range="7" duration="2000">
			<attribute key="shootEffect" value="poison"/>
			<attribute key="areaEffect" value="poison"/>
		</attack>
	</attacks>
	<defenses armor="17" defense="40">
		<defense name="invisible" interval="2000" chance="9" duration="2000">
			<attribute key="areaEffect" value="blueshimmer"/>
		</defense>
		<defense name="speed" interval="2000" chance="13" speedchange="316" duration="6000">
			<attribute key="areaEffect" value="redshimmer"/>
		</defense>
		<defense name="healing" interval="2000" chance="19" min="25" max="40">
			<attribute key="areaEffect" value="blueshimmer"/>
		</defense>
	</defenses>
	<elements>
		<element physicalPercent="5"/>
		<element deathPercent="5"/>
	</elements>
	<immunities>
		<immunity invisible="1"/>
	</immunities>
	<voices interval="2000" chance="5">
		<voice sentence="I can kill a man in a thousand ways. And that`s only with a spoon!"/>
		<voice sentence="You shouldn`t have come here!"/>
		<voice sentence="Haiiii!"/>
	</voices>
	<loot>
		<item id="2148" countmax="100" chance="100000"/><!-- gold coin -->
		<item id="3968" chance="4800"/><!-- leopard armor -->
		<item id="2148" countmax="14" chance="72300"/><!-- throwing star -->
		<item id="7366" countmax="7" chance="42300"/><!-- viper star -->
		<item id="2457" chance="32200"/><!-- steel helmet -->
		<item id="2513" chance="16000"/><!-- battle shield -->
		<item id="2509" chance="9700"/><!-- steel shield -->
		<item id="2145" countmax="1" chance="2200"/><!-- small diamond -->
		<item id="3969" chance="2300"/><!-- horseman helmet -->
	</loot>
</monster>
