<?xml version="1.0" encoding="UTF-8"?>
<monster name="Shard Of Corruption" nameDescription="a shard of corruption" race="venom" experience="5" speed="180" manacost="0">
	<health now="600" max="600"/>
	<look type="67" corpse="6005"/>
	<targetchange interval="5000" chance="8"/>
	<strategy attack="100" defense="0"/>
	<flags>
		<flag summonable="0"/>
		<flag attackable="1"/>
		<flag hostile="1"/>
		<flag illusionable="0"/>
		<flag convinceable="0"/>
		<flag pushable="0"/>
		<flag canpushitems="1"/>
		<flag canpushcreatures="1"/>
		<flag targetdistance="1"/>
		<flag staticattack="90"/>
		<flag runonhealth="0"/>
	</flags>
	<attacks>
		<attack name="melee" interval="2000" skill="50" attack="50"/>
		<attack name="earth" interval="2000" chance="20" range="7" min="-50" max="-115">
			<attribute key="shootEffect" value="largerock"/>
			<attribute key="areaEffect" value="yellowspark"/>
		</attack>
		<attack name="poisoncondition" interval="2000" chance="20" length="4" spread="1" min="-300" max="-600">
			<attribute key="areaEffect" value="poison"/>
		</attack>
	</attacks>
	<defenses armor="35" defense="35"/>
	<elements>
		<element physicalPercent="60"/>
		<element firePercent="30"/>
		<element energyPercent="25"/>
		<element icePercent="15"/>
	</elements>
	<immunities>
		<immunity paralyze="1"/>
		<immunity death="1"/>
		<immunity drown="1"/>
		<immunity invisible="1"/>
		<immunity earth="1"/>
	</immunities>
</monster>
