<?xml version="1.0" encoding="UTF-8"?>
<monster name="Shardhead" nameDescription="Shardhead" race="undead" experience="650" speed="190" manacost="0">
	<health now="800" max="800"/>
	<look type="261" corpse="7282"/>
	<targetchange interval="2000" chance="5"/>
	<strategy attack="100" defense="0"/>
	<flags>
		<flag summonable="0"/>
		<flag attackable="1"/>
		<flag hostile="1"/>
		<flag illusionable="0"/>
		<flag convinceable="0"/>
		<flag pushable="0"/>
		<flag canpushitems="1"/>
		<flag staticattack="90"/>
		<flag lightlevel="0"/>
		<flag lightcolor="0"/>
		<flag targetdistance="1"/>
		<flag runonhealth="0"/>
	</flags>
	<attacks>
		<attack name="melee" interval="2000" skill="100" attack="50"/>
		<attack name="ice" interval="2000" chance="15" range="7" target="1" min="-50" max="-100">
			<attribute key="shootEffect" value="ice"/>
			<attribute key="areaEffect" value="iceattack"/>
		</attack>
		<attack name="ice golem paralyze" interval="2000" chance="12"/>
		<attack name="ice golem skill reducer" interval="2000" chance="10"/>
	</attacks>
	<defenses armor="25" defense="26"/>
	<elements>
		<element physicalPercent="25"/>
		<element energyPercent="-20"/>
	</elements>
	<immunities>
		<immunity holy="1"/>
		<immunity death="1"/>
		<immunity fire="1"/>
		<immunity ice="1"/>
		<immunity invisible="1"/>
		<immunity paralyze="1"/>
		<immunity drunk="1"/>
	</immunities>
	<voices interval="2000" chance="5">
		<voice sentence="Chrr."/>
		<voice sentence="Crrrrk."/>
		<voice sentence="Gnarr."/>
	</voices>
	<loot>
		<item id="7290" chance="31340" /> <!-- shard -->
		<item id="10578" chance="53730" /> <!-- frosty heart -->
		<item id="2148" countmax="198" chance="94030" /> <!-- gold coin -->
		<item id="7441" chance="43280" /> <!-- ice cube -->  
		<item id="7441" chance="43280" /> <!-- ice cube -->   
		<item id="2152" countmax="5" chance="94030" /> <!-- platinum coin -->
		<item id="2145" countmax="5" chance="68660"/><!-- small diamond -->
		<item id="2146" countmax="5" chance="68660"/><!-- small sapphire -->
		<item id="2144" countmax="1" chance="1490"/><!-- black pearl -->
		<item id="7588" chance="67160" /> <!-- strong health potion -->
	</loot>
</monster>
