<?xml version="1.0" encoding="UTF-8"?>
<monster name="Sharptooth" nameDescription="Sharptooth" race="blood" experience="1600" speed="450" manacost="0">
	<health now="2500" max="2500"/>
	<look type="20" corpse="6067"/>
	<targetchange interval="5000" chance="8"/>
	<strategy attack="100" defense="0"/>
	<flags>
		<flag summonable="0"/>
		<flag attackable="1"/>
		<flag hostile="1"/>
		<flag illusionable="0"/>
		<flag convinceable="0"/>
		<flag pushable="0"/>
		<flag canpushitems="1"/>
		<flag canpushcreatures="1"/>
		<flag staticattack="90"/>
		<flag targetdistance="1"/>
		<flag runonhealth="0"/>
	</flags>
	<attacks>
		<attack name="melee" interval="2000" skill="84" attack="100"/>
	</attacks>
	<defenses armor="40" defense="45">
		<defense name="speed" interval="2000" chance="10" speedchange="610" duration="20000">
			<attribute key="areaEffect" value="redshimmer"/>
		</defense>
		<defense name="healing" interval="2000" chance="25" min="25" max="75">
			<attribute key="areaEffect" value="blueshimmer"/>
		</defense>
	</defenses>
	<elements>
		<element earthPercent="80"/>
		<element energyPercent="-5"/>
	</elements>
	<immunities>
		<immunity lifedrain="1"/>
		<immunity fire="1"/>
		<immunity ice="1"/>
		<immunity invisible="1"/>
		<immunity drown="1"/>
	</immunities>
	<voices interval="2000" chance="5">
		<voice sentence="Rrrah!"/>
		<voice sentence="Rraaar!"/>
		<voice sentence="Gnarrr!"/>
		<voice sentence="Tcharrr!"/>
	</voices>
	<loot>
		<item id="2148" countmax="13" chance="15000"/><!-- gold coin -->
		<item id="2226" chance="25000"/><!-- fishbone -->
	</loot>
</monster>
