<?xml version="1.0" encoding="UTF-8"?>
<monster name="Sir Valorcrest" nameDescription="Sir Valorcrest" race="undead" experience="1800" speed="270" manacost="0">
    <health now="1600" max="1600"/>
    <look type="287" corpse="8937"/>
    <targetchange interval="5000" chance="10"/>
    <strategy attack="100" defense="0"/>
    <flags>
        <flag summonable="0"/>
        <flag attackable="1"/>
        <flag hostile="1"/>
        <flag illusionable="0"/>
        <flag convinceable="0"/>
        <flag pushable="0"/>
        <flag canpushitems="1"/>
        <flag canpushcreatures="1"/>
        <flag targetdistance="1"/>
        <flag staticattack="90"/>
        <flag runonhealth="0"/>
    </flags>
    <attacks>
        <attack name="melee" interval="2000" skill="190" attack="50"/>
	<attack name="lifedrain" interval="2000" chance="24" range="7" min="-50" max="-250">
		<attribute key="shootEffect" value="death"/>
		<attribute key="areaEffect" value="smallclouds"/>
	</attack>
	<attack name="elder bonelord paralyze" interval="2000" chance="12" range="7"/>
    </attacks>
    <defenses armor="30" defense="30">
        <defense name="healing" interval="2000" chance="12" min="50" max="100">
            <attribute key="areaEffect" value="redspark"/>
        </defense>
	<defense name="speed" interval="2000" chance="9" speedchange="334" duration="5000">
		<attribute key="areaEffect" value="redshimmer"/>
	</defense>
        <defense name="outfit" interval="2000" chance="14" monster="bat" duration="4000">
            <attribute key="areaEffect" value="poff"/>
        </defense>
        <defense name="sir valorcrest summon" interval="2000" chance="17"/>
    </defenses>
    <elements>
        <element physicalPercent="55"/>
        <element energyPercent="20"/>
        <element icePercent="5"/>
        <element holyPercent="-5"/>
        <element firePercent="-5"/>
    </elements>
    <immunities>
        <immunity lifedrain="1"/>
        <immunity death="1"/>
        <immunity poison="1"/>
        <immunity invisible="1"/>
    </immunities>
    <voices interval="2000" chance="5">
        <voice sentence="I challenge you!"/>
        <voice sentence="A battle makes the blood so hot and sweet."/>
        <voice sentence="Destroy my enemies my soldiers!"/>
        <voice sentence="Fear my excelence!"/>
    </voices>
    <loot>
        <item id="2144" chance="3500" countmax="1"/><!-- black pearl -->
        <item id="2148" chance="100000" countmax="94"/><!-- gold coin -->
        <item id="2152" chance="6900" countmax="5"/><!-- platinum coin -->
        <item id="2229" chance="13790"/><!-- skull -->
        <item id="9020" chance="100000" /><!-- vampire lord token -->
        <item id="2534" chance="6900"/><!-- vampire shield -->
        <item id="7427" chance="1500"/><!-- chaos mace -->
        <item id="7588" chance="20690"/><!-- strong health potion -->
        <item id="2214" chance="20690"/><!-- ring of healing -->
    </loot>
</monster>
