<?xml version="1.0" encoding="UTF-8"?>
<monster name="Sir Desrik" nameDescription="Sir Desrik" race="blood" experience="160" speed="190" manacost="420">
	<health now="7235" max="7235"/>
	<look type="131" head="38" body="38" legs="38" feet="95" addons="1" corpse="20454"/>
	<targetchange interval="2000" chance="0"/>
	<strategy attack="100" defense="0"/>
	<flags>
		<flag summonable="1"/>
		<flag attackable="1"/>
		<flag hostile="1"/>
		<flag illusionable="1"/>
		<flag convinceable="1"/>
		<flag pushable="1"/>
		<flag canpushitems="0"/>
		<flag canpushcreatures="0"/>
		<flag staticattack="90"/>
		<flag targetdistance="1"/>
		<flag runonhealth="80"/>
	</flags>
	<attacks>
		<attack name="melee" interval="2000" skill="90" attack="40"/>
		<attack name="drunk" interval="2000" chance="15" range="7" target="1" duration="3000">
			<attribute key="shootEffect" value="whirlwindclub"/>
			<attribute key="areaEffect" value="stun"/>
		</attack>
		<attack name="physical" interval="2000" chance="12" radius="3" target="0" min="-0" max="-110">
			<attribute key="areaEffect" value="blackspark"/>
		</attack>
		<attack name="effect" interval="2000" chance="13" length="1" spread="1">
			<attribute key="areaEffect" value="rednote"/>
		</attack>
	</attacks>
	<defenses armor="9" defense="18">
		<defense name="morik the gladiator summon" interval="2000" chance="14"/>
	</defenses>
	<elements>
		<element holyPercent="10"/>
		<element firePercent="10"/>
		<element energyPercent="10"/>
		<element icePercent="10"/>
		<element earthPercent="10"/>
		<element deathPercent="-5"/>
	</elements>
	<voices interval="2000" chance="5">
		<voice sentence="To be the one you'll have to beat the one!"/>
		<voice sentence="Where did I put my ultimate health potion again?"/>
		<voice sentence="I am the best!"/>
		<voice sentence="I'll take your ears as a trophy!"/>
	</voices>
	<loot>
		<item id="9735" chance="100000"/><!-- Morik's helmet -->
	</loot>
</monster>
