<?xml version="1.0" encoding="UTF-8"?>
<monster name="Smuggler Baron Silvertoe" nameDescription="Smuggler Baron Silvertoe" race="blood" experience="170" speed="176" manacost="0">
	<health now="280" max="280"/>
	<look type="134" head="38" body="0" legs="77" feet="76" addons="0" corpse="20506"/>
	<targetchange interval="5000" chance="8"/>
	<strategy attack="100" defense="0"/>
	<flags>
		<flag summonable="0"/>
		<flag attackable="1"/>
		<flag hostile="1"/>
		<flag illusionable="0"/>
		<flag convinceable="0"/>
		<flag pushable="0"/>
		<flag canpushitems="1"/>
		<flag canpushcreatures="1"/>
		<flag targetdistance="1"/>
		<flag staticattack="90"/>
		<flag runonhealth="0"/>
	</flags>
	<attacks>
		<attack name="melee" interval="2000" skill="20" attack="40"/>
		<attack name="physical" interval="2000" chance="22" range="7" min="-0" max="-50">
			<attribute key="shootEffect" value="throwingknife"/>
		</attack>
	</attacks>
	<defenses armor="10" defense="13">
		<defense name="healing" interval="2000" chance="16" min="25" max="50">
			<attribute key="areaEffect" value="blueshimmer"/>
		</defense>
	</defenses>
	<elements>
		<element physicalPercent="-5"/>
		<element deathPercent="-5"/>
	</elements>
	<voices interval="2000" chance="5">
		<voice sentence="I expect you to die!"/>
		<voice sentence="I see some profit in your death!"/>
		<voice sentence="Bribes are expensive, murder is cheap!"/>
		<voice sentence="I will make your death look like an accident!"/>
		<voice sentence="You should not have interferred with my bussiness!"/>
	</voices>
	<summons maxSummons="3">
		<summon name="wild warrior" interval="7000" chance="50" max="1"/>
		<summon name="wild warrior" interval="7000" chance="50" max="1"/>
		<summon name="wild warrior" interval="7000" chance="50" max="1"/>
	</summons>
	<loot>
		<item id="2148" countmax="10" chance="79710"/><!-- gold coin -->
		<item id="2050" chance="30190"/><!-- torch -->
		<item id="8840" countmax="5" chance="4970"/><!-- raspberry -->
		<item id="2649" chance="14840"/><!-- leather legs -->
		<item id="2403" chance="9920"/><!-- knife -->
		<item id="2671" countmax="1" chance="10210"/><!-- ham -->
		<item id="2406" chance="10090"/><!-- short sword -->
		<item id="2461" chance="10040"/><!-- leather helmet -->
		<item id="2404" chance="4180"/><!-- combat knife -->
		<item id="2376" chance="5010"/><!-- sword -->
		<item id="7397" chance="1200"/><!-- deer trophy -->
	</loot>
</monster>
