<?xml version="1.0" encoding="UTF-8"?>
<monster name="Snake Thing" nameDescription="snake thing" race="venom" experience="4600" speed="238" manacost="0">
	<health now="70000" max="70000"/>
	<look type="220" corpse="12385"/>
	<targetchange interval="2000" chance="10"/>
	<strategy attack="100" defense="0"/>
	<flags>
		<flag summonable="0"/>
		<flag attackable="1"/>
		<flag hostile="1"/>
		<flag illusionable="0"/>
		<flag convinceable="0"/>
		<flag pushable="0"/>
		<flag canpushitems="1"/>
		<flag canpushcreatures="1"/>
		<flag targetdistance="1"/>
		<flag staticattack="90"/>
		<flag runonhealth="0"/>
	</flags>
	<attacks>
		<attack name="melee" interval="2000" skill="40" attack="160"/>
		<attack name="manadrain" interval="2000" chance="11" length="8" spread="0" min="-100" max="-2400">
			<attribute key="areaEffect" value="greenshimmer"/>
		</attack>
		<attack name="lifedrain" interval="2000" chance="16" length="8" spread="0" min="-365" max="-715">
			<attribute key="areaEffect" value="redshimmer"/>
		</attack>
		<attack name="poison" interval="2000" chance="10" length="8" spread="3" min="-50" max="-520">
			<attribute key="areaEffect" value="greenbubble"/>
		</attack>
		<attack name="poisoncondition" interval="2000" chance="14" radius="8" target="0" min="-300" max="-600">
			<attribute key="areaEffect" value="poison"/>
		</attack>
	</attacks>
	<defenses armor="45" defense="30">
		<defense name="healing" interval="2000" chance="9" min="650" max="880">
			<attribute key="areaEffect" value="blueshimmer"/>
		</defense>
	</defenses>
	<elements>
		<element icePercent="10"/>
		<element firePercent="-10"/>
		<element energyPercent="-10"/>
	</elements>
	<immunities>
		<immunity paralyze="1"/>
		<immunity invisible="1"/>
		<immunity earth="1"/>
	</immunities>
	<voices interval="2000" chance="5">
		<voice sentence="POWER! I SEED MORE POWER!" yell="1"/>
	</voices>
</monster>
