<?xml version="1.0" encoding="UTF-8"?>
<monster name="Snake God Essence" nameDescription="snake god essence" race="venom" experience="5000" speed="400" manacost="0">
	<health now="65000" max="65000"/>
	<look type="356" corpse="12385"/>
	<targetchange interval="2000" chance="10"/>
	<strategy attack="100" defense="0"/>
	<flags>
		<flag summonable="0"/>
		<flag attackable="1"/>
		<flag hostile="1"/>
		<flag illusionable="0"/>
		<flag convinceable="0"/>
		<flag pushable="0"/>
		<flag canpushitems="1"/>
		<flag canpushcreatures="1"/>
		<flag staticattack="90"/>
		<flag targetdistance="1"/>
		<flag runonhealth="0"/>
	</flags>
	<attacks>
		<attack name="melee" interval="2000" skill="110" attack="100"/>
		<attack name="lifedrain" interval="2000" chance="18" length="8" spread="0" min="-300" max="-665">
			<attribute key="areaEffect" value="greenspark"/>
		</attack>
		<attack name="lifedrain" interval="2000" chance="15" range="7" target="1" min="-150" max="-320">
			<attribute key="shootEffect" value="poison"/>
			<attribute key="areaEffect" value="redshimmer"/>
		</attack>
		<attack name="death" interval="2000" chance="15" length="8" spread="3" min="-205" max="-660">
			<attribute key="areaEffect" value="mortarea"/>
		</attack>
		<attack name="earth" interval="2000" chance="50" target="0" radius="8" min="-150" max="-270">
			<attribute key="areaEffect" value="greenshimmer"/>
		</attack>
	</attacks>
	<defenses armor="70" defense="65">
		<defense name="healing" interval="2000" chance="9" min="350" max="550">
			<attribute key="areaEffect" value="blueshimmer"/>
		</defense>
	</defenses>
	<elements>
		<element firePercent="-10"/>
		<element energyPercent="-10"/>
		<element physicalPercent="10"/>
		<element icePercent="20"/>
	</elements>
	<immunities>
		<immunity earth="1"/>
		<immunity invisible="1"/>
		<immunity paralyze="1"/>
	</immunities>
	<voices interval="2000" chance="5">
		<voice sentence="AHHH ZHE POWER..." yell="1"/>
		<voice sentence="ZHE TIME OF ZHE SNAKE HAZ COME!" yell="1"/>
	</voices>
</monster>
