<?xml version="1.0" encoding="UTF-8"?>
<monster name="Spawn Of Devovorga" nameDescription="a spawn of Devovorga" race="venom" experience="5850" speed="350" manacost="0">
	<health now="8900" max="8900"/>
	<look type="353" corpse="12618"/>
  	<targetchange interval="5000" chance="8" />
  	<strategy attack="100" defense="0" />
  	<flags>
    		<flag summonable="0" />
    		<flag attackable="1" />
    		<flag hostile="1" />
    		<flag illusionable="0" />
    		<flag convinceable="0" />
    		<flag pushable="0" />
    		<flag canpushitems="1" />
    		<flag canpushcreatures="1" />
    		<flag targetdistance="1" />
    		<flag staticattack="90" />
    		<flag runonhealth="800" />
  	</flags>
  	<attacks>
    		<attack name="melee" interval="2000" skill="88" attack="100" />
    		<attack name="earth" interval="2000" chance="9" range="1" target="1" min="-220" max="-405">
      			<attribute key="shootEffect" value="poison" />
      			<attribute key="areaEffect" value="greenbubble" />
    		</attack>
    		<attack name="blightwalker curse" interval="2000" chance="10"/>
    		<attack name="lifedrain" interval="2000" chance="14" radius="4" target="0" min="-65" max="-135">
      			<attribute key="areaEffect" value="greenshimmer" />
    		</attack>
    			<attack name="drunk" interval="2000" chance="12" duration="35000" radius="3" target="0">
      			<attribute key="areaEffect" value="greenspark" />
    		</attack>
    		<attack name="blightwalker paralyze" interval="2000" chance="15" range="7"/>
  	</attacks>
  	<defenses armor="15" defense="15" />
  	<elements>
    		<element firePercent="50" />
    		<element energyPercent="20" />
    		<element icePercent="50" />
    		<element physicalPercent="-10" />
    		<element holyPercent="-30" />
  	</elements>
  	<immunities>
    		<immunity death="1" />
    		<immunity earth="1" />
    		<immunity lifedrain="1" />
    		<immunity invisible="1" />
    		<immunity drunk="1" />
    		<immunity paralyze="1" />
  	</immunities>
	<voices interval="2000" chance="5">
	</voices>
	<loot>
		<item id="12622" chance="50000"/><!-- tentacle piece -->
	</loot>
</monster>
