<?xml version="1.0" encoding="UTF-8"?>
<monster name="Splasher" nameDescription="Splasher" race="blood" experience="500" speed="490" manacost="0">
	<health now="1100" max="1100"/>
	<look type="47" corpse="6066"/>
	<targetchange interval="5000" chance="8"/>
	<strategy attack="100" defense="0"/>
	<flags>
		<flag summonable="0"/>
		<flag attackable="1"/>
		<flag hostile="1"/>
		<flag illusionable="0"/>
		<flag convinceable="0"/>
		<flag pushable="0"/>
		<flag canpushitems="1"/>
		<flag canpushcreatures="1"/>
		<flag staticattack="90"/>
		<flag targetdistance="1"/>
		<flag runonhealth="0"/>
	</flags>
	<attacks>
		<attack name="melee" interval="2000" skill="30" attack="40" poison="90"/>
		<attack name="ice" interval="2000" chance="11" length="8" spread="0" min="-100" max="-180">
			<attribute key="areaEffect" value="bubbles"/>
		</attack>
		<attack name="lifedrain" interval="2000" chance="8" range="7" target="1" min="-20" max="-170">
			<attribute key="areaEffect" value="redshimmer"/>
		</attack>
		<attack name="lifedrain" interval="2000" chance="10" length="8" spread="0" min="-170" max="-240">
			<attribute key="areaEffect" value="greenspark"/>
		</attack>
		<attack name="ice" interval="2000" chance="9" range="7" radius="3" target="0" min="-90" max="-150">
			<attribute key="areaEffect" value="bubbles"/>
		</attack>
		<attack name="elder bonelord paralyze" interval="2000" chance="10" range="7"/>
	</attacks>
	<defenses armor="15" defense="18">
		<defense name="healing" interval="2000" chance="14" min="30" max="135">
			<attribute key="areaEffect" value="redshimmer"/>
		</defense>
	</defenses>
	<elements>
		<element earthPercent="-10"/>
		<element energyPercent="-25"/>
	</elements>
	<immunities>
		<immunity lifedrain="1"/>
		<immunity fire="1"/>
		<immunity ice="1"/>
		<immunity paralyze="1"/>
		<immunity invisible="1"/>
		<immunity drown="1"/>
	</immunities>
	<voices interval="2000" chance="5">
		<voice sentence="Qua hah tsh!"/>
		<voice sentence="Teech tsha tshul!"/>
		<voice sentence="Quara tsha Fach!"/>
		<voice sentence="Tssssha Quara!"/>
		<voice sentence="Blubber."/>
		<voice sentence="Blup."/>
	</voices>
	<loot>
		<item id="2148" countmax="15" chance="15000"/><!-- gold coin -->
	</loot>
</monster>
