<?xml version="1.0" encoding="utf-8"?>
<monster name="Sulphur Scuttler" namedescription="Sulphur Scuttler" race="venom" experience="900" speed="240" manacost="0">
	<health now="1300" max="1300"/>
	<look type="352" corpse="12527"/>
        <targetchange interval="2000" chance="9"/>
        <strategy attack="100" defense="0"/>
        <flags>
                <flag summonable="0"/>
                <flag attackable="1"/>
                <flag hostile="1"/>
                <flag illusionable="0"/>
                <flag convinceable="0"/>
                <flag pushable="0"/>
                <flag canpushitems="1"/>
                <flag canpushcreatures="0"/>
                <flag targetdistance="1"/>
                <flag staticattack="90"/>
                <flag runonhealth="0"/>
        </flags>
        <attacks>
    		<attack name="melee" interval="2000" skill="116" attack="50" poison="200" />
                <attack name="brimstone bug paralyze" interval="2000" chance="19" range="7"/>
                <attack name="earth" interval="2000" chance="16" radius="7" min="-140" max="-400">
                        <attribute key="areaEffect" value="bigplants"/>
                </attack>
                <attack name="manadrain" interval="2000" chance="16" length="8" spread="0" min="-60" max="-200">
                        <attribute key="areaEffect" value="greenspark"/>
                </attack>
                <attack name="brimstone bug wave" interval="2000" chance="16" min="-60" max="-120"/>
        </attacks>
        <defenses armor="2" defense="3">
		<defense name="healing" interval="2000" chance="11" min="100" max="150">
			<attribute key="areaEffect" value="blackspark"/>
		</defense>
        </defenses>
        <elements>
                <element firePercent="-10"/>
                <element icePercent="-10"/>
                <element holyPercent="-10"/>
                <element energyPercent="-10"/>
                <element physicalPercent="-5"/>
        </elements>
        <immunities>
                <immunity lifedrain="1"/>
                <immunity death="1"/>
                <immunity earth="1"/>
                <immunity invisible="1"/>
        </immunities>
		<voices interval="2000" chance="5">
		<voice sentence="Chrrr!"/>
	</voices>
	<loot>
		<item id="12658" chance="100000" /> <!-- brimstone fangs -->
		<item id="12659" chance="100000" /> <!-- brimstone shell -->
		<item id="11222" chance="75000" /> <!-- lump of earth -->
		<item id="5904" chance="81670" /> <!-- magic sulphur -->
		<item id="2152" countmax="10" chance="100000" /> <!-- platinum coin -->
		<item id="10557" chance="50000" /> <!-- poisonous slime -->
		<item id="2149" countmax="4" chance="65000" /> <!-- small emerald -->
		<item id="7588" chance="75000" /> <!-- strong health potion -->
		<item id="7589" chance="71670" /> <!-- strong mana potion -->
		<item id="11232" chance="96670" /> <!-- sulphurous stone -->
		<item id="2165" chance="46670" /> <!-- stealth ring -->
		<item id="2171" chance="20000" /> <!-- platinum amulet -->
	</loot>
</monster>
