<?xml version="1.0" encoding="UTF-8"?>
<monster name="Tanjis" nameDescription="Tanjis" race="blood" experience="15000" speed="430" manacost="0">
	<health now="30000" max="30000"/>
	<look type="446" corpse="15228"/>
	<targetchange interval="5000" chance="8"/>
	<strategy attack="100" defense="0"/>
	<flags>
		<flag summonable="0"/>
		<flag attackable="1"/>
		<flag hostile="1"/>
		<flag illusionable="0"/>
		<flag convinceable="0"/>
		<flag pushable="0"/>
		<flag canpushitems="1"/>
		<flag canpushcreatures="1"/>
		<flag targetdistance="1"/>
		<flag staticattack="90"/>
		<flag runonhealth="1000"/>
	</flags>
	<attacks>
		<attack name="melee" interval="2000" skill="110" attack="100"/>
		<attack name="tanjis skill reducer" interval="2000" chance="13" range="7"/>
		<attack name="manadrain" interval="2000" chance="15" radius="8" target="0" min="-200" max="-600">
			<attribute key="areaEffect" value="bubbles"/>
		</attack>
		<attack name="manadrain" interval="2000" chance="20" radius="4" target="1" min="-200" max="-600">
			<attribute key="shootEffect" value="poison"/>
			<attribute key="areaEffect" value="carniphila"/>
		</attack>
		<attack name="energy" interval="2000" chance="15" length="8" spread="3" min="-200" max="-500">
			<attribute key="areaEffect" value="purpleenergy"/>
		</attack>
		<attack name="death" interval="2000" chance="15" length="8" spread="0" min="-300" max="-800">
			<attribute key="areaEffect" value="smallclouds"/>
		</attack>
		<attack name="physical" interval="2000" chance="20" radius="1" target="1" min="-0" max="-400">
			<attribute key="shootEffect" value="largerock"/>
			<attribute key="areaEffect" value="explosionarea"/>
		</attack>
		<attack name="ice" interval="2000" chance="20" radius="4" target="1" min="-200" max="-400">
			<attribute key="shootEffect" value="ice"/>
			<attribute key="areaEffect" value="icearea"/>
		</attack>
		<attack name="ice" interval="2000" chance="20" radius="4" target="1" min="-200" max="-500">
			<attribute key="shootEffect" value="smallearth"/>
			<attribute key="areaEffect" value="watersplash"/>
		</attack>
	</attacks>
	<defenses armor="38" defense="55">
		<defense name="healing" interval="2000" chance="45" min="750" max="1250">
			<attribute key="areaEffect" value="blueshimmer"/>
		</defense>
	</defenses>
	<elements>
		<element deathPercent="50"/>
		<element energyPercent="10"/>
		<element physicalPercent="-5"/>
		<element earthPercent="-10"/>
	</elements>
	<immunities>
		<immunity paralyze="1"/>
		<immunity ice="1"/>
		<immunity invisible="1"/>
	</immunities>
	<voices interval="2000" chance="5">
		<voice sentence="JAU QJELL, JAKHN JEH KENH!!" yell="1"/>
	</voices>
	<loot>
		<item id="15413" chance="21340"/><!-- ornate shield -->
		<item id="15414" chance="25900"/><!-- ornate mace -->
		<item id="15409" chance="52760"/><!-- depth ocrea -->
	</loot>
</monster>