<?xml version="1.0" encoding="UTF-8"?>
<monster name="Teneshpar" nameDescription="Teneshpar" race="undead" experience="20000" speed="340" manacost="0">
	<health now="15000" max="15000"/>
	<look type="360" head="20" corpse="12282"/>
  <targetchange interval="5000" chance="0" />
  <strategy attack="100" defense="0" />
  <flags>
    <flag summonable="0" />
    <flag attackable="1" />
    <flag hostile="1" />
    <flag illusionable="0" />
    <flag convinceable="0" />
    <flag pushable="0" />
    <flag canpushitems="1" />
    <flag canpushcreatures="1" />
    <flag targetdistance="1" />
    <flag staticattack="90" />
    <flag runonhealth="350" />
  </flags>
  <attacks>
    <attack name="melee" interval="2000" skill="100" attack="100" poison="700"/>
    <attack name="drunk" interval="2000" chance="15" duration="10000" range="7" radius="6" target="0">
      <attribute key="areaEffect" value="redshimmer" />
    </attack>
    <attack name="ice" interval="2000" chance="8" range="7" radius="6" target="0" min="-150" max="-300">
      <attribute key="areaEffect" value="icearea" />
    </attack>
    <attack name="manadrain" interval="2000" chance="12" range="7" radius="3" target="0" min="-5" max="-80">
      <attribute key="areaEffect" value="yellowbubble" />
    </attack>
    <attack name="death" interval="2000" chance="7" range="7" target="1" min="-245" max="-545">
      <attribute key="areaEffect" value="mortarea" />
      <attribute key="shootEffect" value="suddendeath" />
    </attack>
    <attack name="phantasm drown" interval="2000" chance="20"/>
  </attacks>
  <defenses armor="25" defense="20">
    <defense name="invisible" interval="2000" chance="15" duration="5000">
     <attribute key="areaEffect" value="poff" />
    </defense>
    <defense name="healing" interval="2000" chance="20" min="225" max="450">
      	<attribute key="areaEffect" value="blueshimmer" />
    </defense>
	<defense name="speed" interval="2000" chance="9" speedchange="600" duration="10000">
	<attribute key="areaEffect" value="redshimmer"/>
	</defense>
  </defenses>
  <elements>
    <element icePercent="20" />
    <element earthPercent="20" />
    <element holyPercent="-10" />
    <element firePercent="-10" />
    <element energyPercent="-10" />
  </elements>
  <immunities>
    <immunity physical="1" />
    <immunity death="1" />
    <immunity lifedrain="1" />
    <immunity invisible="1" />
    <immunity paralyze="1" />
    <immunity drunk="1" />
  </immunities>
	<voices interval="2000" chance="5">
		<voice sentence="If you knew what I do you would not fight me."/>
		<voice sentence="Some knowledge should never be taught."/>
	</voices>
</monster>
