<?xml version="1.0" encoding="UTF-8"?>
<monster name="The Evil Eye" nameDescription="The Evil Eye" race="blood" experience="750" speed="190" manacost="0">
	<health now="1200" max="1200"/>
	<look type="210" corpse="6037"/>
	<targetchange interval="2000" chance="30"/>
	<strategy attack="100" defense="0"/>
	<flags>
		<flag summonable="0"/>
		<flag attackable="1"/>
		<flag hostile="1"/>
		<flag illusionable="0"/>
		<flag convinceable="0"/>
		<flag pushable="0"/>
		<flag canpushitems="1"/>
		<flag canpushcreatures="0"/>
		<flag targetdistance="4"/>
		<flag staticattack="90"/>
		<flag runonhealth="0"/>
	</flags>
	<attacks>
		<attack name="melee" interval="2000" skill="65" attack="24"/>
		<attack name="energy" interval="2000" chance="14" range="7" min="-60" max="-130">
			<attribute key="shootEffect" value="energy"/>
		</attack>
		<attack name="fire" interval="2000" chance="13" range="7" min="-85" max="-115">
			<attribute key="shootEffect" value="fire"/>
		</attack>
		<attack name="death" interval="2000" chance="17" range="7" min="-135" max="-175">
			<attribute key="shootEffect" value="death"/>
			<attribute key="areaEffect" value="mortarea"/>
		</attack>
		<attack name="poison" interval="2000" chance="14" range="7" min="-40" max="-120">
			<attribute key="shootEffect" value="poison"/>
		</attack>
		<attack name="lifedrain" interval="2000" chance="11" range="7" min="-110" max="-130">
			<attribute key="areaEffect" value="redshimmer"/>
		</attack>
		<attack name="elder bonelord paralyze" interval="2000" chance="10" range="7"/>
		<attack name="poison" interval="2000" chance="8" length="8" spread="3" min="-35" max="-250">
			<attribute key="areaEffect" value="greenbubble"/>
		</attack>
		<attack name="lifedrain" interval="2000" chance="6" length="8" spread="3" min="-75" max="-210">
			<attribute key="areaEffect" value="redshimmer"/>
		</attack>
		<attack name="manadrain" interval="2000" chance="8" length="8" spread="3" min="-150" max="-250">
			<attribute key="areaEffect" value="bluebubble"/>
		</attack>
	</attacks>
	<defenses armor="19" defense="35">
		<defense name="healing" interval="2000" chance="8" min="50" max="220">
			<attribute key="areaEffect" value="blueshimmer"/>
		</defense>
	</defenses>
	<elements>
		<element holyPercent="-20"/>
	</elements>
	<immunities>
		<immunity invisible="1"/>
		<immunity earth="1"/>
		<immunity paralyze="1"/>
	</immunities>
	<summons maxSummons="6">
		<summon name="demon skeleton" interval="2000" chance="13" max="6"/>
		<summon name="ghost" interval="2000" chance="11" max="6"/>
	</summons>
	<voices interval="2000" chance="5">
		<voice sentence="Inferior creatures, bow before my power!"/>
		<voice sentence="653768764!"/>
		<voice sentence="Let me take a look at you!"/>
		<voice sentence="659978 54764!"/>
	</voices>
	<loot>
		<item id="5898" countmax="1" chance="100000"/><!-- bonelord eye -->
		<item id="2148" countmax="203" chance="100000"/><!-- gold coin -->
		<item id="7590" chance="16670"/><!-- great mana potion -->
		<item id="12468" chance="100000"/><!-- small flask of eyedrops -->
		<item id="2394" chance="61110"/><!-- morning star -->
		<item id="2509" chance="44440"/><!-- steel shield -->
		<item id="2377" chance="33330"/><!-- two handed sword -->
		<item id="2397" chance="16670"/><!-- lognsword -->
		<item id="7884" chance="5560"/><!-- terra mantle -->
		<item id="3972" chance="2000"/><!-- bonelord helmet -->
		<item id="2518" chance="11110"/><!-- bonelord shield -->
		<item id="2175" chance="5000"/><!-- spellbook -->
	</loot>
</monster>