<?xml version="1.0" encoding="UTF-8"?>
<monster name="The Plasmother" nameDescription="The Plasmother" race="venom" experience="12000" speed="200" manacost="0">
	<health now="8000" max="8000"/>
	<look type="238" corpse="6532"/>
  	<targetchange interval="2000" chance="15" />
  	<strategy attack="100" defense="0" />
  	<flags>
    		<flag summonable="0" />
    		<flag attackable="1" />
    		<flag hostile="1" />
    		<flag illusionable="0" />
    		<flag convinceable="0" />
    		<flag pushable="1" />
    		<flag canpushitems="1" />
    		<flag canpushcreatures="1" />
    		<flag staticattack="90"/>
    		<flag targetdistance="1" />
    		<flag runonhealth="420" />
  	</flags>
  	<attacks>
    		<attack name="melee" interval="2000" skill="90" attack="80" poison="800" />
    		<attack name="defiler paralyze 1" interval="2000" chance="10"/>
    		<attack name="defiler paralyze 2" interval="2000" chance="8"/>
    		<attack name="poisoncondition" interval="2000" chance="11" radius="8" target="0" min="-500" max="-800">
      			<attribute key="areaEffect" value="greenspark" />
    		</attack>
    		<attack name="earth" interval="2000" chance="12" radius="3" target="0" min="-220" max="-370">
      			<attribute key="areaEffect" value="poison" />
    		</attack>
    		<attack name="death" interval="2000" chance="10" radius="8" target="0" min="-50" max="-300">
      			<attribute key="areaEffect" value="greenspark" />
    		</attack>
    		<attack name="death" interval="2000" chance="7" range="7" target="1" min="-300" max="-650">
      			<attribute key="areaEffect" value="greenbubble" />
      			<attribute key="shootEffect" value="poison" />
    		</attack>
  	</attacks>
  	<defenses armor="20" defense="25">
    		<defense name="healing" interval="2000" chance="30" min="480" max="630">
      			<attribute key="areaEffect" value="greenshimmer" />
    		</defense>
  	</defenses>
  	<elements>
    		<element energyPercent="10" />
    		<element deathPercent="-10" />
    		<element physicalPercent="10" />
    		<element holyPercent="-15" />
  	</elements>
  	<immunities>
    		<immunity earth="1" />
    		<immunity paralyze="1" />
    		<immunity invisible="1" />
    		<immunity drunk="1" />
    		<immunity outfit="1" />
  	</immunities>
  	<summons maxSummons="2">
    		<summon name="Defiler" interval="2000" chance="10" max="2" />
  	</summons>
	<voices interval="2000" chance="5">
		<voice sentence="Blubb"/>
		<voice sentence="Blubb Blubb"/>
		<voice sentence="Blubberdiblubb"/>
	</voices>
	<loot>
		<item id="2144" countmax="3" chance="11110"/><!-- black pearl -->
		<item id="6500" chance="55560"/><!-- demonic essence -->
		<item id="2148" countmax="180" chance="100000"/><!-- gold coins -->
		<item id="6535" chance="100000"/><!-- the Plasmother's remains -->
		<item id="2152" countmax="20" chance="77780"/><!-- platinum coin -->
		<item id="2146" countmax="5" chance="44440"/><!-- small sapphire -->
		<item id="2150" countmax="5" chance="33330"/><!-- small amethyst -->
		<item id="2149" countmax="5" chance="11110"/><!-- small emeralds -->
		<item id="2147" countmax="5" chance="9000"/><!-- small rubies -->
		<item id="5944" chance="11110"/><!-- soul orb -->
	</loot>
</monster>
