<?xml version="1.0" encoding="UTF-8"?>
<monster name="The Old Whopper" nameDescription="The Old Whopper" race="blood" experience="750" speed="204" manacost="0">
	<health now="785" max="785"/>
	<look type="277" corpse="7740"/>
	<targetchange interval="2000" chance="5"/>
	<strategy attack="70" defense="0"/>
	<flags>
		<flag summonable="0"/>
		<flag attackable="1"/>
		<flag hostile="1"/>
		<flag illusionable="0"/>
		<flag convinceable="0"/>
		<flag pushable="0"/>
		<flag canpushitems="1"/>
		<flag staticattack="90"/>
		<flag canpushcreatures="1"/>
		<flag targetdistance="1"/>
		<flag runonhealth="0"/>
	</flags>
	<attacks>
		<attack name="melee" interval="2000" skill="70" attack="50"/>
		<attack name="physical" interval="2000" chance="11" range="7" min="-0" max="-100">
			<attribute key="shootEffect" value="whirlwindclub"/>
		</attack>
		<attack name="drunk" interval="2000" chance="12" range="7" target="1" duration="3000">
			<attribute key="areaEffect" value="stun"/>
			<attribute key="shootEffect" value="whirlwindclub"/>
		</attack>
	</attacks>
	<defenses armor="17" defense="24">
		<defense name="speed" interval="2000" chance="9" speedchange="315" duration="5000">
			<attribute key="areaEffect" value="redshimmer"/>
		</defense>
    		<defense name="healing" interval="2000" chance="20" min="25" max="60">
      			<attribute key="areaEffect" value="blueshimmer" />
    		</defense>
	</defenses>
	<elements>
		<element energyPercent="20"/>
		<element firePercent="10"/>
		<element holyPercent="10"/>
		<element earthPercent="-10"/>
		<element deathPercent="-5"/>
	</elements>
	<immunities>
		<immunity invisible="1"/>
	</immunities>
	<voices interval="2000" chance="5">
		<voice sentence="Han oydar hot auden oydar"/>
	</voices>
	<loot>
		<item id="7398" chance="50000"/><!-- cyclops trophy -->
		<item id="2209" chance="900"/><!-- club ring -->
		<item id="2490" chance="2200"/><!-- dark helmet -->
		<item id="10574" chance="100000"/><!-- cyclops toe -->
		<item id="2148" countmax="106" chance="82910"/><!-- gold coin -->
		<item id="7588" chance="3900"/><!-- strong health potion -->
		<item id="2666" countmax="1" chance="49950"/><!-- meat -->
		<item id="2513" chance="61900"/><!-- battle shield -->
		<item id="2417" chance="52100"/><!-- battle hammer -->
		<item id="2510" chance="19900"/><!-- plate shield -->
		<item id="2378" chance="54500"/><!-- battle axe -->
		<item id="2442" chance="20600"/><!-- heavy machete -->
		<item id="2387" chance="8900"/><!-- double axe -->
		<item id="7452" chance="1500"/><!-- spiked squelcher -->
	</loot>
</monster>
