<?xml version="1.0" encoding="UTF-8"?>
<monster name="The Noxious Spawn" nameDescription="The Noxious Spawn" race="blood" experience="6000" speed="234" manacost="0">
	<health now="9500" max="9500"/>
	<look type="220" corpse="4323"/>
	<targetchange interval="5000" chance="8"/>
	<strategy attack="100" defense="0"/>
	<flags>
		<flag summonable="0"/>
		<flag attackable="1"/>
		<flag hostile="1"/>
		<flag illusionable="0"/>
		<flag convinceable="0"/>
		<flag pushable="0"/>
		<flag canpushitems="1"/>
		<flag canpushcreatures="1"/>
		<flag targetdistance="1"/>
		<flag staticattack="90"/>
		<flag runonhealth="700"/>
	</flags>
	<attacks>
		<attack name="melee" interval="2000" skill="50" attack="100"/>
		<attack name="serpent spawn paralyze" interval="2000" chance="15" range="7"/>
		<attack name="earth" interval="2000" chance="9" length="8" spread="3" min="-65" max="-550">
			<attribute key="areaEffect" value="poison"/>
		</attack>
		<attack name="lifedrain" interval="2000" chance="10" length="8" spread="0" min="-100" max="-550">
			<attribute key="areaEffect" value="rednote"/>
		</attack>
		<attack name="poison" interval="2000" chance="12" range="7" min="-105" max="-295">
			<attribute key="shootEffect" value="poison"/>
			<attribute key="areaEffect" value="greenbubble"/>
		</attack>
		<attack name="outfit" interval="2000" chance="7" range="7" item="3976" duration="4000">
			<attribute key="areaEffect" value="blueshimmer"/>
		</attack>
	</attacks>
	<defenses armor="18" defense="25">
		<defense name="healing" interval="2000" chance="35" min="300" max="400">
			<attribute key="areaEffect" value="blueshimmer"/>
		</defense>
		<defense name="speed" interval="2000" chance="6" speedchange="382" duration="7000">
			<attribute key="areaEffect" value="redshimmer"/>
		</defense>
	</defenses>
	<elements>
		<element icePercent="20"/>
		<element firePercent="-10"/>
		<element energyPercent="-10"/>
	</elements>
	<immunities>
		<immunity paralyze="1"/>
		<immunity invisible="1"/>
		<immunity earth="1"/>
	</immunities>
	<voices interval="2000" chance="5">
		<voice sentence="Sssssouls for the one"/>
		<voice sentence="HISSSS" yell="1"/>
		<voice sentence="Tsssse one will risssse again"/>
		<voice sentence="I bring your deathhh, mortalssss"/>
	</voices>
	<loot>
		<item id="7368" countmax="100" chance="28000" /><!-- assassin star -->
		<item id="2487" chance="30000" /><!-- crown armor -->
		<item id="2033" chance="36000" /><!-- golden mug -->
		<item id="7590" countmax="4" chance="72000" /><!-- great mana potion -->
		<item id="2796" chance="18000" /><!-- green mushroom -->
		<item id="2168" chance="14000" /><!-- life ring -->
		<item id="7386" chance="44000" /><!-- mercenary sword -->
		<item id="7456" chance="40000" /><!-- noble axe -->
		<item id="2152" countmax="5" chance="80000" /><!-- platinum coin -->
		<item id="2498" chance="4000" /><!-- royal helmet -->
		<item id="10310" chance="46000" /><!-- claw of 'The Noxious Spawn' -->
		<item id="2149" countmax="5" chance="70000" /><!-- small emerald -->
		<item id="10611" chance="100000" /><!-- snake skin -->
		<item id="8902" chance="14000" /><!-- spellbook of mind control -->
		<item id="2528" chance="44000" /><!-- tower shield -->
		<item id="8880" chance="2000" /><!-- swamplair armor -->
		<item id="11230" chance="100000" /><!-- winged tail -->
	</loot>
</monster>
