<?xml version="1.0" encoding="UTF-8"?>
<monster name="The Handmaiden" nameDescription="The Handmaiden" race="blood" experience="7500" speed="320" manacost="0">
	<health now="14500" max="14500"/>
	<look type="230" corpse="6312"/>
  <targetchange interval="5000" chance="8" />
  <strategy attack="100" defense="0" />
  <flags>
    <flag summonable="0" />
    <flag attackable="1" />
    <flag hostile="1" />
    <flag illusionable="0" />
    <flag convinceable="0" />
    <flag pushable="0" />
    <flag canpushitems="1" />
    <flag canpushcreatures="1" />
    <flag targetdistance="1" />
    <flag staticattack="90" />
    <flag runonhealth="3250" />
  </flags>
  <attacks>
    <attack name="melee" interval="2000" skill="150" attack="100" poison="600" />
    <attack name="manadrain" interval="2000" chance="13" target="1" range="1" min="-245" max="-1350">
      <attribute key="areaEffect" value="mortarea" />
      <attribute key="shootEffect" value="death" />
    </attack>
    <attack name="death" interval="2000" chance="10" target="1" range="1" min="-150" max="-1270">
      <attribute key="shootEffect" value="death" />
      <attribute key="areaEffect" value="smallclouds" />
    </attack>
    <attack name="drunk" interval="2000" chance="10" target="0" radius="5" duration="15000">
      <attribute key="areaEffect" value="smallclouds" />
    </attack>
  </attacks>
  <defenses armor="25" defense="35">
    <defense name="healing" interval="2000" chance="42" min="255" max="715">
      <attribute key="areaEffect" value="blueshimmer" />
    </defense>
    <defense name="speed" interval="2000" chance="9" speedchange="1280" duration="4000">
      <attribute key="areaEffect" value="redshimmer" />
    </defense>
    <defense name="invisible" interval="2000" chance="11" duration="6000">
      <attribute key="areaEffect" value="poff" />
    </defense>
  </defenses>
  <elements>
    <element icePercent="15" />
    <element holyPercent="-10" />
    <element energyPercent="15" />
  </elements>
  <immunities>
    <immunity physical="0" />
    <immunity fire="1" />
    <immunity poison="1" />
    <immunity lifedrain="1" />
    <immunity paralyze="1" />
    <immunity outfit="1" />
    <immunity drunk="1" />
    <immunity invisible="1" />
  </immunities>
	<loot>
		<item id="2231" chance="27270"/><!-- big bone -->
		<item id="6500" chance="100000"/><!-- demonic essence -->
		<item id="2148" countmax="184" chance="100000"/><!-- gold coin -->
		<item id="6539" chance="100000"/><!-- Handmaiden's protector -->
		<item id="2152" countmax="5" chance="54550"/><!-- platinum coin -->
		<item id="5944" chance="100000"/><!-- soul orb -->
		<item id="2656" chance="9090"/><!-- blue robe -->
		<item id="6300" chance="18180"/><!-- death ring -->
		<item id="2167" chance="9090"/><!-- energy ring -->
		<item id="2166" chance="9090"/><!-- power ring -->
		<item id="2165" chance="9090"/><!-- stealth ring -->
		<item id="2521" chance="9090"/><!-- dark shield -->
		<item id="2645" chance="36360"/><!-- steel boots -->
		<item id="2225" chance="72730"/><!-- piece of iron -->
	</loot>
</monster>
