<?xml version="1.0" encoding="UTF-8"?>
<monster name="The Bloodweb" nameDescription="The Bloodweb" race="undead" experience="1450" speed="230" manacost="0">
	<health now="1750" max="1750"/>
	<look type="263" corpse="7344"/>
  <targetchange speed="5000" chance="50" />
  <strategy attack="100" defense="0" />
  <flags>
    <flag summonable="0" />
    <flag attackable="1" />
    <flag hostile="1" />
    <flag illusionable="0" />
    <flag convinceable="0" />
    <flag pushable="0" />
    <flag canpushitems="1" />
    <flag staticattack="90" />
    <flag lightlevel="0" />
    <flag lightcolor="0" />
    <flag targetdistance="1" />
    <flag runonhealth="0" />
  </flags>
  <attacks>
    <attack name="melee" interval="2000" skill="60" attack="80" poison="175" />
    <attack name="crystal spider paralyze 1" interval="2000" chance="14"/>
    <attack name="crystal spider paralyze 2" interval="2000" chance="12"/>
    <attack name="ice" interval="2000" chance="7" range="7" target="1" min="-50" max="-210">
      <attribute key="shootEffect" value="ice" />
      <attribute key="areaEffect" value="icearea" />
    </attack>
  </attacks>
  <defenses armor="32" defense="30">
    <defense name="speed" interval="2000" chance="8" speedchange="350" duration="15000">
      <attribute key="areaEffect" value="redshimmer" />
    </defense>
  </defenses>
  <elements>
    <element earthPercent="20" />
    <element energyPercent="-20" />
  </elements>
  <immunities>
    <immunity fire="1" />
    <immunity ice="1" />
    <immunity paralyze="1" />
    <immunity invisible="1" />
  </immunities>

	<voices interval="2000" chance="5">
		<voice sentence="Screeech!"/>
	</voices>
	<loot>
		<item id="7896" chance="27470"/><!-- glacier kilt -->
		<item id="7441" chance="98900"/><!-- ice cube -->
		<item id="5801" chance="6590"/><!-- jewelled backpack -->
		<item id="2477" chance="5490"/><!-- knight legs -->
		<item id="2152" countmax="9" chance="100000"/><!-- platinum coin -->
		<item id="7437" chance="12090"/><!-- sapphire hammer -->
		<item id="5879" chance="69230"/><!-- spider silk-->
		<item id="7589" chance="69230"/><!-- strong mana potion -->
		<item id="7290" chance="2200"/><!-- shard -->
		<item id="11306" chance="19780"/><!-- sai -->
		<item id="2169" chance="2200"/><!-- time ring -->
		<item id="7902" chance="26370"/><!-- glacier mask -->
		<item id="2476" chance="9890"/><!-- knight armor -->
	</loot>
</monster>
