<?xml version="1.0" encoding="UTF-8"?>
<monster name="The Many" nameDescription="The Many" race="blood" experience="4000" speed="206" manacost="0">
	<health now="5000" max="5000"/>
	<look type="121" corpse="6048"/>
	<targetchange interval="5000" chance="8"/>
	<strategy attack="100" defense="0"/>
	<flags>
		<flag summonable="0"/>
		<flag attackable="1"/>
		<flag hostile="1"/>
		<flag illusionable="1"/>
		<flag convinceable="0"/>
		<flag pushable="0"/>
		<flag canpushitems="1"/>
		<flag canpushcreatures="1"/>
		<flag targetdistance="1"/>
		<flag staticattack="90"/>
		<flag runonhealth="300"/>
	</flags>
	<attacks>
		<attack name="melee" interval="2000" skill="80" attack="60"/>
		<attack name="earth" interval="2000" chance="7" length="8" spread="3" min="-65" max="-320">
			<attribute key="areaEffect" value="carniphila"/>
		</attack>
		<attack name="serpent spawn paralyze" interval="2000" chance="8" range="7"/>
		<attack name="ice" interval="2000" chance="9" length="8" spread="3" min="-100" max="-250">
			<attribute key="areaEffect" value="bluebubble"/>
		</attack>
		<attack name="ice" interval="2000" chance="10" range="7" target="1" min="-100" max="-225">
			<attribute key="shootEffect" value="poison"/>
			<attribute key="areaEffect" value="greenbubble"/>
		</attack> 
	</attacks>
	<defenses armor="25" defense="35">
		<defense name="healing" interval="2000" chance="50" min="290" max="395">
			<attribute key="areaEffect" value="blueshimmer"/>
		</defense>
	</defenses>
	<elements>
		<element icePercent="50"/>
		<element holyPercent="30"/>
		<element physicalPercent="-5"/>
		<element energyPercent="-10"/>
	</elements>
	<immunities>
		<immunity lifedrain="1"/>
		<immunity paralyze="1"/>
		<immunity invisible="1"/>
		<immunity earth="1"/>
	</immunities>
	<voices interval="2000" chance="5">
		<voice sentence="FCHHHHH"/>
		<voice sentence="HISSSS"/>
	</voices>
	<loot>
		<item id="9971" countmax="3" chance="64310" /> <!-- gold ingot -->
		<item id="2536" chance="52650" /> <!-- medusa shield -->
		<item id="10219" chance="82330" /> <!-- sacred tree amulet -->
		<item id="2146" countmax="5" chance="75970" /> <!-- small sapphire -->
		<item id="7589" countmax="5" chance="83390" /> <!-- strong mana potion -->
		<item id="10523" chance="36400" /> <!-- egg of the Many -->
		<item id="2197" chance="89050" /> <!-- stone skin amulet -->
		<item id="2476" chance="10950" /> <!-- knight armor -->
		<item id="2498" chance="20140" /> <!-- royal helmet -->
		<item id="2475" chance="79860" /> <!-- warrior helmet -->
	</loot>
</monster>
