<?xml version="1.0" encoding="UTF-8"?>
<monster name="The Bloodtusk" nameDescription="The Bloodtusk" race="blood" experience="300" speed="190" manacost="0">
	<health now="600" max="600"/>
	<look type="199" corpse="6074"/>
	<targetchange interval="5000" chance="8"/>
	<strategy attack="100" defense="0"/>
	<flags>
		<flag summonable="0"/>
		<flag attackable="1"/>
		<flag hostile="1"/>
		<flag illusionable="0"/>
		<flag convinceable="0"/>
		<flag pushable="1"/>
		<flag canpushitems="1"/>
		<flag canpushcreatures="0"/>
		<flag staticattack="90"/>
		<flag targetdistance="1"/>
		<flag runonhealth="0"/>
	</flags>
	<attacks>
		<attack name="melee" interval="2000" skill="50" attack="40"/>
	</attacks>
	<defenses armor="40" defense="57"/>
	<elements>
		<element earthPercent="15"/>
		<element icePercent="-10"/>
		<element firePercent="-10"/>
	</elements>
	<immunities>
		<immunity paralyze="1"/>
		<immunity invisible="1"/>
	</immunities>
	<voices interval="2000" chance="5">
		<voice sentence="Troooooot!" yell="1"/>
	</voices>
	<loot>
		<item id="7432" chance="64100" /> <!-- furry club -->
		<item id="2148" countmax="100" chance="100000" /> <!-- gold coin -->
		<item id="7463" chance="20510" /> <!-- mammoth fur cape -->
		<item id="11238" countmax="2" chance="100000" /> <!-- mammoth tusk -->
		<item id="2152" countmax="5" chance="100000" /> <!-- platinum coin -->
		<item id="3973" chance="56410" /> <!-- tusk shield -->
		<item id="8614" countmax="4" chance="43590" /> <!-- tusk -->
		<item id="5911" chance="56410" /> <!-- red piece of cloth -->
	</loot>
</monster>
