<?xml version="1.0" encoding="UTF-8"?>
<monster name="The Keeper" nameDescription="The Keeper" race="venom" experience="3205" speed="234" manacost="0">
	<health now="40000" max="40000"/>
	<look type="220" corpse="12316"/>
	<targetchange interval="2000" chance="8"/>
	<strategy attack="100" defense="0"/>
	<flags>
		<flag summonable="0"/>
		<flag attackable="1"/>
		<flag hostile="1"/>
		<flag illusionable="0"/>
		<flag convinceable="0"/>
		<flag pushable="0"/>
		<flag canpushitems="1"/>
		<flag canpushcreatures="1"/>
		<flag targetdistance="1"/>
		<flag staticattack="90"/>
		<flag runonhealth="275"/>
	</flags>
	<attacks>
		<attack name="melee" interval="2000" skill="40" attack="100"/>
		<attack name="poison" interval="2000" chance="21" range="7" min="-100" max="-350">
			<attribute key="shootEffect" value="poison"/>
			<attribute key="areaEffect" value="greenspark"/>
		</attack>
		<attack name="serpent spawn paralyze" interval="2000" chance="20" range="7"/>
		<attack name="lifedrain" interval="2000" chance="15" length="8" spread="0" min="-150" max="-500">
			<attribute key="areaEffect" value="rednote"/>
		</attack>
		<attack name="poison" interval="2000" chance="17" length="8" spread="3" min="-50" max="-510">
			<attribute key="areaEffect" value="poison"/>
		</attack>
		<attack name="outfit" interval="2000" chance="15" range="7" item="3976" duration="12000">
			<attribute key="areaEffect" value="blueshimmer"/>
		</attack>
	</attacks>
	<defenses armor="18" defense="25">
		<defense name="healing" interval="2000" chance="17" min="300" max="450">
			<attribute key="areaEffect" value="blueshimmer"/>
		</defense>
		<defense name="speed" interval="2000" chance="9" speedchange="380" duration="5000">
			<attribute key="areaEffect" value="redshimmer"/>
		</defense>
	</defenses>
	<elements>
		<element icePercent="20"/>
		<element deathPercent="50"/>
		<element firePercent="-10"/>
		<element energyPercent="-10"/>
	</elements>
	<immunities>
		<immunity paralyze="1"/>
		<immunity earth="1"/>
		<immunity invisible="1"/>
	</immunities>
	<voices interval="2000" chance="5">
		<voice sentence="I will tear you from my zzzoil like a weed"/>
		<voice sentence="You shall tangle in my offzzzpring ezzzcaped growzzzh!"/>
		<voice sentence="You are mere zzzeed for my fieldzzz"/>
	</voices>
</monster>
