<?xml version="1.0" encoding="UTF-8"?>
<monster name="The Voice Of Ruin" nameDescription="The Voice Of Ruin" race="blood" experience="3500" speed="292" manacost="0">
	<health now="5500" max="5500"/>
	<look type="344" corpse="11288"/>
  	<targetchange interval="5000" chance="8" />
  	<strategy attack="100" defense="0" />
  	<flags>
    		<flag summonable="0" />
    		<flag attackable="1" />
    		<flag hostile="1" />
    		<flag illusionable="0" />
    		<flag convinceable="0" />
    		<flag pushable="0" />
    		<flag canpushitems="1" />
    		<flag canpushcreatures="0" />
    		<flag targetdistance="1" />
    		<flag staticattack="90" />
    		<flag runonhealth="0" />
  	</flags>
  	<attacks>
   		<attack name="melee" interval="2000" skill="160" attack="50" />
    		<attack name="poison" interval="2000" chance="10" length="7" spread="0" min="-90" max="-180">
      			<attribute key="areaEffect" value="greenbubble" />
    		</attack>
		<attack name="the voice of ruin paralyze" interval="2000" chance="15"/>
    		<attack name="poisoncondition" interval="2000" chance="15" length="3" spread="2" min="-160" max="-240">
      			<attribute key="areaEffect" value="poison" />
    		</attack>
    		<attack name="poison" interval="2000" chance="12" radius="3" target="0" min="-190" max="-350">
      			<attribute key="areaEffect" value="greenspark" />
    		</attack>
  	</attacks>
  	<defenses armor="25" defense="25">
    		<defense name="healing" interval="2000" chance="9" min="150" max="300">
      		<attribute key="areaEffect" value="greenbubble" />
    	</defense>
    		<defense name="healing" interval="2000" chance="26" min="15" max="100">
      		<attribute key="areaEffect" value="greenbubble" />
    	</defense>
  	</defenses>
  	<elements>
    		<element firePercent="10" />
    		<element energyPercent="20" />
    		<element icePercent="10" />
  	</elements>
  	<immunities>
    		<immunity earth="1" />
    		<immunity invisible="1" />
  	</immunities>
	<voices interval="2000" chance="5">
		<voice sentence="Grzzzzzzz!"/>
		<voice sentence="Kzzzzzzz!"/>
		<voice sentence="Garrrblarrrrzzzz!"/>
	</voices>
	<loot>
		<item id="11327" chance="5870" /><!-- cursed shoulder spikes -->
		<item id="11326" chance="100000" /><!-- corrupted flag -->
		<item id="2148" countmax="235" chance="97500" /><!-- gold coin -->
		<item id="7591" countmax="3" chance="68900" /><!-- great health potion -->
		<item id="2152" countmax="5" chance="29100" /><!-- platinum coin -->
		<item id="5876" chance="20600" /><!-- lizard leather -->
		<item id="5881" countmax="1" chance="9800" /><!-- lizard scale -->
		<item id="12629" chance="28900" /><!-- scale of corruption -->
		<item id="11325" chance="100000" /><!-- spiked iron ball -->
		<item id="2145" countmax="5" chance="25000" /><!-- small diamond -->
		<item id="11303" chance="8100" /><!-- zaoan shoes -->
		<item id="9971" chance="20000" /><!-- gold ingot -->
		<item id="11301" chance="9800"/> <!-- zaoan armor -->
		<item id="11302" chance="1400"/> <!-- zaoan helmet -->
		<item id="11304" chance="9400"/> <!-- zaoan legs -->
		<item id="2528" chance="10900" /><!-- tower shield -->
	</loot>
</monster>