<?xml version="1.0" encoding="UTF-8"?>
<monster name="The Frog Prince" nameDescription="The Frog Prince" race="venom" experience="1" speed="320" manacost="0">
	<health now="55" max="55"/>
	<look type="224" head="69" body="66" legs="69" feet="66" corpse="6079"/>
	<targetchange interval="5000" chance="20"/>
	<strategy attack="100" defense="0"/>
	<flags>
		<flag summonable="0"/>
		<flag attackable="1"/>
		<flag hostile="1"/>
		<flag illusionable="0"/>
		<flag convinceable="0"/>
		<flag pushable="1"/>
		<flag canpushitems="0"/>
		<flag canpushcreatures="0"/>
		<flag staticattack="90"/>
		<flag targetdistance="1"/>
		<flag runonhealth="0"/>
	</flags>
	<attacks>
		<attack name="melee" interval="2000" skill="10" attack="2"/>
	</attacks>
	<defenses armor="3" defense="2"/>
	<voices interval="2000" chance="5">
		<voice sentence="Ribbit!"/>
		<voice sentence="Don't kill me!!"/>
		<voice sentence="Ribbit! Ribbit!"/>
	</voices>
</monster>