<?xml version="1.0" encoding="UTF-8"?>
<monster name="The Collector" nameDescription="The Collector" race="undead" experience="100" speed="190" manacost="0">
	<health now="340" max="340"/>
	<look type="261" corpse="10612"/>
	<targetchange interval="2000" chance="5"/>
	<strategy attack="100" defense="0"/>
	<flags>
		<flag summonable="0"/>
		<flag attackable="1"/>
		<flag hostile="1"/>
		<flag illusionable="0"/>
		<flag convinceable="0"/>
		<flag pushable="0"/>
		<flag canpushitems="1"/>
		<flag staticattack="90"/>
		<flag lightlevel="0"/>
		<flag lightcolor="0"/>
		<flag targetdistance="1"/>
		<flag runonhealth="25"/>
	</flags>
	<attacks>
		<attack name="melee" interval="2000" skill="15" attack="40"/>
	</attacks>
	<defenses armor="25" defense="26"/>
	<immunities>
		<immunity ice="1"/>
		<immunity invisible="1"/>
		<immunity paralyze="1"/>
		<immunity drunk="1"/>
	</immunities>
	<voices interval="2000" chance="5">
		<voice sentence="Leave as long as you can."/>
	</voices>
</monster>
