<?xml version="1.0" encoding="UTF-8"?>
<monster name="The Count" nameDescription="The Count" race="undead" experience="450" speed="370" manacost="0">
	<health now="1250" max="1250"/>
	<look type="287" corpse="8937"/>
	<targetchange interval="5000" chance="10"/>
	<strategy attack="100" defense="0"/>
	<flags>
		<flag summonable="0"/>
		<flag attackable="1"/>
		<flag hostile="1"/>
		<flag illusionable="0"/>
		<flag convinceable="0"/>
		<flag pushable="0"/>
		<flag canpushitems="1"/>
		<flag canpushcreatures="1"/>
		<flag targetdistance="1"/>
		<flag staticattack="90"/>
		<flag runonhealth="0"/>
	</flags>
	<attacks>
		<attack name="melee" interval="2000" skill="95" attack="80"/>
		<attack name="lifedrain" interval="2000" chance="9" target="1" radius="1" min="-100" max="-250">
			<attribute key="shootEffect" value="death"/>
			<attribute key="areaEffect" value="redshimmer"/>
		</attack>
		<attack name="lifedrain" interval="2000" chance="9" target="0" radius="4" min="-100" max="-300">
			<attribute key="areaEffect" value="smallclouds"/>
		</attack>
	</attacks>
	<defenses armor="30" defense="30">
		<defense name="healing" interval="2000" chance="25" min="100" max="195">
			<attribute key="areaEffect" value="blueshimmer"/>
		</defense>
		<defense name="invisible" interval="2000" chance="13" duration="6000">
			<attribute key="areaEffect" value="blueshimmer"/>
		</defense>
		<defense name="outfit" interval="2000" chance="6" monster="bat" duration="6000">
			<attribute key="areaEffect" value="blueshimmer"/>
		</defense>
	</defenses>
	<elements>
		<element physicalPercent="60"/>
		<element holyPercent="-20"/>
	</elements>
	<immunities>
		<immunity lifedrain="1"/>
        	<immunity poison="1"/>
		<immunity death="1"/>
		<immunity invisible="1"/>
	</immunities>
		<summons maxSummons="1">
		<summon name="Banshee" interval="2000" chance="10"/>
	</summons>
	<loot>
		<item id="2148" countmax="98" chance="62000"/><!-- gold coin -->
		<item id="8752" chance="100000"/><!-- the ring of the count -->
		<item id="2391" chance="2300"/><!-- war hammer -->
		<item id="2229" chance="15000"/><!-- skull -->
		<item id="2534" chance="500"/><!-- vampire shield -->
	</loot>
</monster>
