<?xml version="1.0" encoding="UTF-8"?>
<monster name="The Blightfather" nameDescription="The Blightfather" race="venom" experience="600" speed="266" manacost="0">
	<health now="400" max="400"/>
	<look type="348" corpse="11375"/>
	<targetchange interval="5000" chance="12"/>
	<strategy attack="100" defense="0"/>
	<flags>
		<flag summonable="0"/>
		<flag attackable="1"/>
		<flag hostile="1"/>
		<flag illusionable="0"/>
		<flag convinceable="0"/>
		<flag pushable="0"/>
		<flag canpushitems="1"/>
		<flag canpushcreatures="1"/>
		<flag targetdistance="1"/>
		<flag staticattack="90"/>
		<flag runonhealth="30"/>
	</flags>
	<attacks>
		<attack name="melee" interval="2000" skill="90" attack="30" poison="60"/>
		<attack name="lifedrain" interval="2000" chance="15" length="8" spread="0" min="-40" max="-155">
			<attribute key="areaEffect" value="greenspark"/>
		</attack>
		<attack name="poisonfield" interval="2000" chance="10" radius="4" target="0">
			<attribute key="areaEffect" value="greenbubble"/>
		</attack>
		<attack name="lancer beetle curse" interval="2000" chance="11" range="7"/>
		<attack name="lancer beetle skill reducer" interval="2000" chance="10" range="7"/>
	</attacks>
	<defenses armor="25" defense="25">
		<defense name="invisible" interval="2000" chance="10" duration="3000">
			<attribute key="areaEffect" value="groundshaker"/>
		</defense>
		<defense name="the blightfather summon" interval="2000" chance="16"/>
	</defenses>
	<elements>
		<element deathPercent="50"/>
		<element icePercent="-5"/>
		<element firePercent="-10"/>
	</elements>
	<immunities>
		<immunity earth="1"/>
		<immunity invisible="1"/>
		<immunity lifedrain="1"/>
		<immunity paralyze="1"/>
	</immunities>
	<voices interval="2000" chance="5">
		<voice sentence="Crump!" yell="1"/>
	</voices>
	<loot>
		<item id="2148" countmax="91" chance1="58330" chancemax="58330"/><!-- gold coin -->
		<item id="10609" chance="41670"/><!-- lump of dirt -->
		<item id="10557" chance="58330"/><!-- poisonous slime -->
		<item id="11372" chance="75000"/><!-- lancer beetle shell -->
		<item id="11374" chance="16670"/><!-- beetle necklace -->
		<item id="2150" chance="2500"/><!-- small amethyst -->
	</loot>
</monster>