<?xml version="1.0" encoding="UTF-8"?>
<monster name="The Old Widow" nameDescription="The Old Widow" race="venom" experience="4200" speed="278" manacost="0">
	<health now="3200" max="3200"/>
	<look type="208" corpse="5977"/>
	<targetchange interval="2000" chance="10"/>
	<strategy attack="70" defense="0"/>
	<flags>
		<flag summonable="0"/>
		<flag attackable="1"/>
		<flag hostile="1"/>
		<flag illusionable="0"/>
		<flag convinceable="0"/>
		<flag pushable="0"/>
		<flag canpushitems="1"/>
		<flag canpushcreatures="1"/>
		<flag targetdistance="1"/>
		<flag staticattack="90"/>
		<flag runonhealth="0"/>
	</flags>
	<attacks>
		<attack name="melee" interval="2000" skill="130" attack="100" poison="450"/>
		<attack name="poison" interval="2000" chance="14" range="7" min="-200" max="-350">
			<attribute key="shootEffect" value="poison"/>
			<attribute key="areaEffect" value="poison"/>
		</attack>
		<attack name="mamma longlegs paralyze" interval="2000" chance="20" range="7"/>
		<attack name="poisonfield" interval="2000" chance="9" range="7" radius="4" target="1">
			<attribute key="shootEffect" value="poison"/>
		</attack>
	</attacks>
	<defenses armor="45" defense="60">
		<defense name="healing" interval="2000" chance="17" min="225" max="275">
			<attribute key="areaEffect" value="blueshimmer"/>
		</defense>
		<defense name="speed" interval="2000" chance="8" speedchange="658" duration="10000">
			<attribute key="areaEffect" value="redshimmer"/>
		</defense>
	</defenses>
	<elements>
		<element firePercent="20"/>
		<element energyPercent="10"/>
	</elements>
	<immunities>
		<immunity poison="1"/>
		<immunity lifedrain="1"/>
		<immunity outfit="1"/>
		<immunity drunk="1"/>
		<immunity invisible="1"/>
	</immunities>
	<summons maxSummons="2">
		<summon name="giant spider" interval="2000" chance="13" max="2"/>
	</summons>
	<loot>
		<item id="2148" countmax="100" chance="100000"/><!-- gold coin -->
		<item id="7591" countmax="5" chance="68070"/><!-- great health potion -->
		<item id="2152" countmax="10" chance="98320"/><!-- platinum coin -->
		<item id="2457" chance="78150"/><!-- steel helmet -->
		<item id="13307" chance="26890"/><!-- sweet smelling bait -->
		<item id="2169" chance="37820"/><!-- time ring -->
		<item id="2167" chance="31930"/><!-- energy ring -->
		<item id="2165" chance="28570"/><!-- stealth ring -->
		<item id="5879" countmax="1" chance="84030"/><!-- spider silk -->
		<item id="2476" chance="42020"/><!-- knight armor -->
		<item id="2477" chance="27730"/><!-- knight legs -->
		<item id="2171" chance="19330"/><!-- platinum amulet -->
		<item id="5886" chance="11760"/><!-- spool of yarn -->
		<item id="7419" chance="3360"/><!-- dreaded cleaver -->
		<item id="7416" chance="1680"/><!-- bloody edge -->
	</loot>
</monster>