<?xml version="1.0" encoding="UTF-8"?>
<monster name="Thul" nameDescription="Thul" race="blood" experience="2700" speed="454" manacost="0">
	<health now="2950" max="2950"/>
	<look type="46" corpse="6065"/>
	<targetchange interval="2000" chance="5"/>
	<strategy attack="100" defense="0"/>
	<flags>
		<flag summonable="0"/>
		<flag attackable="1"/>
		<flag hostile="1"/>
		<flag illusionable="0"/>
		<flag convinceable="0"/>
		<flag pushable="0"/>
		<flag canpushitems="1"/>
		<flag staticattack="90"/>
		<flag lightlevel="0"/>
		<flag lightcolor="0"/>
		<flag targetdistance="1"/>
		<flag runonhealth="150"/>
	</flags>
	<attacks>
		<attack name="melee" interval="2000" skill="47" attack="100" poison="120"/>
		<attack name="lifedrain" interval="2000" chance="13" range="7" radius="3" target="0" min="-85" max="-195">
			<attribute key="areaEffect" value="blackspark"/>
		</attack>
		<attack name="ice" interval="2000" chance="12" range="7" radius="4" target="0" min="-120" max="-230">
			<attribute key="areaEffect" value="iceattack"/>
		</attack>
		<attack name="poisonfield" interval="2000" chance="11" range="7" radius="3" target="0">
			<attribute key="areaEffect" value="greenbubble"/>
		</attack>
    		<attack name="thul paralyze" interval="2000" chance="10" range="7"/>
		<attack name="quara constrictor electrify" interval="2000" chance="18" range="1"/>
	</attacks>
	<defenses armor="35" defense="40">
    		<defense name="healing" interval="2000" chance="30" min="215" max="320">
      			<attribute key="areaEffect" value="redshimmer" />
    		</defense>
    		<defense name="thul summon" interval="2000" chance="14"/>
		<defense name="speed" interval="2000" chance="9" speedchange="856" duration="6000">
			<attribute key="areaEffect" value="bubbles"/>
		</defense>
  	</defenses>
	<elements>
		<element energyPercent="-15"/>
	</elements>
	<immunities>
		<immunity lifedrain="1"/>
		<immunity earth="1"/>
		<immunity ice="1"/>
		<immunity drown="1"/>
	</immunities>
	<voices interval="2000" chance="5">
		<voice sentence="Gaaahhh!"/>
		<voice sentence="Boohaa!"/>
	</voices>
	<loot>
		<item id="2487" chance="10940" /><!-- crown armor -->
		<item id="2497" chance="15630" /><!-- crusader helmet -->
		<item id="5895" countmax="1" chance="100000"/><!-- fish fin -->
		<item id="7590" chance="46880" /><!-- great mana potion -->
		<item id="7963" chance="65630" /><!-- marlin -->
		<item id="2152" countmax="10" chance="87500"/><!-- platinum coin -->
		<item id="7383" chance="35940" /><!-- relic sword -->
		<item id="2150" countmax="4" chance="39060"/><!-- small amethyst -->
	</loot>
</monster>
