<?xml version="1.0" encoding="UTF-8"?>
<monster name="Tiquandas Revenge" nameDescription="Tiquandas Revenge" race="venom" experience="2635" speed="130" manacost="0">
	<health now="1800" max="1800"/>
	<look type="120" corpse="6047"/>
<targetchange interval="5000" chance="8" />
  <strategy attack="100" defense="0" />
  <flags>
    <flag summonable="0" />
    <flag attackable="1" />
    <flag hostile="1" />
    <flag illusionable="0" />
    <flag convinceable="0" />
    <flag pushable="0" />
    <flag canpushitems="1" />
    <flag canpushcreatures="1" />
    <flag targetdistance="1" />
    <flag staticattack="90" />
    <flag runonhealth="0" />
  </flags>
  <attacks>
    <attack name="melee" interval="2000" skill="100" attack="40" poison="200" />
    <attack name="earth" interval="2000" chance="50" range="7" min="-110" max="-200">
      <attribute key="shootEffect" value="poison" />
      <attribute key="areaEffect" value="greenspark" />
    </attack>
    <attack name="carniphila paralyze" interval="2000" chance="25" range="7"/>
    <attack name="earth" interval="2000" chance="17" radius="3" target="0" min="-100" max="-255">
      <attribute key="areaEffect" value="poison" />
    </attack>
  </attacks>
  <defenses armor="30" defense="45">
    <defense name="healing" interval="2000" chance="40" min="200" max="495">
      <attribute key="areaEffect" value="blueshimmer" />
    </defense>
    <defense name="speed" interval="2000" chance="11" speedchange="378" duration="4000" >
      <attribute key="areaEffect" value="redshimmer" />
    </defense>
  </defenses>
  <elements>
    <element firePercent="-10" />
    <element deathPercent="10" />
    <element icePercent="5" />
    <element physicalPercent="15" />
  </elements>
  <immunities>
    <immunity earth="1" />
    <immunity invisible="1" />
  </immunities>
	<loot>
		<item id="13298" chance="17650"/><!-- carrot on a stick -->
		<item id="2148" countmax="118" chance="85290"/><!-- gold coin -->
		<item id="2671" countmax="8" chance="50000"/><!-- ham -->
		<item id="5015" chance="100000"/><!-- mandrake -->
		<item id="2666" countmax="50" chance="70590"/><!-- meat -->
		<item id="2792" countmax="6" chance="23530"/><!-- dark mushroom -->
		<item id="7732" countmax="3" chance="100000"/><!-- seeds -->
	</loot>
</monster>
