<?xml version="1.0" encoding="UTF-8"?>
<monster name="Tromphonyte" nameDescription="Tromphonyte" race="blood" experience="1300" speed="440" manacost="0">
	<health now="3000" max="3000"/>
	<look type="381" corpse="13315"/>
	<targetchange interval="5000" chance="8"/>
	<strategy attack="100" defense="0"/>
	<flags>
		<flag summonable="0"/>
		<flag attackable="1"/>
		<flag hostile="1"/>
		<flag illusionable="0"/>
		<flag convinceable="0"/>
		<flag pushable="0"/>
		<flag canpushitems="1"/>
		<flag canpushcreatures="1"/>
		<flag targetdistance="1"/>
		<flag staticattack="90"/>
		<flag runonhealth="0"/>
	</flags>
	<attacks>
		<attack name="melee" interval="2000" skill="50" attack="50"/>
		<attack name="lifedrain" interval="2000" chance="13" radius="3" target="0" min="-150" max="-280">
			<attribute key="areaEffect" value="groundshaker"/>
		</attack>
		<attack name="lifedrain" interval="2000" chance="18" range="7" radius="1" target="1" min="-75" max="-100">	
			<attribute key="shootEffect" value="smallstone"/>
			<attribute key="areaEffect" value="redshimmer"/>
		</attack>
		<attack name="stampor skill reducer" interval="2000" chance="11" range="7"/>
	</attacks>
	<defenses armor="22" defense="28">
		<defense name="healing" interval="2000" chance="13" min="90" max="120">
			<attribute key="areaEffect" value="blueshimmer"/>
		</defense>
	</defenses>
	<elements>
		<element firePercent="20"/>
		<element energyPercent="20"/>
		<element icePercent="10"/>
		<element holyPercent="50"/>
		<element deathPercent="10"/>
	</elements>
	<immunities>
		<immunity invisible="1"/>
		<immunity paralyze="1"/>
	</immunities>
	<voices interval="2000" chance="5">
		<voice sentence="KRRRRRNG" yell="1"/>
	</voices>
	<loot>
		<item id="13301" chance="100000"/><!-- hollow stampor hoof -->
		<item id="2476" chance="100000"/><!-- knight armor -->
		<item id="2152" countmax="13" chance="100000"/><!-- platinum coin -->
		<item id="9970" countmax="5" chance="100000"/><!-- small topaz -->
		<item id="7452" chance="53850"/><!-- spiked squelcher -->
		<item id="13299" chance="100000"/><!-- stampor horn -->
		<item id="13300" chance="100000"/><!-- stampor talons -->
		<item id="7588" countmax="2" chance="100000"/><!-- strong health potion -->
		<item id="7589" countmax="2" chance="100000"/><!-- strong mana potion -->
	</loot>
</monster>
