<?xml version="1.0" encoding="UTF-8"?>
<monster name="Ungreez" nameDescription="Ungreez" race="fire" experience="500" speed="240" manacost="0">
	<health now="8200" max="8200"/>
	<look type="35" corpse="5995"/>
	<targetchange interval="5000" chance="8"/>
	<strategy attack="100" defense="0"/>
	<flags>
		<flag summonable="0"/>
		<flag attackable="1"/>
		<flag hostile="1"/>
		<flag illusionable="0"/>
		<flag convinceable="0"/>
		<flag pushable="0"/>
		<flag canpushitems="1"/>
		<flag canpushcreatures="1"/>
		<flag targetdistance="1"/>
		<flag staticattack="90"/>
		<flag runonhealth="0"/>
	</flags>
	<attacks>
		<attack name="melee" interval="2000" skill="70" attack="120"/>
		<attack name="manadrain" interval="2000" chance="13" range="7" min="-50" max="-140">
			<attribute key="shootEffect" value="suddendeath"/>
			<attribute key="areaEffect" value="smallclouds"/>
		</attack>
		<attack name="fire" interval="2000" chance="15" range="7" radius="7" target="1" min="-150" max="-250">
			<attribute key="shootEffect" value="fire"/>
			<attribute key="areaEffect" value="firearea"/>
		</attack>
		<attack name="firefield" interval="2000" chance="12" range="7" radius="1" target="1"/>
		<attack name="energy" interval="2000" chance="15" target="1" range="1" min="-200" max="-400">
			<attribute key="shootEffect" value="energy"/>
			<attribute key="areaEffect" value="energy"/>
		</attack>
		<attack name="lifedrain" interval="2000" chance="8" length="8" spread="0" min="-250" max="-380">
			<attribute key="areaEffect" value="purpleenergy"/>
		</attack>
	</attacks>
	<defenses armor="55" defense="55">
		<defense name="healing" interval="2000" chance="15" min="200" max="250">
			<attribute key="areaEffect" value="blueshimmer"/>
		</defense>
	</defenses>
	<elements>
		<element physicalPercent="30"/>
		<element deathPercent="20"/>
		<element energyPercent="55"/>
		<element earthPercent="60"/>
		<element icePercent="-5"/>
		<element holyPercent="-5"/>
	</elements>
	<immunities>
		<immunity fire="1"/>
		<immunity lifedrain="1"/>
		<immunity paralyze="1"/>
		<immunity outfit="1"/>
		<immunity drunk="1"/>
		<immunity invisible="1"/>
	</immunities>
	<voices interval="2000" chance="5">
		<voice sentence="I'll teach you that even heros can die!" yell="1"/>
		<voice sentence="You wil die begging like the others did!" yell="1"/>
		<voice sentence="My masters will be pleased with death!" yell="1"/>
		<voice sentence="You are as good as dead!" yell="1"/>
	</voices>
	<loot>
		<item id="2148" countmax="100" chance="21000"/><!-- gold coin -->
		<item id="2795" countmax="6" chance="10000"/><!-- fire mushroom -->
		<item id="7590" chance="20000"/><!-- great mana potion -->
		<item id="7591" chance="20000"/><!-- great health potion -->
	</loot>
</monster>
