<?xml version="1.0" encoding="UTF-8"?>
<monster name="Ushuriel" nameDescription="Ushuriel" race="fire" experience="10500" speed="440" manacost="0">
	<health now="31500" max="31500"/>
	<look type="12" head="0" body="57" legs="0" feet="80" corpse="8721"/>
	<targetchange interval="5000" chance="8"/>
	<strategy attack="100" defense="0"/>
	<flags>
		<flag summonable="0"/>
		<flag attackable="1"/>
		<flag hostile="1"/>
		<flag illusionable="0"/>
		<flag convinceable="0"/>
		<flag pushable="0"/>
		<flag canpushitems="1"/>
		<flag canpushcreatures="1"/>
		<flag targetdistance="1"/>
		<flag staticattack="90"/>
		<flag runonhealth="1000"/>
	</flags>
	<attacks>
		<attack name="melee" interval="2000" skill="110" attack="200"/>
		<attack name="physical" interval="2000" chance="12" length="10" spread="0" min="-250" max="-500">
			<attribute key="areaEffect" value="mortarea"/>
		</attack>
		<attack name="earth" interval="2000" chance="11" length="10" min="-200" max="-600">
			<attribute key="areaEffect" value="poison"/>
		</attack>
		<attack name="ice" interval="2000" chance="9" length="10" spread="1" min="-200" max="-430">
			<attribute key="areaEffect" value="iceattack"/>
		</attack>
		<attack name="drunk" interval="2000" chance="10" radius="8" target="0" duration="5000">
			<attribute key="areaEffect" value="purplenote"/>
		</attack>
		<attack name="ushuriel electrify" interval="2000" chance="15"/>
		<attack name="ushuriel curse" interval="2000" chance="15"/>
	</attacks>
	<defenses armor="50" defense="45">
		<defense name="healing" interval="2000" chance="12" min="440" max="550">
			<attribute key="areaEffect" value="blueshimmer"/>
		</defense>
	</defenses>
	<elements>
		<element physicalPercent="50"/>
		<element firePercent="30"/>
		<element energyPercent="30"/>
		<element earthPercent="30"/>
		<element icePercent="30"/>
		<element holyPercent="25"/>
	</elements>
	<immunities>
		<immunity lifedrain="1"/>
		<immunity paralyze="1"/>
		<immunity invisible="1"/>
		<immunity death="1"/>
	</immunities>
	<voices interval="2000" chance="5">
		<voice sentence="You can't run or hide forever!" yell="1"/>
		<voice sentence="I'm the executioner of the Seven!" yell="1"/>
		<voice sentence="The final punishment awaits you!" yell="1"/>
		<voice sentence="The judgement is guilty! The sentence is death!" yell="1"/>
	</voices>
	<loot>
		<item id="2789" countmax="30" chance="88490"/><!-- brown mushroom -->
		<item id="5954" countmax="2" chance="8630"/><!-- demon horn -->
		<item id="6500" chance="100000"/><!-- demonic essence -->
		<item id="2148" countmax="190" chance="88490"/><!-- gold coin -->
		<item id="2152" countmax="30" chance="20860"/><!-- platinum coin -->
		<item id="9971" chance="19420"/><!-- gold ingot -->
		<item id="8473" chance="22300"/><!-- ultimate health potion -->
		<item id="8472" chance="21580"/><!-- great spirit potion -->
		<item id="7590" chance="20860"/><!-- great mana potion -->
		<item id="7591" chance="23740"/><!-- great health potion -->
		<item id="7391" chance="24460"/><!-- thaian sword -->
		<item id="2393" chance="7910"/><!-- giant sword -->
		<item id="2419" chance="12230"/><!-- scimitar -->
		<item id="7385" chance="10790"/><!-- crimson sword -->
		<item id="2383" chance="10070"/><!-- spike sword -->
		<item id="7402" chance="8630"/><!-- dragon slayer -->
		<item id="2392" chance="14390"/><!-- fire sword -->
		<item id="7417" chance="7190"/><!-- runed sword -->
		<item id="5880" countmax="10" chance="38850"/><!-- iron ore -->
		<item id="5925" countmax="20" chance="31650"/><!-- hardened bone -->
		<item id="5741" chance="20140"/><!-- skull helmet -->
		<item id="2479" chance="8630"/><!-- strange helmet -->
		<item id="2498" chance="22300"/><!-- royal helmet -->
		<item id="2475" chance="20860"/><!-- warrior helmet -->
		<item id="2491" chance="6470"/><!-- crown helmet -->
		<item id="2178" chance="23020"/><!-- mind stone -->
		<item id="9810" chance="20140"/><!-- rusty armor -->
		<item id="2177" chance="18710"/><!-- life crystal -->
		<item id="2176" chance="17270"/><!-- orb -->
		<item id="5892" chance="15110"/><!-- huge chunk of crude iron -->
		<item id="5669" chance="12950"/><!-- mysterious voodoo skull -->
		<item id="5891" chance="7910"/><!-- enchanted chicken wing -->
		<item id="5885" chance="5760"/><!-- flask of warrior's sweat -->
		<item id="5884" chance="5040"/><!-- spirit container -->
		<item id="6103" chance="2160"/><!-- unholy book -->

	</loot>
</monster>
