<?xml version="1.0" encoding="UTF-8"?>
<monster name="Versperoth" nameDescription="Versperoth" race="venom" experience="20000" speed="0" manacost="0">
	<health now="100000" max="100000"/>
	<look type="295" corpse="1387"/>
	<targetchange interval="60000" chance="0"/>
	<strategy attack="100" defense="0"/>
	<flags>
		<flag summonable="0"/>
		<flag attackable="1"/>
		<flag hostile="1"/>
		<flag illusionable="0"/>
		<flag convinceable="0"/>
		<flag pushable="0"/>
		<flag canpushitems="1"/>
		<flag canpushcreatures="0"/>
		<flag staticattack="90"/>
		<flag targetdistance="1"/>
		<flag runonhealth="0"/>
	</flags>
	<attacks>
		<attack name="melee" interval="2000" skill="110" attack="50"/>
		<attack name="fire" interval="2000" chance="32" length="8" spread="3" min="-500" max="-1200">
			<attribute key="areaEffect" value="fireattack"/>
		</attack>
		<attack name="fire" interval="2000" chance="15" radius="6" target="0" min="-100" max="-700">
			<attribute key="areaEffect" value="poff"/>
		</attack>
		<attack name="fire" interval="2000" chance="19" radius="8" target="0" min="-500" max="-700">
			<attribute key="areaEffect" value="fire"/>
		</attack>
	</attacks>
	<defenses armor="10" defense="15"/>
	<elements>
		<element firePercent="50"/>
		<element icePercent="45"/>
		<element deathPercent="45"/>
		<element holyPercent="40"/>
		<element physicalPercent="45"/>
	</elements>
	<immunities>
		<immunity invisible="1"/>
	</immunities>
	<voices interval="2000" chance="5">
		<voice sentence="Grrroar!"/>
		<voice sentence="GROWL!" yell="1"/>
		<voice sentence="Waaaah!"/>
	</voices>
</monster>
