<?xml version="1.0" encoding="UTF-8"?>
<monster name="White Pale" nameDescription="White Pale" race="blood" experience="390" speed="170" manacost="0">
	<health now="500" max="500"/>
	<look type="564" corpse="21295"/>
	<targetchange interval="2000" chance="0"/>
	<strategy attack="100" defense="0"/>
	<flags>
		<flag summonable="0"/>
		<flag attackable="1"/>
		<flag hostile="1"/>
		<flag illusionable="0"/>
		<flag convinceable="0"/>
		<flag pushable="0"/>
		<flag canpushitems="1"/>
		<flag canpushcreatures="0"/>
		<flag targetdistance="1"/>
		<flag staticattack="90"/>
		<flag runonhealth="0"/>
	</flags>
  	<script>
		<event name="monster heal"/>
	</script>
	<attacks>
		<attack name="melee" interval="2000" skill="45" attack="40"/>
		<attack name="earth" interval="2000" chance="14" radius="5" target="0" min="-100" max="-110">
			<attribute key="areaEffect" value="smallplants"/>
		</attack>
		<attack name="poisoncondition" interval="2000" chance="12" radius="3" target="0" min="-200" max="-300">
			<attribute key="areaEffect" value="blackspark"/>
		</attack>
		<attack name="white pale paralyze" interval="2000" chance="11"/>
	</attacks>
	<defenses armor="8" defense="11">
		<defense name="white pale summon" interval="2000" chance="12"/>
	</defenses>
	<immunities>
		<immunity invisible="1"/>
		<immunity paralyze="1"/>
	</immunities>
	<loot>
		<item id="21400" chance="2000"/><!-- silver raid token -->
		<item id="2148" countmax="70" chance="100000"/><!-- gold coin -->
		<item id="10609" chance="50000"/><!-- lump of dirt -->
		<item id="11192" chance="100000"/><!-- carrion worm fang -->
		<item id="2666" countmax="2" chance="50000"/><!-- meat -->
		<item id="21692" chance="1000"/><!-- albino plate -->
		<item id="2439" chance="15000"/><!-- daramian mace -->
		<item id="7452" chance="3000"/><!-- spiked squelcher -->
		<item id="21693" chance="1000"/><!-- horn(ring) -->
		<item id="2145" chance="5000"/><!-- small diamond -->
	</loot>
</monster>
