<?xml version="1.0" encoding="UTF-8"?>
<monster name="Willi Wasp" nameDescription="Willi Wasp" race="venom" experience="250" speed="320" manacost="0">
	<health now="250" max="250"/>
	<look type="44" corpse="5989"/>
	<targetchange interval="2000" chance="4"/>
	<strategy attack="100" defense="0"/>
	<flags>
		<flag summonable="0"/>
		<flag attackable="1"/>
		<flag hostile="1"/>
		<flag illusionable="0"/>
		<flag convinceable="0"/>
		<flag pushable="1"/>
		<flag canpushitems="0"/>
		<flag canpushcreatures="0"/>
		<flag targetdistance="1"/>
		<flag staticattack="90"/>
		<flag runonhealth="0"/>
	</flags>
	<attacks>
		<attack name="melee" interval="2000" skill="10" attack="30" poison="20"/>
	</attacks>
	<defenses armor="4" defense="8"/>
	<elements>
		<element firePercent="-10"/>
	</elements>
	<immunities>
		<immunity earth="1"/>
	</immunities>
	<voices interval="2000" chance="5">
		<voice sentence="Bssssss"/>
	</voices>
	<loot>
		<item id="2170" chance="10000"/> <!-- silver amulet -->
		<item id="2148" countmax="26" chance="100000"/> <!-- gold coin -->
		<item id="5902" countmax="3" chance="100000"/> <!-- honeycomb -->
		<item id="2149" chance="25000"/> <!-- small emerald -->
	</loot>
</monster>