<?xml version="1.0" encoding="UTF-8"?>
<monster name="Xenia" nameDescription="Xenia" race="blood" experience="255" speed="172" manacost="0">
	<health now="200" max="200"/>
	<look type="137" head="76" body="115" legs="115" feet="76" corpse="20542"/>
	<targetchange interval="5000" chance="8"/>
	<strategy attack="100" defense="0"/>
	<flags>
		<flag summonable="0"/>
		<flag attackable="1"/>
		<flag hostile="1"/>
		<flag illusionable="1"/>
		<flag convinceable="0"/>
		<flag pushable="0"/>
		<flag canpushitems="1"/>
		<flag canpushcreatures="0"/>
		<flag targetdistance="1"/>
		<flag staticattack="90"/>
		<flag runonhealth="10"/>
	</flags>
	<attacks>
		<attack name="melee" interval="2000" skill="40" attack="28"/>
    		<attack name="drunk" interval="2000" chance="10" length="8" spread="3" duration="15000">
     			<attribute key="areaEffect" value="bluenote" />
    		</attack>
	</attacks>
	<defenses armor="12" defense="14">
    <defense name="speed" interval="2000" chance="11" speedchange="300" duration="4000" >
      <attribute key="areaEffect" value="redshimmer" />
    </defense>
  </defenses>
	<elements>
		<element icePercent="10"/>
		<element firePercent="10"/>
		<element holyPercent="7"/>
		<element deathPercent="-7"/>
		<element physicalPercent="-6"/>
	</elements>
	<voices interval="2000" chance="5">
	</voices>
	<loot>
		<item id="2148" countmax="20" chance="40020"/><!-- gold coin -->
		<item id="2229" countmax="2" chance="80310"/><!-- skull -->
		<item id="2379" chance="81000"/><!-- dagger -->
		<item id="2467" chance="43000"/><!-- leather armor -->
		<item id="2691" countmax="1" chance="29190"/><!-- brown bread -->
		<item id="2385" chance="23000"/><!-- sabre -->
		<item id="12399" countmax="1" chance="10100"/><!-- girlish hair decoration -->
		<item id="12400" countmax="1" chance="5170"/><!-- protective charm -->
		<item id="2050" chance="1050"/><!-- torch -->
		<item id="2526" chance="7000"/><!-- studded shield -->
		<item id="2125" chance="290"/><!-- crystal necklace -->
		<item id="2147" chance="160"/><!-- small ruby -->
	</loot>
</monster>
