<?xml version="1.0" encoding="UTF-8"?>
<monster name="Yaga The Crone" nameDescription="Yaga The Crone" race="blood" experience="375" speed="220" manacost="0">
	<health now="620" max="620"/>
	<look type="54" corpse="20587"/>
	<targetchange interval="5000" chance="8"/>
	<strategy attack="100" defense="0"/>
	<flags>
		<flag summonable="0"/>
		<flag attackable="1"/>
		<flag hostile="1"/>
		<flag illusionable="0"/>
		<flag convinceable="0"/>
		<flag pushable="0"/>
		<flag canpushitems="1"/>
		<flag canpushcreatures="0"/>
		<flag targetdistance="4"/>
		<flag staticattack="90"/>
		<flag runonhealth="30"/>
	</flags>
	<attacks>
		<attack name="melee" interval="2000" skill="20" attack="30" poison="200"/>
		<attack name="fire" interval="2000" chance="20" range="7" min="-30" max="-75">
			<attribute key="shootEffect" value="fire"/>
			<attribute key="areaEffect" value="fire"/>
		</attack>
		<attack name="firefield" interval="2000" chance="11" range="7" radius="1" target="1">
			<attribute key="shootEffect" value="fire"/>
		</attack>
		<attack name="outfit" interval="2000" chance="1" range="7" target="1" monster="green frog" duration="10000">
			<attribute key="shootEffect" value="death"/>
			<attribute key="areaEffect" value="blackspark"/>
		</attack>
	</attacks>
	<defenses armor="8" defense="12">
		<defense name="speed" interval="2000" chance="9" speedchange="320" duration="5000">
			<attribute key="areaEffect" value="redshimmer"/>
		</defense>
    		<defense name="invisible" interval="2000" chance="15" duration="5000">
     			<attribute key="areaEffect" value="poff" />
    		</defense>
    		<defense name="healing" interval="2000" chance="20" min="25" max="60">
      			<attribute key="areaEffect" value="greenspark" />
    		</defense>
	</defenses>
	<elements>
		<element earthPercent="20"/>
		<element deathPercent="-5"/>
		<element physicalPercent="-10"/>
	</elements>
	<immunities>
		<immunity invisible="1"/>
		<immunity energy="1"/>
	</immunities>
	<voices interval="2000" chance="5">
		<voice sentence="Where did I park my hut?"/>
		<voice sentence="You will taste so sweet!"/>
		<voice sentence="Hexipooh, bewitched are you!"/>
	</voices>
	<loot>
		<item id="11211" chance="100"/><!-- stuffed toad -->
		<item id="13537" chance="920"/><!-- bag of apple slices -->
		<item id="2324" chance="60000"/><!-- broom -->
		<item id="2148" countmax="70" chance="64310"/><!-- gold coin -->
		<item id="2687" countmax="8" chance="29860"/><!-- cookie -->
		<item id="2643" chance="4960"/><!-- leather boots -->
		<item id="2405" chance="3920"/><!-- sickle -->
		<item id="2654" chance="4870"/><!-- cape -->
		<item id="2651" chance="2000"/><!-- coat -->
		<item id="8902" chance="1000"/><!-- spellbook of mind control -->
		<item id="2129" chance="10110"/><!-- wolf tooth chain -->
		<item id="2800" chance="8950"/><!-- star herb-->
		<item id="2199" chance="2540"/><!-- garlic necklace -->
		<item id="2402" chance="510"/><!-- silver dagger -->
		<item id="2185" chance="1140"/><!-- necrotic rod -->
		<item id="10570" chance="800"/><!-- witch hat -->
	</loot>
</monster>
