<?xml version="1.0" encoding="UTF-8"?>
<monster name="Yakchal" nameDescription="Yakchal" race="blood" experience="4400" speed="336" manacost="0">
	<health now="5000" max="5000"/>
	<look type="149" head="9" body="0" legs="85" feet="85" addons="1" corpse="20546"/>
	<targetchange interval="2000" chance="5"/>
	<strategy attack="100" defense="0"/>
	<flags>
		<flag summonable="0"/>
		<flag attackable="1"/>
		<flag hostile="1"/>
		<flag illusionable="0"/>
		<flag convinceable="0"/>
		<flag pushable="0"/>
		<flag canpushitems="1"/>
		<flag staticattack="90"/>
		<flag lightlevel="0"/>
		<flag lightcolor="0"/>
		<flag targetdistance="4"/>
		<flag runonhealth="300"/>
	</flags>
	<attacks>
		<attack name="melee" interval="2000" skill="68" attack="100"/>
		<attack name="outfit" interval="2000" chance="13" range="7" item="7172" duration="8000">
			<attribute key="areaEffect" value="bluefirework"/>
			<attribute key="shootEffect" value="snowball"/>
		</attack>
		<attack name="ice" interval="2000" chance="25" target="1" range="7" min="-150" max="-250">
			<attribute key="areaEffect" value="iceattack"/>
			<attribute key="shootEffect" value="smallice"/>
		</attack>
		<attack name="ice" interval="2000" chance="13" length="8" spread="3" min="-150" max="-430">
			<attribute key="areaEffect" value="icetornado"/>
		</attack>
		<attack name="thul paralyze" interval="2000" chance="10" range="7"/>
	</attacks>
	<defenses armor="15" defense="20">
		<defense name="healing" interval="2000" chance="25" min="220" max="535">
			<attribute key="areaEffect" value="blueshimmer"/>
		</defense>
	</defenses>
	<elements>
		<element firePercent="50"/>
		<element earthPercent="40"/>
		<element holyPercent="50"/>
		<element energyPercent="-5"/>
		<element deathPercent="-10"/>
	</elements>
	<immunities>
		<immunity paralyze="1"/>
		<immunity invisible="1"/>
		<immunity ice="1"/>
	</immunities>
		<summons maxSummons="4">
		<summon name="Ice Golem" interval="2000" chance="10" max="4"/>
	</summons>
	<voices interval="2000" chance="5">
		<voice sentence="YOU BETTER DIE TO MY MINIONS BECAUSE YOU'LL WISH YOU DID IF I COME FOR YOU!"/>
		<voice sentence="DESTROY THE INFIDELS"/>
		<voice sentence="You are mine!"/>
		<voice sentence="I will make you all pay!"/>
		<voice sentence="No one will stop my plans!"/>
		<voice sentence="You are responsible for this!"/>
	</voices>
	<loot>
		<item id="7290" chance="100000"/><!-- shard -->
		<item id="2148" countmax="283" chance="96550"/><!-- gold coin -->
		<item id="7896" chance="12070"/><!-- glacier kilt -->
		<item id="7897" chance="8620"/><!-- glacier robe -->
		<item id="9971" chance="32760"/><!-- gold ingot -->
		<item id="7440" chance="65520"/><!-- mastermind potion -->
		<item id="7439" chance="5170"/><!-- berserk potion -->
		<item id="7443" chance="6900"/><!-- bullseye potion -->
		<item id="5912" chance="75860"/><!-- blue piece of cloth -->
		<item id="7449" chance="22410"/><!-- crystal sword -->
		<item id="7459" chance="5170"/><!-- earmuffs -->
		<item id="7590" chance="10340"/><!-- great mana potion -->
		<item id="2201" chance="17240"/><!-- dragon necklace -->
		<item id="2195" chance="1720"/><!-- boots of haste -->
		<item id="2168" chance="3450"/><!-- life ring -->
		<item id="7410" chance="5170"/><!-- queen's sceptre -->
		<item id="2436" chance="6900"/><!-- skull staff -->
		<item id="2796" chance="1720"/><!-- green mushroom -->
	</loot>
</monster>
