<?xml version="1.0" encoding="UTF-8"?>
<monster name="Zanakeph" nameDescription="Zanakeph" race="undead" experience="9900" speed="330" manacost="0">
	<health now="12600" max="12600"/>
	<look type="231" corpse="6306"/>
	<targetchange interval="2000" chance="6"/>
	<strategy attack="100" defense="0"/>
	<flags>
		<flag summonable="0"/>
		<flag attackable="1"/>
		<flag hostile="1"/>
		<flag illusionable="1"/>
		<flag convinceable="0"/>
		<flag pushable="0"/>
		<flag canpushitems="1"/>
		<flag canpushcreatures="1"/>
		<flag targetdistance="1"/>
		<flag staticattack="90"/>
		<flag runonhealth="700"/>
	</flags>
	<attacks>
		<attack name="melee" interval="2000" skill="150" attack="60"/>
		<attack name="poison" interval="2000" chance="11" range="7" radius="4" target="1" min="-100" max="-400">
			<attribute key="shootEffect" value="poison"/>
			<attribute key="areaEffect" value="poison"/>
		</attack>
		<attack name="lifedrain" interval="2000" chance="11" range="7" radius="4" target="1" min="-100" max="-400">
			<attribute key="shootEffect" value="death"/>
			<attribute key="areaEffect" value="redspark"/>
		</attack>
		<attack name="physical" interval="2000" chance="13" range="7" min="-0" max="-615">
			<attribute key="shootEffect" value="death"/>
			<attribute key="areaEffect" value="mortarea"/>
		</attack>
		<attack name="undead dragon curse" interval="2000" chance="11"/>
		<attack name="lifedrain" interval="2000" chance="11" length="8" spread="3" min="-200" max="-700">
			<attribute key="areaEffect" value="redshimmer"/>
		</attack>
		<attack name="death" interval="2000" chance="11" length="8" spread="3" min="-400" max="-550">
			<attribute key="areaEffect" value="smallclouds"/>
		</attack>
	</attacks>
	<defenses armor="45" defense="63">
    <defense name="healing" interval="2000" chance="15" min="200" max="250">
      <attribute key="areaEffect" value="redshimmer" />
    </defense>
	</defenses>
	<elements>
		<element physicalPercent="10"/>
		<element icePercent="50"/>
		<element holyPercent="-25"/>
	</elements>
	<immunities>
		<immunity death="1"/>
		<immunity earth="1"/>
		<immunity fire="1"/>
		<immunity lifedrain="1"/>
		<immunity paralyze="1"/>
		<immunity invisible="1"/>
	</immunities>
	<voices interval="2000" chance="5">
		<voice sentence="FEEEED MY ETERNAL HUNGER!" yell="1"/>
		<voice sentence="I SENSE LIFE" yell="1"/>
	</voices>
	<loot>
		<item id="6300" chance="100000"/><!-- death ring -->
		<item id="6500" chance="154550"/><!-- demonic essence -->
		<item id="7430" chance="100000"/><!-- dragonbone staff -->
		<item id="2148" countmax="100" chance="100000"/><!-- gold coin -->
		<item id="9971" chance="76360"/><!-- gold ingot -->
		<item id="2033" chance="100000"/><!-- golden mug -->
		<item id="5925" countmax="5" chance="38180"/><!-- hardened bone -->
		<item id="13291" chance="7270"/><!-- maxilla maximus -->
		<item id="2152" countmax="10" chance="100000"/><!-- platinum coin -->
		<item id="11233" countmax="3" chance="100000"/><!-- unholy bone -->
		<item id="7591" countmax="4" chance="36360"/><!-- great health potion -->
		<item id="7590" countmax="3" chance="23640"/><!-- great mana potion -->
		<item id="8472" countmax="3" chance="38180"/><!-- great spirit potion -->
		<item id="2466" chance="12730"/><!-- golden armor -->
		<item id="2476" chance="47270"/><!-- knight armor -->
		<item id="8885" chance="3640"/><!-- divine plate -->
		<item id="9810" chance="34550"/><!-- rusty armor -->
		<item id="2498" chance="1820"/><!-- royal helmet -->
		<item id="5741" chance="5450"/><!-- skull helmet -->
		<item id="2491" chance="40000"/><!-- crown helmet -->
		<item id="11368" chance="36360"/><!-- jade hat -->
		<item id="2149" countmax="5" chance="32730"/><!-- small emerald -->
		<item id="2146" countmax="5" chance="34550"/><!-- small sapphire -->
	</loot>
</monster>
