<?xml version="1.0" encoding="UTF-8"?>
<monster name="Zarabustor" nameDescription="Zarabustor" race="blood" experience="8000" speed="244" manacost="0">
	<health now="5100" max="5100"/>
	<look type="130" head="0" body="77" legs="92" feet="97" addons="1" corpse="20554"/>
	<targetchange interval="5000" chance="30"/>
	<strategy attack="100" defense="0"/>
	<flags>
		<flag summonable="0"/>
		<flag attackable="1"/>
		<flag hostile="1"/>
		<flag illusionable="0"/>
		<flag convinceable="0"/>
		<flag pushable="0"/>
		<flag canpushitems="1"/>
		<flag canpushcreatures="1"/>
		<flag targetdistance="4"/>
		<flag staticattack="90"/>
		<flag runonhealth="800"/>
	</flags>
	<attacks>
		<attack name="melee" interval="2000" skill="42" attack="50"/>
		<attack name="energy" interval="2000" chance="25" range="7" min="-90" max="-250">
			<attribute key="shootEffect" value="energyball"/>
			<attribute key="areaEffect" value="energy"/>
		</attack>
		<attack name="manadrain" interval="2000" chance="15" range="7" min="-60" max="-250">
			<attribute key="shootEffect" value="energyball"/>
			<attribute key="areaEffect" value="icearea"/>
		</attack>
		<attack name="elder bonelord paralyze" interval="2000" chance="12" range="7"/>
		<attack name="fire" interval="2000" chance="15" range="7" radius="3" target="1" min="-70" max="-250">
			<attribute key="shootEffect" value="fire"/>
			<attribute key="areaEffect" value="firearea"/>
		</attack>
		<attack name="firefield" interval="2000" chance="12" range="7" radius="2" target="1">
			<attribute key="shootEffect" value="fire"/>
		</attack>
		<attack name="energy" interval="2000" chance="13" length="8" spread="0" min="-150" max="-350">
			<attribute key="areaEffect" value="bigclouds"/>
		</attack>
    		<attack name="warlock skill reducer" interval="2000" chance="7" range="7"/>
	</attacks>
	<defenses armor="25" defense="30">
		<defense name="healing" interval="2000" chance="15" min="100" max="225">
			<attribute key="areaEffect" value="blueshimmer"/>
		</defense>
		<defense name="invisible" interval="2000" chance="25" duration="5000">
			<attribute key="areaEffect" value="blueshimmer"/>
		</defense>
	</defenses>
	<elements>
		<element earthPercent="95"/>
		<element holyPercent="-5"/>
		<element physicalPercent="-10"/>
	</elements>
	<immunities>
		<immunity fire="1"/>
		<immunity energy="1"/>
		<immunity ice="1"/>
		<immunity paralyze="1"/>
		<immunity invisible="1"/>
	</immunities>
	<summons maxSummons="5">
		<summon name="warlock" interval="2000" chance="7" max="2"/>
		<summon name="green djinn" interval="2000" chance="13" max="3"/>
	</summons>
	<voices interval="2000" chance="5">
		<voice sentence="Killing is such a splendid diversion from my studies."/>
		<voice sentence="Time to test my newest spells!"/>
	</voices>
	<loot>
		<item id="2679" countmax="4" chance="19880"/><!-- cherry -->
		<item id="2792" countmax="1" chance="3090"/><!-- dark mushroom -->
		<item id="2148" countmax="80" chance="29300"/><!-- gold coin -->
		<item id="2047" chance="1540"/><!-- candlestick -->
		<item id="2689" chance="9100"/><!-- bread -->
		<item id="12410" chance="5100"/><!-- luminous orb -->
		<item id="2167" chance="2190"/><!-- energy ring -->
		<item id="2123" chance="4300"/><!-- ring of the sky -->
		<item id="2124" chance="670"/><!-- crystal ring -->
		<item id="2600" chance="1010"/><!-- inkwell -->
		<item id="2178" chance="2090"/><!-- mind stone -->
		<item id="2411" chance="7650"/><!-- poison dagger -->
		<item id="2436" chance="63700"/><!-- skull staff -->
		<item id="2151" chance="11500"/><!-- talon -->
		<item id="7591" chance="5190"/><!-- great health potion -->
		<item id="7590" chance="4760"/><!-- great mana potion -->
		<item id="2656" chance="14100"/><!-- blue robe -->
		<item id="7898" chance="10200"/><!-- lightning robe -->
		<item id="2466" chance="2300"/><!-- golden armor -->
		<item id="7368" countmax="4" chance="3470"/><!-- assassin star -->
		<item id="2146" chance="1190"/><!-- small sapphire -->
		<item id="1986" chance="3000"/><!-- red tome -->
		<item id="2197" chance="3300"/><!-- stone skin amulet -->
		<item id="2114" chance="600"/><!-- piggy bank -->
	</loot>
</monster>
