<?xml version="1.0" encoding="UTF-8"?>
<monster name="Zavarash" nameDescription="Zavarash" race="blood" experience="21000" speed="460" manacost="0">
	<health now="35000" max="35000"/>
	<look type="12" head="0" body="15" legs="57" feet="85" addons="1" corpse="6068"/>
	<targetchange interval="5000" chance="15"/>
	<strategy attack="100" defense="0"/>
	<flags>
		<flag summonable="0"/>
		<flag attackable="1"/>
		<flag hostile="1"/>
		<flag illusionable="0"/>
		<flag convinceable="0"/>
		<flag pushable="0"/>
		<flag canpushitems="1"/>
		<flag canpushcreatures="1"/>
		<flag targetdistance="4"/>
		<flag staticattack="90"/>
		<flag runonhealth="0"/>
	</flags>
	<attacks>
		<attack name="melee" interval="2000" skill="120" attack="100"/>
		<attack name="energy" interval="2000" chance="30" target="0" radius="3" min="-13" max="-40">
			<attribute key="areaEffect" value="blackspark"/>
		</attack>
		<attack name="zavarash2 paralyze" interval="2000" chance="17" range="7"/>
		<attack name="energy" interval="2000" chance="15" length="8" spread="0" min="-40" max="-51">
			<attribute key="areaEffect" value="energy"/>
		</attack>
		<attack name="effect" interval="2000" chance="18" length="8" spread="3">
			<attribute key="areaEffect" value="rednote"/>
		</attack>
	</attacks>
	<defenses armor="45" defense="55">
		<defense name="healing" interval="2000" chance="22" min="42" max="57" radius="8">
			<attribute key="areaEffect" value="redspark"/>
		</defense>
		<defense name="healing" interval="2000" chance="45" min="100" max="200">
			<attribute key="areaEffect" value="redspark"/>
		</defense>
	</defenses>
	<elements>
		<element icePercent="90"/>
		<element energyPercent="90"/>
		<element earthPercent="90"/>
		<element firePercent="90"/>
		<element holyPercent="90"/>
		<element physicalPercent="90"/>
	</elements>
	<immunities>
		<immunity paralyze="1"/>
		<immunity drown="1"/>
		<immunity death="1"/>
		<immunity lifedrain="1"/>
		<immunity invisible="1"/>
	</immunities>
</monster>
