<?xml version="1.0" encoding="UTF-8"?>
<monster name="Zevelon Duskbringer" nameDescription="Zevelon Duskbringer" race="undead" experience="1800" speed="270" manacost="0">
    <health now="1400" max="1400"/>
    <look type="287" corpse="8937"/>
    <targetchange interval="5000" chance="10"/>
    <strategy attack="100" defense="0"/>
    <flags>
        <flag summonable="0"/>
        <flag attackable="1"/>
        <flag hostile="1"/>
        <flag illusionable="0"/>
        <flag convinceable="0"/>
        <flag pushable="0"/>
        <flag canpushitems="1"/>
        <flag canpushcreatures="1"/>
        <flag targetdistance="1"/>
        <flag staticattack="90"/>
        <flag runonhealth="200"/>
    </flags>
    <attacks>
        <attack name="melee" interval="2000" skill="190" attack="50"/>
	<attack name="lifedrain" interval="2000" chance="24" range="7" min="-50" max="-200">
		<attribute key="shootEffect" value="death"/>
		<attribute key="areaEffect" value="smallclouds"/>
	</attack>
	<attack name="drunk" interval="2000" chance="20" range="7" duration="5000">
		<attribute key="areaEffect" value="stun"/>
	</attack>
	<attack name="physical" interval="2000" chance="24" range="7" min="-0" max="-130">
		<attribute key="shootEffect" value="sniperarrow"/>
	</attack>
	<attack name="elder bonelord paralyze" interval="2000" chance="12" range="7"/>
    </attacks>
    <defenses armor="30" defense="30">
        <defense name="healing" interval="2000" chance="12" min="40" max="70">
            <attribute key="areaEffect" value="redspark"/>
        </defense>
	<defense name="invisible" interval="2000" chance="13" duration="6000">
		<attribute key="areaEffect" value="blueshimmer"/>
	</defense>
        <defense name="outfit" interval="2000" chance="14" monster="bat" duration="4000">
            <attribute key="areaEffect" value="poff"/>
        </defense>
    </defenses>
    <elements>
        <element physicalPercent="55"/>
        <element energyPercent="20"/>
        <element icePercent="5"/>
        <element holyPercent="-5"/>
        <element firePercent="-5"/>
    </elements>
    <immunities>
        <immunity lifedrain="1"/>
        <immunity death="1"/>
        <immunity poison="1"/>
        <immunity invisible="1"/>
    </immunities>
    <voices interval="2000" chance="5">
        <voice sentence="I want your blood!"/>
        <voice sentence="Come here!"/>
        <voice sentence="I will be still around when my 'noble' race is gone."/>
        <voice sentence="Human blood is not suitable for drinking!"/>
        <voice sentence="Your short live is coming to an end."/>
        <voice sentence="Ashari Mortals. Come and stay forever!"/>
    </voices>
    <summons maxSummons="4">
        <summon name="Vampire" interval="9000" chance="100"/>
        <summon name="Vampire" interval="9000" chance="100"/>
        <summon name="Vampire" interval="9000" chance="100"/>
        <summon name="Vampire" interval="9000" chance="100"/>
    </summons>
    <loot>
        <item id="2148" chance="100000" countmax="100"/><!-- gold coin -->
        <item id="2152" chance="3450" countmax="5"/><!-- platinum coin -->
        <item id="2229" chance="6900"/><!-- skull -->
        <item id="9020" chance="100000" /><!-- vampire lord token -->
        <item id="2534" chance="10340"/><!-- vampire shield -->
        <item id="7419" chance="10340"/><!-- dreaded cleaver -->
        <item id="7588" chance="6900"/><!-- strong health potion -->
        <item id="2214" chance="6900"/><!-- ring of healing -->
    </loot>
</monster>
