<?xml version="1.0" encoding="UTF-8"?>
<monster name="Zomba" nameDescription="Zomba" race="blood" experience="300" speed="230" manacost="0">
	<health now="300" max="300"/>
	<look type="41" corpse="5986"/>
	<targetchange interval="5000" chance="8"/>
	<strategy attack="100" defense="0"/>
	<flags>
		<flag summonable="0"/>
		<flag attackable="1"/>
		<flag hostile="1"/>
		<flag illusionable="0"/>
		<flag convinceable="0"/>
		<flag pushable="0"/>
		<flag canpushitems="0"/>
		<flag canpushcreatures="0"/>
		<flag targetdistance="1"/>
		<flag staticattack="90"/>
		<flag runonhealth="0"/>
	</flags>
	<attacks>
		<attack name="melee" interval="2000" skill="40" attack="40"/>
		<attack name="bleedcondition" interval="2000" chance="12" min="-80" max="-120"/>
	</attacks>
	<defenses armor="6" defense="13"/>
	<elements>
		<element earthPercent="20"/>
		<element holyPercent="20"/>
		<element icePercent="-15"/>
		<element deathPercent="-8"/>
	</elements>
	<voices interval="2000" chance="5">
		<voice sentence="Groarrr!"/>
		<voice sentence="Groarrrr! Rwarrrr!"/>
	</voices>
	<loot>
		<item id="2148" countmax="30" chance="100000"/><!-- gold coin -->
		<item id="2671" countmax="2" chance="18580"/><!-- ham -->
		<item id="2666" countmax="4" chance="45020"/><!-- meat -->
		<item id="10608" countmax="2" chance="100000"/> <!-- lion's mane -->
		<item id="2152" chance="25000"/><!-- platinum coin -->
		<item id="2168" chance="12500"/><!-- life ring -->
		<item id="2200" chance="4000"/><!-- protection amulet -->
		<item id="21400" chance="1000"/><!-- silver raid token -->
	</loot>
</monster>
