<?xml version="1.0" encoding="UTF-8"?>
<monster name="Zugurosh" nameDescription="Zugurosh" race="fire" experience="10000" speed="330" manacost="0">
	<health now="52500" max="52500"/>
	<look type="12" head="3" body="18" legs="19" feet="91" corpse="8721"/>
	<targetchange interval="5000" chance="15"/>
	<strategy attack="100" defense="0"/>
	<flags>
		<flag summonable="0"/>
		<flag attackable="1"/>
		<flag hostile="1"/>
		<flag illusionable="0"/>
		<flag convinceable="0"/>
		<flag pushable="0"/>
		<flag canpushitems="1"/>
		<flag canpushcreatures="1"/>
		<flag targetdistance="1"/>
		<flag staticattack="90"/>
		<flag runonhealth="4500"/>
	</flags>
	<attacks>
		<attack name="melee" interval="2000" skill="150" attack="100"/>
		<attack name="death" interval="2000" chance="22" target="0" radius="5" min="-50" max="-100">
			<attribute key="areaEffect" value="smallclouds"/>
		</attack>
		<attack name="zugurosh soulfire" interval="2000" chance="17" range="7"/>
		<attack name="manadrain" interval="2000" chance="10" radius="5" target="0" min="-60" max="-230">
			<attribute key="areaEffect" value="watersplash"/>
		</attack>
		<attack name="death" interval="2000" chance="20" length="10" spread="0" min="-300" max="-600">
			<attribute key="areaEffect" value="mortarea"/>
		</attack>
	</attacks>
	<defenses armor="45" defense="55">
		<defense name="healing" interval="2000" chance="35" min="450" max="600">
			<attribute key="areaEffect" value="blueshimmer"/>
		</defense>
		<defense name="healing" interval="2000" chance="65" min="45" max="60">
			<attribute key="areaEffect" value="blueshimmer"/>
		</defense>
		<defense name="invisible" interval="2000" chance="10" duration="6000">
			<attribute key="areaEffect" value="blueshimmer"/>
		</defense>
	</defenses>
	<elements>
		<element icePercent="25"/>
		<element energyPercent="20"/>
		<element earthPercent="40"/>
		<element firePercent="30"/>
		<element holyPercent="30"/>
		<element physicalPercent="50"/>
	</elements>
	<immunities>
		<immunity death="1"/>
		<immunity paralyze="1"/>
		<immunity invisible="1"/>
	</immunities>
	<voices interval="2000" chance="5">
		<voice sentence="You will run out of resources soon enough!" yell="1"/>
		<voice sentence="One little mistake and you're all are mine!"/>
		<voice sentence="I sense your strength fading!"/>
		<voice sentence="I know you will show a weakness!"/>
		<voice sentence="Your fear will make you prone to mistakes!"/>
	</voices>
	<loot>
		<item id="2173" chance="6020"/><!-- amulet of loss -->
		<item id="5954" countmax="2" chance="9980"/><!-- demon horn -->
		<item id="6500" chance="100000"/><!-- demonic essence -->
		<item id="2148" countmax="194" chance="100000"/><!-- gold coin -->
		<item id="2152" countmax="30" chance="21340"/><!-- platinum coin -->
		<item id="7590" chance="26540"/><!-- great mana potion -->
		<item id="7591" chance="23580"/><!-- great health potion -->
		<item id="8472" chance="26160"/><!-- great spirit potion -->
		<item id="8473" chance="22720"/><!-- ultimate health potion -->
		<item id="5909" countmax="10" chance="15150"/><!-- white piece of cloth -->
		<item id="5910" countmax="10" chance="14970"/><!-- green piece of cloth -->
		<item id="5911" countmax="10" chance="17900"/><!-- red piece of cloth -->
		<item id="5912" countmax="10" chance="14970"/><!-- blue piece of cloth -->
		<item id="5913" countmax="10" chance="12390"/><!-- brown piece of cloth -->
		<item id="5914" countmax="10" chance="14460"/><!-- yellow piece of cloth -->
		<item id="5944" countmax="10" chance="21340"/><!-- soul orb -->
		<item id="2151" countmax="30" chance="18070"/><!-- talon -->
		<item id="9971" chance="22200"/><!-- gold ingot -->
		<item id="2134" chance="17380"/><!-- silver brooch -->
		<item id="6104" chance="21170"/><!-- jewel case -->
		<item id="2195" chance="8780"/><!-- boots of haste -->
		<item id="2645" chance="4650"/><!-- steel boots -->
		<item id="2646" chance="1550"/><!-- golden boots -->
		<item id="9810" chance="43890"/><!-- rusty armor -->
		<item id="9813" chance="51980"/><!-- rusty legs -->
	</loot>
</monster>
