<?xml version="1.0" encoding="UTF-8"?>
<monster name="Zushuka" nameDescription="Zushuka" race="blood" experience="0" speed="300" manacost="0">
	<health now="5000" max="5000"/>
	<look type="149" head="0" body="10" legs="19" feet="5" addons="0" corpse="20546"/>
	<targetchange interval="2000" chance="5"/>
	<strategy attack="100" defense="0"/>
	<flags>
		<flag summonable="0"/>
		<flag attackable="1"/>
		<flag hostile="1"/>
		<flag illusionable="0"/>
		<flag convinceable="0"/>
		<flag pushable="0"/>
		<flag canpushitems="1"/>
		<flag staticattack="90"/>
		<flag lightlevel="0"/>
		<flag lightcolor="0"/>
		<flag targetdistance="1"/>
		<flag runonhealth="0"/>
	</flags>
	<attacks>
		<attack name="melee" interval="2000" skill="80" attack="100"/>
		<attack name="zushuka freeze" interval="2000" chance="14" range="7"/>
		<attack name="lifedrain" interval="2000" chance="13" length="8" spread="0" min="-400" max="-550">
			<attribute key="areaEffect" value="iceattack"/>
		</attack>
		<attack name="ice" interval="2000" chance="13" length="8" spread="3" min="-200" max="-500">
			<attribute key="areaEffect" value="icetornado"/>
		</attack>
		<attack name="zushuka paralyze" interval="2000" chance="10" range="7"/>
	</attacks>
	<defenses armor="15" defense="20">
		<defense name="healing" interval="2000" chance="25" min="435" max="460">
			<attribute key="areaEffect" value="blueshimmer"/>
		</defense>
	</defenses>
	<immunities>
		<immunity name="physical"/>
		<immunity name="death"/>
		<immunity name="holy"/>
		<immunity name="ice"/>
		<immunity name="energy"/>
		<immunity name="fire"/>
		<immunity name="poison"/>
		<immunity name="drown"/>
		<immunity name="lifedrain"/>
		<immunity name="paralyze"/>
		<immunity name="drunk"/>
		<immunity name="invisible"/>
	</immunities>
	<voices interval="2000" chance="5">
		<voice sentence="Is this all you've got?"/>
		<voice sentence="Pay for your ignorance!"/>
		<voice sentence="Freeze!"/>
		<voice sentence="Rise, my servants! Destroy the trespassers!"/>
	</voices>
</monster>
