<?xml version="1.0" encoding="UTF-8"?>
<monster name="Frost Servant" nameDescription="a frost servant" race="undead" experience="0" speed="190" manacost="0">
	<health now="385" max="385"/>
	<look type="261" corpse="7282"/>
	<targetchange interval="2000" chance="5"/>
	<strategy attack="100" defense="0"/>
	<flags>
		<flag summonable="0"/>
		<flag attackable="1"/>
		<flag hostile="1"/>
		<flag illusionable="0"/>
		<flag convinceable="0"/>
		<flag pushable="0"/>
		<flag canpushitems="1"/>
		<flag staticattack="90"/>
		<flag lightlevel="0"/>
		<flag lightcolor="0"/>
		<flag targetdistance="1"/>
		<flag runonhealth="0"/>
	</flags>
	<attacks>
		<attack name="melee" interval="2000" skill="100" attack="40"/>
		<attack name="ice" interval="2000" chance="15" range="7" target="1" min="-50" max="-85">
			<attribute key="shootEffect" value="ice"/>
			<attribute key="areaEffect" value="iceattack"/>
		</attack>
		<attack name="ice golem paralyze" interval="2000" chance="12"/>
		<attack name="ice golem skill reducer" interval="2000" chance="10"/>
	</attacks>
	<defenses armor="25" defense="26"/>
	<elements>
		<element physicalPercent="25"/>
		<element energyPercent="-20"/>
	</elements>
	<immunities>
		<immunity paralyze="1"/>
		<immunity holy="1"/>
		<immunity death="1"/>
		<immunity fire="1"/>
		<immunity ice="1"/>
		<immunity drunk="1"/>
		<immunity invisible="1"/>
	</immunities>
</monster>
