<?xml version="1.0" encoding="UTF-8"?>
<monster name="Elder Bonelord" nameDescription="an elder bonelord" race="venom" experience="280" speed="170" manacost="0">
	<health now="500" max="500"/>
	<look type="108" corpse="6037"/>
	<targetchange interval="2000" chance="5"/>
	<strategy attack="100" defense="0"/>
	<flags>
		<flag summonable="0"/>
		<flag attackable="1"/>
		<flag hostile="1"/>
		<flag illusionable="1"/>
		<flag convinceable="0"/>
		<flag pushable="0"/>
		<flag canpushitems="1"/>
		<flag canpushcreatures="0"/>
		<flag targetdistance="4"/>
		<flag staticattack="90"/>
		<flag runonhealth="0"/>
	</flags>
	<attacks>
		<attack name="melee" interval="2000" skill="10" attack="50"/>
		<attack name="energy" interval="2000" chance="7" range="7" min="-45" max="-75">
			<attribute key="shootEffect" value="energy"/>
		</attack>
		<attack name="fire" interval="2000" chance="7" range="7" min="-60" max="-80">
			<attribute key="shootEffect" value="fire"/>
		</attack>
		<attack name="death" interval="2000" chance="8" range="7" min="-70" max="-90">
			<attribute key="shootEffect" value="death"/>
			<attribute key="areaEffect" value="mortarea"/>
		</attack>
		<attack name="poison" interval="2000" chance="8" range="7" min="-30" max="-70">
			<attribute key="shootEffect" value="poison"/>
		</attack>
		<attack name="lifedrain" interval="2000" chance="6" range="7" min="-75" max="-85">
			<attribute key="areaEffect" value="redshimmer"/>
		</attack>
		<attack name="manadrain" interval="2000" chance="5" range="7" min="-20" max="-40">
			<attribute key="areaEffect" value="redshimmer"/>
		</attack>
		<attack name="elder bonelord paralyze" interval="2000" chance="10" range="7"/>
	</attacks>
	<defenses armor="13" defense="26"/>
	<elements>
		<element energyPercent="20"/>
		<element icePercent="30"/>
		<element deathPercent="30"/>
		<element firePercent="-10"/>
	</elements>
	<immunities>
		<immunity lifedrain="1"/>
		<immunity earth="1"/>
		<immunity invisible="1"/>
	</immunities>
	<summons maxSummons="6">
		<summon name="Gazer" interval="2000" chance="13" max="6"/>
		<summon name="Crypt Shambler" interval="2000" chance="11" max="6"/>
	</summons>
	<voices interval="2000" chance="5">
		<voice sentence="Let me take a look at you!"/>
		<voice sentence="Inferior creatures, bow before my power!"/>
		<voice sentence="659978 54764!"/>
		<voice sentence="653768764!"/>
	</voices>
	<loot>
		<item id="2148" countmax="87" chance="99490"/><!-- gold coin -->
		<item id="11193" chance="20840"/><!-- elder bonelord tentacle -->
		<item id="12468" chance="10300"/><!-- small flask of eyedrops -->
		<item id="2175" chance="870"/><!-- spellbook -->
		<item id="2509" chance="2320"/><!-- steel shield -->
		<item id="11197" chance="870"/><!-- giant eye -->
		<item id="2377" chance="2730"/><!-- two handed sword -->
		<item id="7364" countmax="4" chance="8980"/><!-- sniper arrow -->
		<item id="7589" chance="850"/><!-- strong mana potion -->
		<item id="2518" chance="90"/><!-- beholder shield -->
		<item id="3972" chance="160"/><!-- beholder helmet -->
	</loot>
</monster>
