<?xml version="1.0" encoding="UTF-8"?>
<monster name="Undead Cavebear" nameDescription="an undead cavebear" race="undead" experience="600" speed="218" manacost="0">
	<health now="450" max="450"/>
	<look type="384" corpse="13323"/>
	<targetchange interval="5000" chance="8"/>
	<strategy attack="100" defense="0"/>
	<flags>
		<flag summonable="0"/>
		<flag attackable="1"/>
		<flag hostile="1"/>
		<flag illusionable="0"/>
		<flag convinceable="0"/>
		<flag pushable="0"/>
		<flag canpushitems="1"/>
		<flag canpushcreatures="1"/>
		<flag targetdistance="1"/>
		<flag staticattack="90"/>
		<flag runonhealth="0"/>
	</flags>
	<attacks>
		<attack name="melee" interval="2000" skill="50" attack="50"/>
		<attack name="death" interval="2000" chance="16" range="2" radius="1" target="1" min="-95" max="-135">
			<attribute key="areaEffect" value="mortarea"/>
		</attack>
		<attack name="lifedrain" interval="2000" chance="14" range="1" radius="3" target="0" min="-30" max="-50">
			<attribute key="areaEffect" value="redshimmer"/>
		</attack>
		<attack name="undead cavebear curse" interval="2000" chance="10"/>
		<attack name="poisoncondition" interval="2000" chance="12" length="5" spread="0" min="-60" max="-100">
			<attribute key="areaEffect" value="poison"/>
		</attack>
	</attacks>
	<defenses armor="23" defense="27"/>
	<elements>
		<element holyPercent="-12"/>
	</elements>
	<immunities>
		<immunity death="1"/>
		<immunity earth="1"/>
		<immunity paralyze="1"/>
		<immunity invisible="1"/>
		<immunity lifedrain="1"/>
	</immunities>
	<voices interval="2000" chance="5">
		<voice sentence="Grrrrrrrrrrrr"/>
		<voice sentence="Groooowl"/>
	</voices>
	<loot>
		<item id="2148" countmax="84" chance="31370"/> <!-- gold coin -->
		<item id="13303" chance="1960"/> <!-- cavebear skull -->
		<item id="13302" chance="9800"/> <!-- maxilla -->
		<item id="7618" chance="1960"/><!-- health potion -->
	</loot>
</monster>
